lake,core_depth_id,age_ce,amd_clusts,observed_richness,rarefied_richness,diat_observed,chiro_observed,diat_rarefied,chiro_rarefied,diat_count,chiro_count
Azul,AZ11_02_144_8,1281.5,CTS4,40,32.3,38,4,28.4,3.9,420,34
Azul,AZ11_02_144_8,1281.5,CTS4,40,32.3,38,4,28.4,3.9,420,34
Azul,AZ11_02_144_8,1281.5,CTS4,40,32.3,38,4,28.4,3.9,420,34
Azul,AZ11_02_144_8,1281.5,CTS4,40,32.3,38,4,28.4,3.9,420,34
Azul,AZ11_02_144_8,1281.5,CTS4,40,32.3,38,4,28.4,3.9,420,34
Azul,AZ11_02_144_8,1281.5,CTS4,40,32.3,38,4,28.4,3.9,420,34
Azul,AZ11_02_144_8,1281.5,CTS4,40,32.3,38,4,28.4,3.9,420,34
Azul,AZ11_02_144_8,1281.5,CTS4,40,32.3,38,4,28.4,3.9,420,34
Azul,AZ11_02_142_8,1283.4,CTS4,42,NA,42,3,34.3,NA,411,6
Azul,AZ11_02_142_8,1283.4,CTS4,42,NA,42,3,34.3,NA,411,6
Azul,AZ11_02_142_8,1283.4,CTS4,42,NA,42,3,34.3,NA,411,6
Azul,AZ11_02_142_8,1283.4,CTS4,42,NA,42,3,34.3,NA,411,6
Azul,AZ11_02_142_8,1283.4,CTS4,42,NA,42,3,34.3,NA,411,6
Azul,AZ11_02_142_8,1283.4,CTS4,42,NA,42,3,34.3,NA,411,6
Azul,AZ11_02_142_8,1283.4,CTS4,42,NA,42,3,34.3,NA,411,6
Azul,AZ11_02_142_8,1283.4,CTS4,42,NA,42,3,34.3,NA,411,6
Azul,AZ11_02_140_8,1285.2,CTS4,52,41.1,49,4,37.5,3.6,404,32
Azul,AZ11_02_140_8,1285.2,CTS4,52,41.1,49,4,37.5,3.6,404,32
Azul,AZ11_02_140_8,1285.2,CTS4,52,41.1,49,4,37.5,3.6,404,32
Azul,AZ11_02_140_8,1285.2,CTS4,52,41.1,49,4,37.5,3.6,404,32
Azul,AZ11_02_140_8,1285.2,CTS4,52,41.1,49,4,37.5,3.6,404,32
Azul,AZ11_02_140_8,1285.2,CTS4,52,41.1,49,4,37.5,3.6,404,32
Azul,AZ11_02_140_8,1285.2,CTS4,52,41.1,49,4,37.5,3.6,404,32
Azul,AZ11_02_140_8,1285.2,CTS4,52,41.1,49,4,37.5,3.6,404,32
Azul,AZ11_02_138_8,1287,CTS4,41,35.1,37,6,30.3,4.8,405,36
Azul,AZ11_02_138_8,1287,CTS4,41,35.1,37,6,30.3,4.8,405,36
Azul,AZ11_02_138_8,1287,CTS4,41,35.1,37,6,30.3,4.8,405,36
Azul,AZ11_02_138_8,1287,CTS4,41,35.1,37,6,30.3,4.8,405,36
Azul,AZ11_02_138_8,1287,CTS4,41,35.1,37,6,30.3,4.8,405,36
Azul,AZ11_02_138_8,1287,CTS4,41,35.1,37,6,30.3,4.8,405,36
Azul,AZ11_02_138_8,1287,CTS4,41,35.1,37,6,30.3,4.8,405,36
Azul,AZ11_02_138_8,1287,CTS4,41,35.1,37,6,30.3,4.8,405,36
Azul,AZ11_02_136_8,1288.8,CTS4,55,43.7,55,3,40.7,3,414,16
Azul,AZ11_02_136_8,1288.8,CTS4,55,43.7,55,3,40.7,3,414,16
Azul,AZ11_02_136_8,1288.8,CTS4,55,43.7,55,3,40.7,3,414,16
Azul,AZ11_02_136_8,1288.8,CTS4,55,43.7,55,3,40.7,3,414,16
Azul,AZ11_02_136_8,1288.8,CTS4,55,43.7,55,3,40.7,3,414,16
Azul,AZ11_02_136_8,1288.8,CTS4,55,43.7,55,3,40.7,3,414,16
Azul,AZ11_02_136_8,1288.8,CTS4,55,43.7,55,3,40.7,3,414,16
Azul,AZ11_02_136_8,1288.8,CTS4,55,43.7,55,3,40.7,3,414,16
Azul,AZ11_02_134_8,1290.6,CTS4,72,59.7,71,4,55.7,4,413,10
Azul,AZ11_02_134_8,1290.6,CTS4,72,59.7,71,4,55.7,4,413,10
Azul,AZ11_02_134_8,1290.6,CTS4,72,59.7,71,4,55.7,4,413,10
Azul,AZ11_02_134_8,1290.6,CTS4,72,59.7,71,4,55.7,4,413,10
Azul,AZ11_02_134_8,1290.6,CTS4,72,59.7,71,4,55.7,4,413,10
Azul,AZ11_02_134_8,1290.6,CTS4,72,59.7,71,4,55.7,4,413,10
Azul,AZ11_02_134_8,1290.6,CTS4,72,59.7,71,4,55.7,4,413,10
Azul,AZ11_02_134_8,1290.6,CTS4,72,59.7,71,4,55.7,4,413,10
Azul,AZ11_02_132_8,1292.5,CTS4,44,36.1,41,5,32,4.1,407,34
Azul,AZ11_02_132_8,1292.5,CTS4,44,36.1,41,5,32,4.1,407,34
Azul,AZ11_02_132_8,1292.5,CTS4,44,36.1,41,5,32,4.1,407,34
Azul,AZ11_02_132_8,1292.5,CTS4,44,36.1,41,5,32,4.1,407,34
Azul,AZ11_02_132_8,1292.5,CTS4,44,36.1,41,5,32,4.1,407,34
Azul,AZ11_02_132_8,1292.5,CTS4,44,36.1,41,5,32,4.1,407,34
Azul,AZ11_02_132_8,1292.5,CTS4,44,36.1,41,5,32,4.1,407,34
Azul,AZ11_02_132_8,1292.5,CTS4,44,36.1,41,5,32,4.1,407,34
Azul,AZ11_02_130_8,1294.3,CTS4,33,25.1,26,9,19.5,5.6,410,80
Azul,AZ11_02_130_8,1294.3,CTS4,33,25.1,26,9,19.5,5.6,410,80
Azul,AZ11_02_130_8,1294.3,CTS4,33,25.1,26,9,19.5,5.6,410,80
Azul,AZ11_02_130_8,1294.3,CTS4,33,25.1,26,9,19.5,5.6,410,80
Azul,AZ11_02_130_8,1294.3,CTS4,33,25.1,26,9,19.5,5.6,410,80
Azul,AZ11_02_130_8,1294.3,CTS4,33,25.1,26,9,19.5,5.6,410,80
Azul,AZ11_02_130_8,1294.3,CTS4,33,25.1,26,9,19.5,5.6,410,80
Azul,AZ11_02_130_8,1294.3,CTS4,33,25.1,26,9,19.5,5.6,410,80
Azul,AZ11_02_128_8,1296.1,CTS4,43,34.8,40,5,31.3,3.5,422,62
Azul,AZ11_02_128_8,1296.1,CTS4,43,34.8,40,5,31.3,3.5,422,62
Azul,AZ11_02_128_8,1296.1,CTS4,43,34.8,40,5,31.3,3.5,422,62
Azul,AZ11_02_128_8,1296.1,CTS4,43,34.8,40,5,31.3,3.5,422,62
Azul,AZ11_02_128_8,1296.1,CTS4,43,34.8,40,5,31.3,3.5,422,62
Azul,AZ11_02_128_8,1296.1,CTS4,43,34.8,40,5,31.3,3.5,422,62
Azul,AZ11_02_128_8,1296.1,CTS4,43,34.8,40,5,31.3,3.5,422,62
Azul,AZ11_02_128_8,1296.1,CTS4,43,34.8,40,5,31.3,3.5,422,62
Azul,AZ11_02_126_8,1297.9,CTS4,22,18.1,19,5,14,4.1,439,62
Azul,AZ11_02_126_8,1297.9,CTS4,22,18.1,19,5,14,4.1,439,62
Azul,AZ11_02_126_8,1297.9,CTS4,22,18.1,19,5,14,4.1,439,62
Azul,AZ11_02_126_8,1297.9,CTS4,22,18.1,19,5,14,4.1,439,62
Azul,AZ11_02_126_8,1297.9,CTS4,22,18.1,19,5,14,4.1,439,62
Azul,AZ11_02_126_8,1297.9,CTS4,22,18.1,19,5,14,4.1,439,62
Azul,AZ11_02_126_8,1297.9,CTS4,22,18.1,19,5,14,4.1,439,62
Azul,AZ11_02_126_8,1297.9,CTS4,22,18.1,19,5,14,4.1,439,62
Azul,AZ11_02_124_8,1299.7,CTS4,41,31.7,37,6,27.4,4.3,421,54
Azul,AZ11_02_124_8,1299.7,CTS4,41,31.7,37,6,27.4,4.3,421,54
Azul,AZ11_02_124_8,1299.7,CTS4,41,31.7,37,6,27.4,4.3,421,54
Azul,AZ11_02_124_8,1299.7,CTS4,41,31.7,37,6,27.4,4.3,421,54
Azul,AZ11_02_124_8,1299.7,CTS4,41,31.7,37,6,27.4,4.3,421,54
Azul,AZ11_02_124_8,1299.7,CTS4,41,31.7,37,6,27.4,4.3,421,54
Azul,AZ11_02_124_8,1299.7,CTS4,41,31.7,37,6,27.4,4.3,421,54
Azul,AZ11_02_124_8,1299.7,CTS4,41,31.7,37,6,27.4,4.3,421,54
Azul,AZ11_02_122_8,1301.5700000000002,CTS4,38,33.1,33,7,27.7,5.4,414,40
Azul,AZ11_02_122_8,1301.5700000000002,CTS4,38,33.1,33,7,27.7,5.4,414,40
Azul,AZ11_02_122_8,1301.5700000000002,CTS4,38,33.1,33,7,27.7,5.4,414,40
Azul,AZ11_02_122_8,1301.5700000000002,CTS4,38,33.1,33,7,27.7,5.4,414,40
Azul,AZ11_02_122_8,1301.5700000000002,CTS4,38,33.1,33,7,27.7,5.4,414,40
Azul,AZ11_02_122_8,1301.5700000000002,CTS4,38,33.1,33,7,27.7,5.4,414,40
Azul,AZ11_02_122_8,1301.5700000000002,CTS4,38,33.1,33,7,27.7,5.4,414,40
Azul,AZ11_02_122_8,1301.5700000000002,CTS4,38,33.1,33,7,27.7,5.4,414,40
Azul,AZ11_02_121_8,1311.27,CTS4,34,26,27,8,21.2,4.8,418,50
Azul,AZ11_02_121_8,1311.27,CTS4,34,26,27,8,21.2,4.8,418,50
Azul,AZ11_02_121_8,1311.27,CTS4,34,26,27,8,21.2,4.8,418,50
Azul,AZ11_02_121_8,1311.27,CTS4,34,26,27,8,21.2,4.8,418,50
Azul,AZ11_02_121_8,1311.27,CTS4,34,26,27,8,21.2,4.8,418,50
Azul,AZ11_02_121_8,1311.27,CTS4,34,26,27,8,21.2,4.8,418,50
Azul,AZ11_02_121_8,1311.27,CTS4,34,26,27,8,21.2,4.8,418,50
Azul,AZ11_02_121_8,1311.27,CTS4,34,26,27,8,21.2,4.8,418,50
Azul,AZ11_02_120_8,1320.99,CTS4,37,30.5,33,6,26.2,4.3,420,56
Azul,AZ11_02_120_8,1320.99,CTS4,37,30.5,33,6,26.2,4.3,420,56
Azul,AZ11_02_120_8,1320.99,CTS4,37,30.5,33,6,26.2,4.3,420,56
Azul,AZ11_02_120_8,1320.99,CTS4,37,30.5,33,6,26.2,4.3,420,56
Azul,AZ11_02_120_8,1320.99,CTS4,37,30.5,33,6,26.2,4.3,420,56
Azul,AZ11_02_120_8,1320.99,CTS4,37,30.5,33,6,26.2,4.3,420,56
Azul,AZ11_02_120_8,1320.99,CTS4,37,30.5,33,6,26.2,4.3,420,56
Azul,AZ11_02_120_8,1320.99,CTS4,37,30.5,33,6,26.2,4.3,420,56
Azul,AZ11_02_119_8,1330.75,CTS4,51,36.4,42,10,32.1,4.3,414,78
Azul,AZ11_02_119_8,1330.75,CTS4,51,36.4,42,10,32.1,4.3,414,78
Azul,AZ11_02_119_8,1330.75,CTS4,51,36.4,42,10,32.1,4.3,414,78
Azul,AZ11_02_119_8,1330.75,CTS4,51,36.4,42,10,32.1,4.3,414,78
Azul,AZ11_02_119_8,1330.75,CTS4,51,36.4,42,10,32.1,4.3,414,78
Azul,AZ11_02_119_8,1330.75,CTS4,51,36.4,42,10,32.1,4.3,414,78
Azul,AZ11_02_119_8,1330.75,CTS4,51,36.4,42,10,32.1,4.3,414,78
Azul,AZ11_02_119_8,1330.75,CTS4,51,36.4,42,10,32.1,4.3,414,78
Azul,AZ11_02_118_8,1340.5700000000002,CTS4,54,43.800000000000004,49,7,38.7,5.1,433,88
Azul,AZ11_02_118_8,1340.5700000000002,CTS4,54,43.800000000000004,49,7,38.7,5.1,433,88
Azul,AZ11_02_118_8,1340.5700000000002,CTS4,54,43.800000000000004,49,7,38.7,5.1,433,88
Azul,AZ11_02_118_8,1340.5700000000002,CTS4,54,43.800000000000004,49,7,38.7,5.1,433,88
Azul,AZ11_02_118_8,1340.5700000000002,CTS4,54,43.800000000000004,49,7,38.7,5.1,433,88
Azul,AZ11_02_118_8,1340.5700000000002,CTS4,54,43.800000000000004,49,7,38.7,5.1,433,88
Azul,AZ11_02_118_8,1340.5700000000002,CTS4,54,43.800000000000004,49,7,38.7,5.1,433,88
Azul,AZ11_02_118_8,1340.5700000000002,CTS4,54,43.800000000000004,49,7,38.7,5.1,433,88
Azul,AZ11_02_116_8,1360.5,CTS4,43,36.3,40,5,32.3,4,426,58
Azul,AZ11_02_116_8,1360.5,CTS4,43,36.3,40,5,32.3,4,426,58
Azul,AZ11_02_116_8,1360.5,CTS4,43,36.3,40,5,32.3,4,426,58
Azul,AZ11_02_116_8,1360.5,CTS4,43,36.3,40,5,32.3,4,426,58
Azul,AZ11_02_116_8,1360.5,CTS4,43,36.3,40,5,32.3,4,426,58
Azul,AZ11_02_116_8,1360.5,CTS4,43,36.3,40,5,32.3,4,426,58
Azul,AZ11_02_116_8,1360.5,CTS4,43,36.3,40,5,32.3,4,426,58
Azul,AZ11_02_116_8,1360.5,CTS4,43,36.3,40,5,32.3,4,426,58
Azul,AZ11_02_115_8,1370.65,CTS4,49,39,45,6,34.8,4.2,412,44
Azul,AZ11_02_115_8,1370.65,CTS4,49,39,45,6,34.8,4.2,412,44
Azul,AZ11_02_115_8,1370.65,CTS4,49,39,45,6,34.8,4.2,412,44
Azul,AZ11_02_115_8,1370.65,CTS4,49,39,45,6,34.8,4.2,412,44
Azul,AZ11_02_115_8,1370.65,CTS4,49,39,45,6,34.8,4.2,412,44
Azul,AZ11_02_115_8,1370.65,CTS4,49,39,45,6,34.8,4.2,412,44
Azul,AZ11_02_115_8,1370.65,CTS4,49,39,45,6,34.8,4.2,412,44
Azul,AZ11_02_115_8,1370.65,CTS4,49,39,45,6,34.8,4.2,412,44
Azul,AZ11_02_114_8,1380.95,CTS5,67,NA,66,2,53.5,NA,412,2
Azul,AZ11_02_114_8,1380.95,CTS5,67,NA,66,2,53.5,NA,412,2
Azul,AZ11_02_114_8,1380.95,CTS5,67,NA,66,2,53.5,NA,412,2
Azul,AZ11_02_114_8,1380.95,CTS5,67,NA,66,2,53.5,NA,412,2
Azul,AZ11_02_114_8,1380.95,CTS5,67,NA,66,2,53.5,NA,412,2
Azul,AZ11_02_114_8,1380.95,CTS5,67,NA,66,2,53.5,NA,412,2
Azul,AZ11_02_114_8,1380.95,CTS5,67,NA,66,2,53.5,NA,412,2
Azul,AZ11_02_114_8,1380.95,CTS5,67,NA,66,2,53.5,NA,412,2
Azul,AZ11_02_112_8,1391.4299999999998,CTS4,67,NA,66,2,53.7,NA,409,2
Azul,AZ11_02_112_8,1391.4299999999998,CTS4,67,NA,66,2,53.7,NA,409,2
Azul,AZ11_02_112_8,1391.4299999999998,CTS4,67,NA,66,2,53.7,NA,409,2
Azul,AZ11_02_112_8,1391.4299999999998,CTS4,67,NA,66,2,53.7,NA,409,2
Azul,AZ11_02_112_8,1391.4299999999998,CTS4,67,NA,66,2,53.7,NA,409,2
Azul,AZ11_02_112_8,1391.4299999999998,CTS4,67,NA,66,2,53.7,NA,409,2
Azul,AZ11_02_112_8,1391.4299999999998,CTS4,67,NA,66,2,53.7,NA,409,2
Azul,AZ11_02_112_8,1391.4299999999998,CTS4,67,NA,66,2,53.7,NA,409,2
Azul,AZ11_02_110_8,1413,CTS4,42,34,41,3,31,3,409,24
Azul,AZ11_02_110_8,1413,CTS4,42,34,41,3,31,3,409,24
Azul,AZ11_02_110_8,1413,CTS4,42,34,41,3,31,3,409,24
Azul,AZ11_02_110_8,1413,CTS4,42,34,41,3,31,3,409,24
Azul,AZ11_02_110_8,1413,CTS4,42,34,41,3,31,3,409,24
Azul,AZ11_02_110_8,1413,CTS4,42,34,41,3,31,3,409,24
Azul,AZ11_02_110_8,1413,CTS4,42,34,41,3,31,3,409,24
Azul,AZ11_02_110_8,1413,CTS4,42,34,41,3,31,3,409,24
Azul,AZ11_02_109_8,1424.14,CTS4,37,29.5,33,6,25.4,4.1,435,48
Azul,AZ11_02_109_8,1424.14,CTS4,37,29.5,33,6,25.4,4.1,435,48
Azul,AZ11_02_109_8,1424.14,CTS4,37,29.5,33,6,25.4,4.1,435,48
Azul,AZ11_02_109_8,1424.14,CTS4,37,29.5,33,6,25.4,4.1,435,48
Azul,AZ11_02_109_8,1424.14,CTS4,37,29.5,33,6,25.4,4.1,435,48
Azul,AZ11_02_109_8,1424.14,CTS4,37,29.5,33,6,25.4,4.1,435,48
Azul,AZ11_02_109_8,1424.14,CTS4,37,29.5,33,6,25.4,4.1,435,48
Azul,AZ11_02_109_8,1424.14,CTS4,37,29.5,33,6,25.4,4.1,435,48
Azul,AZ11_02_108_8,1435.54,CTS4,44,36.2,43,3,33.2,3,409,32
Azul,AZ11_02_108_8,1435.54,CTS4,44,36.2,43,3,33.2,3,409,32
Azul,AZ11_02_108_8,1435.54,CTS4,44,36.2,43,3,33.2,3,409,32
Azul,AZ11_02_108_8,1435.54,CTS4,44,36.2,43,3,33.2,3,409,32
Azul,AZ11_02_108_8,1435.54,CTS4,44,36.2,43,3,33.2,3,409,32
Azul,AZ11_02_108_8,1435.54,CTS4,44,36.2,43,3,33.2,3,409,32
Azul,AZ11_02_108_8,1435.54,CTS4,44,36.2,43,3,33.2,3,409,32
Azul,AZ11_02_108_8,1435.54,CTS4,44,36.2,43,3,33.2,3,409,32
Azul,AZ11_02_106_8,1459.22,CTS4,42,30.9,35,9,24.7,6.2,427,80
Azul,AZ11_02_106_8,1459.22,CTS4,42,30.9,35,9,24.7,6.2,427,80
Azul,AZ11_02_106_8,1459.22,CTS4,42,30.9,35,9,24.7,6.2,427,80
Azul,AZ11_02_106_8,1459.22,CTS4,42,30.9,35,9,24.7,6.2,427,80
Azul,AZ11_02_106_8,1459.22,CTS4,42,30.9,35,9,24.7,6.2,427,80
Azul,AZ11_02_106_8,1459.22,CTS4,42,30.9,35,9,24.7,6.2,427,80
Azul,AZ11_02_106_8,1459.22,CTS4,42,30.9,35,9,24.7,6.2,427,80
Azul,AZ11_02_106_8,1459.22,CTS4,42,30.9,35,9,24.7,6.2,427,80
Azul,AZ11_02_104_8,1484.22,CTS4,42,32.4,38,5,28.3,4.1,436,92
Azul,AZ11_02_104_8,1484.22,CTS4,42,32.4,38,5,28.3,4.1,436,92
Azul,AZ11_02_104_8,1484.22,CTS4,42,32.4,38,5,28.3,4.1,436,92
Azul,AZ11_02_104_8,1484.22,CTS4,42,32.4,38,5,28.3,4.1,436,92
Azul,AZ11_02_104_8,1484.22,CTS4,42,32.4,38,5,28.3,4.1,436,92
Azul,AZ11_02_104_8,1484.22,CTS4,42,32.4,38,5,28.3,4.1,436,92
Azul,AZ11_02_104_8,1484.22,CTS4,42,32.4,38,5,28.3,4.1,436,92
Azul,AZ11_02_104_8,1484.22,CTS4,42,32.4,38,5,28.3,4.1,436,92
Azul,AZ11_02_103_8,1497.27,CTS4,46,38.9,43,5,35,3.9,430,92
Azul,AZ11_02_103_8,1497.27,CTS4,46,38.9,43,5,35,3.9,430,92
Azul,AZ11_02_103_8,1497.27,CTS4,46,38.9,43,5,35,3.9,430,92
Azul,AZ11_02_103_8,1497.27,CTS4,46,38.9,43,5,35,3.9,430,92
Azul,AZ11_02_103_8,1497.27,CTS4,46,38.9,43,5,35,3.9,430,92
Azul,AZ11_02_103_8,1497.27,CTS4,46,38.9,43,5,35,3.9,430,92
Azul,AZ11_02_103_8,1497.27,CTS4,46,38.9,43,5,35,3.9,430,92
Azul,AZ11_02_103_8,1497.27,CTS4,46,38.9,43,5,35,3.9,430,92
Azul,AZ11_02_102_8,1510.72,CTS4,34,27.8,29,7,23.1,4.7,411,70
Azul,AZ11_02_102_8,1510.72,CTS4,34,27.8,29,7,23.1,4.7,411,70
Azul,AZ11_02_102_8,1510.72,CTS4,34,27.8,29,7,23.1,4.7,411,70
Azul,AZ11_02_102_8,1510.72,CTS4,34,27.8,29,7,23.1,4.7,411,70
Azul,AZ11_02_102_8,1510.72,CTS4,34,27.8,29,7,23.1,4.7,411,70
Azul,AZ11_02_102_8,1510.72,CTS4,34,27.8,29,7,23.1,4.7,411,70
Azul,AZ11_02_102_8,1510.72,CTS4,34,27.8,29,7,23.1,4.7,411,70
Azul,AZ11_02_102_8,1510.72,CTS4,34,27.8,29,7,23.1,4.7,411,70
Azul,AZ11_02_101_8,1524.58,CTS5,37,29.099999999999998,30,10,24.4,4.7,409,134
Azul,AZ11_02_101_8,1524.58,CTS5,37,29.099999999999998,30,10,24.4,4.7,409,134
Azul,AZ11_02_101_8,1524.58,CTS5,37,29.099999999999998,30,10,24.4,4.7,409,134
Azul,AZ11_02_101_8,1524.58,CTS5,37,29.099999999999998,30,10,24.4,4.7,409,134
Azul,AZ11_02_101_8,1524.58,CTS5,37,29.099999999999998,30,10,24.4,4.7,409,134
Azul,AZ11_02_101_8,1524.58,CTS5,37,29.099999999999998,30,10,24.4,4.7,409,134
Azul,AZ11_02_101_8,1524.58,CTS5,37,29.099999999999998,30,10,24.4,4.7,409,134
Azul,AZ11_02_101_8,1524.58,CTS5,37,29.099999999999998,30,10,24.4,4.7,409,134
Azul,AZ11_02_100_8,1538.89,CTS4,42,33.9,40,4,30.3,3.6,426,68
Azul,AZ11_02_100_8,1538.89,CTS4,42,33.9,40,4,30.3,3.6,426,68
Azul,AZ11_02_100_8,1538.89,CTS4,42,33.9,40,4,30.3,3.6,426,68
Azul,AZ11_02_100_8,1538.89,CTS4,42,33.9,40,4,30.3,3.6,426,68
Azul,AZ11_02_100_8,1538.89,CTS4,42,33.9,40,4,30.3,3.6,426,68
Azul,AZ11_02_100_8,1538.89,CTS4,42,33.9,40,4,30.3,3.6,426,68
Azul,AZ11_02_100_8,1538.89,CTS4,42,33.9,40,4,30.3,3.6,426,68
Azul,AZ11_02_100_8,1538.89,CTS4,42,33.9,40,4,30.3,3.6,426,68
Azul,AZ11_02_99_8,1553.66,CTS4,44,NA,43,3,32.5,NA,444,8
Azul,AZ11_02_99_8,1553.66,CTS4,44,NA,43,3,32.5,NA,444,8
Azul,AZ11_02_99_8,1553.66,CTS4,44,NA,43,3,32.5,NA,444,8
Azul,AZ11_02_99_8,1553.66,CTS4,44,NA,43,3,32.5,NA,444,8
Azul,AZ11_02_99_8,1553.66,CTS4,44,NA,43,3,32.5,NA,444,8
Azul,AZ11_02_99_8,1553.66,CTS4,44,NA,43,3,32.5,NA,444,8
Azul,AZ11_02_99_8,1553.66,CTS4,44,NA,43,3,32.5,NA,444,8
Azul,AZ11_02_99_8,1553.66,CTS4,44,NA,43,3,32.5,NA,444,8
Azul,AZ11_02_98_8,1568.91,CTS4,60,48.6,56,6,43.2,5.4,409,28
Azul,AZ11_02_98_8,1568.91,CTS4,60,48.6,56,6,43.2,5.4,409,28
Azul,AZ11_02_98_8,1568.91,CTS4,60,48.6,56,6,43.2,5.4,409,28
Azul,AZ11_02_98_8,1568.91,CTS4,60,48.6,56,6,43.2,5.4,409,28
Azul,AZ11_02_98_8,1568.91,CTS4,60,48.6,56,6,43.2,5.4,409,28
Azul,AZ11_02_98_8,1568.91,CTS4,60,48.6,56,6,43.2,5.4,409,28
Azul,AZ11_02_98_8,1568.91,CTS4,60,48.6,56,6,43.2,5.4,409,28
Azul,AZ11_02_98_8,1568.91,CTS4,60,48.6,56,6,43.2,5.4,409,28
Azul,AZ11_02_97_8,1584.67,CTS4,56,44.6,52,5,40,4.6,410,20
Azul,AZ11_02_97_8,1584.67,CTS4,56,44.6,52,5,40,4.6,410,20
Azul,AZ11_02_97_8,1584.67,CTS4,56,44.6,52,5,40,4.6,410,20
Azul,AZ11_02_97_8,1584.67,CTS4,56,44.6,52,5,40,4.6,410,20
Azul,AZ11_02_97_8,1584.67,CTS4,56,44.6,52,5,40,4.6,410,20
Azul,AZ11_02_97_8,1584.67,CTS4,56,44.6,52,5,40,4.6,410,20
Azul,AZ11_02_97_8,1584.67,CTS4,56,44.6,52,5,40,4.6,410,20
Azul,AZ11_02_97_8,1584.67,CTS4,56,44.6,52,5,40,4.6,410,20
Azul,AZ11_02_95_8,1617.59,CTS5,65,50.900000000000006,61,5,46.2,4.7,455,16
Azul,AZ11_02_95_8,1617.59,CTS5,65,50.900000000000006,61,5,46.2,4.7,455,16
Azul,AZ11_02_95_8,1617.59,CTS5,65,50.900000000000006,61,5,46.2,4.7,455,16
Azul,AZ11_02_95_8,1617.59,CTS5,65,50.900000000000006,61,5,46.2,4.7,455,16
Azul,AZ11_02_95_8,1617.59,CTS5,65,50.900000000000006,61,5,46.2,4.7,455,16
Azul,AZ11_02_95_8,1617.59,CTS5,65,50.900000000000006,61,5,46.2,4.7,455,16
Azul,AZ11_02_95_8,1617.59,CTS5,65,50.900000000000006,61,5,46.2,4.7,455,16
Azul,AZ11_02_95_8,1617.59,CTS5,65,50.900000000000006,61,5,46.2,4.7,455,16
Azul,AZ11_02_94_8,1634.52,CTS5,56,NA,53,5,39.5,NA,411,8
Azul,AZ11_02_94_8,1634.52,CTS5,56,NA,53,5,39.5,NA,411,8
Azul,AZ11_02_94_8,1634.52,CTS5,56,NA,53,5,39.5,NA,411,8
Azul,AZ11_02_94_8,1634.52,CTS5,56,NA,53,5,39.5,NA,411,8
Azul,AZ11_02_94_8,1634.52,CTS5,56,NA,53,5,39.5,NA,411,8
Azul,AZ11_02_94_8,1634.52,CTS5,56,NA,53,5,39.5,NA,411,8
Azul,AZ11_02_94_8,1634.52,CTS5,56,NA,53,5,39.5,NA,411,8
Azul,AZ11_02_94_8,1634.52,CTS5,56,NA,53,5,39.5,NA,411,8
Azul,AZ11_02_93_8,1651.59,CTS5,42,33,40,3,30,3,410,18
Azul,AZ11_02_93_8,1651.59,CTS5,42,33,40,3,30,3,410,18
Azul,AZ11_02_93_8,1651.59,CTS5,42,33,40,3,30,3,410,18
Azul,AZ11_02_93_8,1651.59,CTS5,42,33,40,3,30,3,410,18
Azul,AZ11_02_93_8,1651.59,CTS5,42,33,40,3,30,3,410,18
Azul,AZ11_02_93_8,1651.59,CTS5,42,33,40,3,30,3,410,18
Azul,AZ11_02_93_8,1651.59,CTS5,42,33,40,3,30,3,410,18
Azul,AZ11_02_93_8,1651.59,CTS5,42,33,40,3,30,3,410,18
Azul,AZ11_02_92_8,1653.14,CTS5,39,32.4,36,5,27.7,4.7,406,70
Azul,AZ11_02_92_8,1653.14,CTS5,39,32.4,36,5,27.7,4.7,406,70
Azul,AZ11_02_92_8,1653.14,CTS5,39,32.4,36,5,27.7,4.7,406,70
Azul,AZ11_02_92_8,1653.14,CTS5,39,32.4,36,5,27.7,4.7,406,70
Azul,AZ11_02_92_8,1653.14,CTS5,39,32.4,36,5,27.7,4.7,406,70
Azul,AZ11_02_92_8,1653.14,CTS5,39,32.4,36,5,27.7,4.7,406,70
Azul,AZ11_02_92_8,1653.14,CTS5,39,32.4,36,5,27.7,4.7,406,70
Azul,AZ11_02_92_8,1653.14,CTS5,39,32.4,36,5,27.7,4.7,406,70
Azul,AZ11_02_91_8,1668.66,CTS5,56,45.2,53,6,40.2,5,423,60
Azul,AZ11_02_91_8,1668.66,CTS5,56,45.2,53,6,40.2,5,423,60
Azul,AZ11_02_91_8,1668.66,CTS5,56,45.2,53,6,40.2,5,423,60
Azul,AZ11_02_91_8,1668.66,CTS5,56,45.2,53,6,40.2,5,423,60
Azul,AZ11_02_91_8,1668.66,CTS5,56,45.2,53,6,40.2,5,423,60
Azul,AZ11_02_91_8,1668.66,CTS5,56,45.2,53,6,40.2,5,423,60
Azul,AZ11_02_91_8,1668.66,CTS5,56,45.2,53,6,40.2,5,423,60
Azul,AZ11_02_91_8,1668.66,CTS5,56,45.2,53,6,40.2,5,423,60
Azul,AZ11_02_90_8,1685.61,CTS4,41,34.4,34,9,29,5.4,404,104
Azul,AZ11_02_90_8,1685.61,CTS4,41,34.4,34,9,29,5.4,404,104
Azul,AZ11_02_90_8,1685.61,CTS4,41,34.4,34,9,29,5.4,404,104
Azul,AZ11_02_90_8,1685.61,CTS4,41,34.4,34,9,29,5.4,404,104
Azul,AZ11_02_90_8,1685.61,CTS4,41,34.4,34,9,29,5.4,404,104
Azul,AZ11_02_90_8,1685.61,CTS4,41,34.4,34,9,29,5.4,404,104
Azul,AZ11_02_90_8,1685.61,CTS4,41,34.4,34,9,29,5.4,404,104
Azul,AZ11_02_90_8,1685.61,CTS4,41,34.4,34,9,29,5.4,404,104
Azul,AZ11_02_89_8,1702.31,CTS5,53,41,46,8,36.4,4.6,404,50
Azul,AZ11_02_89_8,1702.31,CTS5,53,41,46,8,36.4,4.6,404,50
Azul,AZ11_02_89_8,1702.31,CTS5,53,41,46,8,36.4,4.6,404,50
Azul,AZ11_02_89_8,1702.31,CTS5,53,41,46,8,36.4,4.6,404,50
Azul,AZ11_02_89_8,1702.31,CTS5,53,41,46,8,36.4,4.6,404,50
Azul,AZ11_02_89_8,1702.31,CTS5,53,41,46,8,36.4,4.6,404,50
Azul,AZ11_02_89_8,1702.31,CTS5,53,41,46,8,36.4,4.6,404,50
Azul,AZ11_02_89_8,1702.31,CTS5,53,41,46,8,36.4,4.6,404,50
Azul,AZ11_02_88_8,1703.82,CTS5,47,35.4,43,5,31.1,4.3,432,118
Azul,AZ11_02_88_8,1703.82,CTS5,47,35.4,43,5,31.1,4.3,432,118
Azul,AZ11_02_88_8,1703.82,CTS5,47,35.4,43,5,31.1,4.3,432,118
Azul,AZ11_02_88_8,1703.82,CTS5,47,35.4,43,5,31.1,4.3,432,118
Azul,AZ11_02_88_8,1703.82,CTS5,47,35.4,43,5,31.1,4.3,432,118
Azul,AZ11_02_88_8,1703.82,CTS5,47,35.4,43,5,31.1,4.3,432,118
Azul,AZ11_02_88_8,1703.82,CTS5,47,35.4,43,5,31.1,4.3,432,118
Azul,AZ11_02_88_8,1703.82,CTS5,47,35.4,43,5,31.1,4.3,432,118
Azul,AZ11_02_86_8,1734.43,CTS5,47,36.1,40,8,31.1,5,420,38
Azul,AZ11_02_86_8,1734.43,CTS5,47,36.1,40,8,31.1,5,420,38
Azul,AZ11_02_86_8,1734.43,CTS5,47,36.1,40,8,31.1,5,420,38
Azul,AZ11_02_86_8,1734.43,CTS5,47,36.1,40,8,31.1,5,420,38
Azul,AZ11_02_86_8,1734.43,CTS5,47,36.1,40,8,31.1,5,420,38
Azul,AZ11_02_86_8,1734.43,CTS5,47,36.1,40,8,31.1,5,420,38
Azul,AZ11_02_86_8,1734.43,CTS5,47,36.1,40,8,31.1,5,420,38
Azul,AZ11_02_86_8,1734.43,CTS5,47,36.1,40,8,31.1,5,420,38
Azul,AZ11_02_84_8,1763.98,CTS4,37,30.1,35,4,26.8,3.3,406,60
Azul,AZ11_02_84_8,1763.98,CTS4,37,30.1,35,4,26.8,3.3,406,60
Azul,AZ11_02_84_8,1763.98,CTS4,37,30.1,35,4,26.8,3.3,406,60
Azul,AZ11_02_84_8,1763.98,CTS4,37,30.1,35,4,26.8,3.3,406,60
Azul,AZ11_02_84_8,1763.98,CTS4,37,30.1,35,4,26.8,3.3,406,60
Azul,AZ11_02_84_8,1763.98,CTS4,37,30.1,35,4,26.8,3.3,406,60
Azul,AZ11_02_84_8,1763.98,CTS4,37,30.1,35,4,26.8,3.3,406,60
Azul,AZ11_02_84_8,1763.98,CTS4,37,30.1,35,4,26.8,3.3,406,60
Azul,AZ11_02_82_8,1773.76,CTS5,69,56.6,67,3,53.6,3,408,10
Azul,AZ11_02_82_8,1773.76,CTS5,69,56.6,67,3,53.6,3,408,10
Azul,AZ11_02_82_8,1773.76,CTS5,69,56.6,67,3,53.6,3,408,10
Azul,AZ11_02_82_8,1773.76,CTS5,69,56.6,67,3,53.6,3,408,10
Azul,AZ11_02_82_8,1773.76,CTS5,69,56.6,67,3,53.6,3,408,10
Azul,AZ11_02_82_8,1773.76,CTS5,69,56.6,67,3,53.6,3,408,10
Azul,AZ11_02_82_8,1773.76,CTS5,69,56.6,67,3,53.6,3,408,10
Azul,AZ11_02_82_8,1773.76,CTS5,69,56.6,67,3,53.6,3,408,10
Azul,AZ11_02_80_8,1774.12,CTS4,69,NA,68,2,51.5,NA,421,6
Azul,AZ11_02_80_8,1774.12,CTS4,69,NA,68,2,51.5,NA,421,6
Azul,AZ11_02_80_8,1774.12,CTS4,69,NA,68,2,51.5,NA,421,6
Azul,AZ11_02_80_8,1774.12,CTS4,69,NA,68,2,51.5,NA,421,6
Azul,AZ11_02_80_8,1774.12,CTS4,69,NA,68,2,51.5,NA,421,6
Azul,AZ11_02_80_8,1774.12,CTS4,69,NA,68,2,51.5,NA,421,6
Azul,AZ11_02_80_8,1774.12,CTS4,69,NA,68,2,51.5,NA,421,6
Azul,AZ11_02_80_8,1774.12,CTS4,69,NA,68,2,51.5,NA,421,6
Azul,AZ11_02_79_8,1774.3,CTS4,59,NA,58,2,43.1,NA,415,2
Azul,AZ11_02_79_8,1774.3,CTS4,59,NA,58,2,43.1,NA,415,2
Azul,AZ11_02_79_8,1774.3,CTS4,59,NA,58,2,43.1,NA,415,2
Azul,AZ11_02_79_8,1774.3,CTS4,59,NA,58,2,43.1,NA,415,2
Azul,AZ11_02_79_8,1774.3,CTS4,59,NA,58,2,43.1,NA,415,2
Azul,AZ11_02_79_8,1774.3,CTS4,59,NA,58,2,43.1,NA,415,2
Azul,AZ11_02_79_8,1774.3,CTS4,59,NA,58,2,43.1,NA,415,2
Azul,AZ11_02_79_8,1774.3,CTS4,59,NA,58,2,43.1,NA,415,2
Azul,AZ11_02_78_8,1774.48,CTS5,72,NA,70,3,52.3,NA,410,6
Azul,AZ11_02_78_8,1774.48,CTS5,72,NA,70,3,52.3,NA,410,6
Azul,AZ11_02_78_8,1774.48,CTS5,72,NA,70,3,52.3,NA,410,6
Azul,AZ11_02_78_8,1774.48,CTS5,72,NA,70,3,52.3,NA,410,6
Azul,AZ11_02_78_8,1774.48,CTS5,72,NA,70,3,52.3,NA,410,6
Azul,AZ11_02_78_8,1774.48,CTS5,72,NA,70,3,52.3,NA,410,6
Azul,AZ11_02_78_8,1774.48,CTS5,72,NA,70,3,52.3,NA,410,6
Azul,AZ11_02_78_8,1774.48,CTS5,72,NA,70,3,52.3,NA,410,6
Azul,AZ11_02_76_8,1774.84,CTS3,53,NA,53,2,40.1,NA,408,2
Azul,AZ11_02_76_8,1774.84,CTS3,53,NA,53,2,40.1,NA,408,2
Azul,AZ11_02_76_8,1774.84,CTS3,53,NA,53,2,40.1,NA,408,2
Azul,AZ11_02_76_8,1774.84,CTS3,53,NA,53,2,40.1,NA,408,2
Azul,AZ11_02_76_8,1774.84,CTS3,53,NA,53,2,40.1,NA,408,2
Azul,AZ11_02_76_8,1774.84,CTS3,53,NA,53,2,40.1,NA,408,2
Azul,AZ11_02_76_8,1774.84,CTS3,53,NA,53,2,40.1,NA,408,2
Azul,AZ11_02_76_8,1774.84,CTS3,53,NA,53,2,40.1,NA,408,2
Azul,AZ11_02_75_8,1787.51,CTS5,55,43.2,50,6,39,4.2,423,38
Azul,AZ11_02_75_8,1787.51,CTS5,55,43.2,50,6,39,4.2,423,38
Azul,AZ11_02_75_8,1787.51,CTS5,55,43.2,50,6,39,4.2,423,38
Azul,AZ11_02_75_8,1787.51,CTS5,55,43.2,50,6,39,4.2,423,38
Azul,AZ11_02_75_8,1787.51,CTS5,55,43.2,50,6,39,4.2,423,38
Azul,AZ11_02_75_8,1787.51,CTS5,55,43.2,50,6,39,4.2,423,38
Azul,AZ11_02_75_8,1787.51,CTS5,55,43.2,50,6,39,4.2,423,38
Azul,AZ11_02_75_8,1787.51,CTS5,55,43.2,50,6,39,4.2,423,38
Azul,AZ11_02_74_8,1799.04,CTS4,48,34.4,40,10,29.7,4.7,410,254
Azul,AZ11_02_74_8,1799.04,CTS4,48,34.4,40,10,29.7,4.7,410,254
Azul,AZ11_02_74_8,1799.04,CTS4,48,34.4,40,10,29.7,4.7,410,254
Azul,AZ11_02_74_8,1799.04,CTS4,48,34.4,40,10,29.7,4.7,410,254
Azul,AZ11_02_74_8,1799.04,CTS4,48,34.4,40,10,29.7,4.7,410,254
Azul,AZ11_02_74_8,1799.04,CTS4,48,34.4,40,10,29.7,4.7,410,254
Azul,AZ11_02_74_8,1799.04,CTS4,48,34.4,40,10,29.7,4.7,410,254
Azul,AZ11_02_74_8,1799.04,CTS4,48,34.4,40,10,29.7,4.7,410,254
Azul,AZ11_02_73_8,1809.29,CTS5,44,34.3,37,8,29.2,5.1,433,112
Azul,AZ11_02_73_8,1809.29,CTS5,44,34.3,37,8,29.2,5.1,433,112
Azul,AZ11_02_73_8,1809.29,CTS5,44,34.3,37,8,29.2,5.1,433,112
Azul,AZ11_02_73_8,1809.29,CTS5,44,34.3,37,8,29.2,5.1,433,112
Azul,AZ11_02_73_8,1809.29,CTS5,44,34.3,37,8,29.2,5.1,433,112
Azul,AZ11_02_73_8,1809.29,CTS5,44,34.3,37,8,29.2,5.1,433,112
Azul,AZ11_02_73_8,1809.29,CTS5,44,34.3,37,8,29.2,5.1,433,112
Azul,AZ11_02_73_8,1809.29,CTS5,44,34.3,37,8,29.2,5.1,433,112
Azul,AZ11_02_72_8,1818.19,CTS5,49,37.9,45,7,33,4.9,412,120
Azul,AZ11_02_72_8,1818.19,CTS5,49,37.9,45,7,33,4.9,412,120
Azul,AZ11_02_72_8,1818.19,CTS5,49,37.9,45,7,33,4.9,412,120
Azul,AZ11_02_72_8,1818.19,CTS5,49,37.9,45,7,33,4.9,412,120
Azul,AZ11_02_72_8,1818.19,CTS5,49,37.9,45,7,33,4.9,412,120
Azul,AZ11_02_72_8,1818.19,CTS5,49,37.9,45,7,33,4.9,412,120
Azul,AZ11_02_72_8,1818.19,CTS5,49,37.9,45,7,33,4.9,412,120
Azul,AZ11_02_72_8,1818.19,CTS5,49,37.9,45,7,33,4.9,412,120
Azul,AZ11_02_71_8,1825.81,CTS4,53,39.9,46,8,35.1,4.8,405,58
Azul,AZ11_02_71_8,1825.81,CTS4,53,39.9,46,8,35.1,4.8,405,58
Azul,AZ11_02_71_8,1825.81,CTS4,53,39.9,46,8,35.1,4.8,405,58
Azul,AZ11_02_71_8,1825.81,CTS4,53,39.9,46,8,35.1,4.8,405,58
Azul,AZ11_02_71_8,1825.81,CTS4,53,39.9,46,8,35.1,4.8,405,58
Azul,AZ11_02_71_8,1825.81,CTS4,53,39.9,46,8,35.1,4.8,405,58
Azul,AZ11_02_71_8,1825.81,CTS4,53,39.9,46,8,35.1,4.8,405,58
Azul,AZ11_02_71_8,1825.81,CTS4,53,39.9,46,8,35.1,4.8,405,58
Azul,AZ11_02_70_8,1832.27,CTS4,50,33.800000000000004,44,7,29.6,4.2,455,42
Azul,AZ11_02_70_8,1832.27,CTS4,50,33.800000000000004,44,7,29.6,4.2,455,42
Azul,AZ11_02_70_8,1832.27,CTS4,50,33.800000000000004,44,7,29.6,4.2,455,42
Azul,AZ11_02_70_8,1832.27,CTS4,50,33.800000000000004,44,7,29.6,4.2,455,42
Azul,AZ11_02_70_8,1832.27,CTS4,50,33.800000000000004,44,7,29.6,4.2,455,42
Azul,AZ11_02_70_8,1832.27,CTS4,50,33.800000000000004,44,7,29.6,4.2,455,42
Azul,AZ11_02_70_8,1832.27,CTS4,50,33.800000000000004,44,7,29.6,4.2,455,42
Azul,AZ11_02_70_8,1832.27,CTS4,50,33.800000000000004,44,7,29.6,4.2,455,42
Azul,AZ11_02_69_8,1837.68,CTS4,49,36.2,43,7,30.6,5.6,482,38
Azul,AZ11_02_69_8,1837.68,CTS4,49,36.2,43,7,30.6,5.6,482,38
Azul,AZ11_02_69_8,1837.68,CTS4,49,36.2,43,7,30.6,5.6,482,38
Azul,AZ11_02_69_8,1837.68,CTS4,49,36.2,43,7,30.6,5.6,482,38
Azul,AZ11_02_69_8,1837.68,CTS4,49,36.2,43,7,30.6,5.6,482,38
Azul,AZ11_02_69_8,1837.68,CTS4,49,36.2,43,7,30.6,5.6,482,38
Azul,AZ11_02_69_8,1837.68,CTS4,49,36.2,43,7,30.6,5.6,482,38
Azul,AZ11_02_69_8,1837.68,CTS4,49,36.2,43,7,30.6,5.6,482,38
Azul,AZ11_02_68_8,1842.17,CTS4,40,32.9,39,4,29,3.9,420,42
Azul,AZ11_02_68_8,1842.17,CTS4,40,32.9,39,4,29,3.9,420,42
Azul,AZ11_02_68_8,1842.17,CTS4,40,32.9,39,4,29,3.9,420,42
Azul,AZ11_02_68_8,1842.17,CTS4,40,32.9,39,4,29,3.9,420,42
Azul,AZ11_02_68_8,1842.17,CTS4,40,32.9,39,4,29,3.9,420,42
Azul,AZ11_02_68_8,1842.17,CTS4,40,32.9,39,4,29,3.9,420,42
Azul,AZ11_02_68_8,1842.17,CTS4,40,32.9,39,4,29,3.9,420,42
Azul,AZ11_02_68_8,1842.17,CTS4,40,32.9,39,4,29,3.9,420,42
Azul,AZ11_02_67_8,1845.84,CTS5,41,31.7,37,5,27.4,4.3,476,40
Azul,AZ11_02_67_8,1845.84,CTS5,41,31.7,37,5,27.4,4.3,476,40
Azul,AZ11_02_67_8,1845.84,CTS5,41,31.7,37,5,27.4,4.3,476,40
Azul,AZ11_02_67_8,1845.84,CTS5,41,31.7,37,5,27.4,4.3,476,40
Azul,AZ11_02_67_8,1845.84,CTS5,41,31.7,37,5,27.4,4.3,476,40
Azul,AZ11_02_67_8,1845.84,CTS5,41,31.7,37,5,27.4,4.3,476,40
Azul,AZ11_02_67_8,1845.84,CTS5,41,31.7,37,5,27.4,4.3,476,40
Azul,AZ11_02_67_8,1845.84,CTS5,41,31.7,37,5,27.4,4.3,476,40
Azul,AZ11_02_66_8,1848.83,CTS4,48,36,44,5,31,5,444,12
Azul,AZ11_02_66_8,1848.83,CTS4,48,36,44,5,31,5,444,12
Azul,AZ11_02_66_8,1848.83,CTS4,48,36,44,5,31,5,444,12
Azul,AZ11_02_66_8,1848.83,CTS4,48,36,44,5,31,5,444,12
Azul,AZ11_02_66_8,1848.83,CTS4,48,36,44,5,31,5,444,12
Azul,AZ11_02_66_8,1848.83,CTS4,48,36,44,5,31,5,444,12
Azul,AZ11_02_66_8,1848.83,CTS4,48,36,44,5,31,5,444,12
Azul,AZ11_02_66_8,1848.83,CTS4,48,36,44,5,31,5,444,12
Azul,AZ11_02_65_8,1851.24,CTS4,35,27.9,33,3,25.2,2.7,415,22
Azul,AZ11_02_65_8,1851.24,CTS4,35,27.9,33,3,25.2,2.7,415,22
Azul,AZ11_02_65_8,1851.24,CTS4,35,27.9,33,3,25.2,2.7,415,22
Azul,AZ11_02_65_8,1851.24,CTS4,35,27.9,33,3,25.2,2.7,415,22
Azul,AZ11_02_65_8,1851.24,CTS4,35,27.9,33,3,25.2,2.7,415,22
Azul,AZ11_02_65_8,1851.24,CTS4,35,27.9,33,3,25.2,2.7,415,22
Azul,AZ11_02_65_8,1851.24,CTS4,35,27.9,33,3,25.2,2.7,415,22
Azul,AZ11_02_65_8,1851.24,CTS4,35,27.9,33,3,25.2,2.7,415,22
Azul,AZ11_02_64_8,1853.2,CTS4,49,37.3,45,6,32.9,4.4,408,28
Azul,AZ11_02_64_8,1853.2,CTS4,49,37.3,45,6,32.9,4.4,408,28
Azul,AZ11_02_64_8,1853.2,CTS4,49,37.3,45,6,32.9,4.4,408,28
Azul,AZ11_02_64_8,1853.2,CTS4,49,37.3,45,6,32.9,4.4,408,28
Azul,AZ11_02_64_8,1853.2,CTS4,49,37.3,45,6,32.9,4.4,408,28
Azul,AZ11_02_64_8,1853.2,CTS4,49,37.3,45,6,32.9,4.4,408,28
Azul,AZ11_02_64_8,1853.2,CTS4,49,37.3,45,6,32.9,4.4,408,28
Azul,AZ11_02_64_8,1853.2,CTS4,49,37.3,45,6,32.9,4.4,408,28
Azul,AZ11_02_63_8,1854.82,CTS4,46,38,41,6,33.4,4.6,409,30
Azul,AZ11_02_63_8,1854.82,CTS4,46,38,41,6,33.4,4.6,409,30
Azul,AZ11_02_63_8,1854.82,CTS4,46,38,41,6,33.4,4.6,409,30
Azul,AZ11_02_63_8,1854.82,CTS4,46,38,41,6,33.4,4.6,409,30
Azul,AZ11_02_63_8,1854.82,CTS4,46,38,41,6,33.4,4.6,409,30
Azul,AZ11_02_63_8,1854.82,CTS4,46,38,41,6,33.4,4.6,409,30
Azul,AZ11_02_63_8,1854.82,CTS4,46,38,41,6,33.4,4.6,409,30
Azul,AZ11_02_63_8,1854.82,CTS4,46,38,41,6,33.4,4.6,409,30
Azul,AZ11_02_62_8,1856.23,CTS4,47,35.7,42,6,31.1,4.6,469,26
Azul,AZ11_02_62_8,1856.23,CTS4,47,35.7,42,6,31.1,4.6,469,26
Azul,AZ11_02_62_8,1856.23,CTS4,47,35.7,42,6,31.1,4.6,469,26
Azul,AZ11_02_62_8,1856.23,CTS4,47,35.7,42,6,31.1,4.6,469,26
Azul,AZ11_02_62_8,1856.23,CTS4,47,35.7,42,6,31.1,4.6,469,26
Azul,AZ11_02_62_8,1856.23,CTS4,47,35.7,42,6,31.1,4.6,469,26
Azul,AZ11_02_62_8,1856.23,CTS4,47,35.7,42,6,31.1,4.6,469,26
Azul,AZ11_02_62_8,1856.23,CTS4,47,35.7,42,6,31.1,4.6,469,26
Azul,AZ11_02_61_8,1857.53,CTS4,45,34.8,40,6,29.5,5.3,422,20
Azul,AZ11_02_61_8,1857.53,CTS4,45,34.8,40,6,29.5,5.3,422,20
Azul,AZ11_02_61_8,1857.53,CTS4,45,34.8,40,6,29.5,5.3,422,20
Azul,AZ11_02_61_8,1857.53,CTS4,45,34.8,40,6,29.5,5.3,422,20
Azul,AZ11_02_61_8,1857.53,CTS4,45,34.8,40,6,29.5,5.3,422,20
Azul,AZ11_02_61_8,1857.53,CTS4,45,34.8,40,6,29.5,5.3,422,20
Azul,AZ11_02_61_8,1857.53,CTS4,45,34.8,40,6,29.5,5.3,422,20
Azul,AZ11_02_61_8,1857.53,CTS4,45,34.8,40,6,29.5,5.3,422,20
Azul,AZ11_02_60_8,1858.85,CTS1,37,30.6,32,6,25.6,5,414,44
Azul,AZ11_02_60_8,1858.85,CTS1,37,30.6,32,6,25.6,5,414,44
Azul,AZ11_02_60_8,1858.85,CTS1,37,30.6,32,6,25.6,5,414,44
Azul,AZ11_02_60_8,1858.85,CTS1,37,30.6,32,6,25.6,5,414,44
Azul,AZ11_02_60_8,1858.85,CTS1,37,30.6,32,6,25.6,5,414,44
Azul,AZ11_02_60_8,1858.85,CTS1,37,30.6,32,6,25.6,5,414,44
Azul,AZ11_02_60_8,1858.85,CTS1,37,30.6,32,6,25.6,5,414,44
Azul,AZ11_02_60_8,1858.85,CTS1,37,30.6,32,6,25.6,5,414,44
Azul,AZ11_02_59_8,1860.31,CTS5,43,35,38,6,29.4,5.6,404,16
Azul,AZ11_02_59_8,1860.31,CTS5,43,35,38,6,29.4,5.6,404,16
Azul,AZ11_02_59_8,1860.31,CTS5,43,35,38,6,29.4,5.6,404,16
Azul,AZ11_02_59_8,1860.31,CTS5,43,35,38,6,29.4,5.6,404,16
Azul,AZ11_02_59_8,1860.31,CTS5,43,35,38,6,29.4,5.6,404,16
Azul,AZ11_02_59_8,1860.31,CTS5,43,35,38,6,29.4,5.6,404,16
Azul,AZ11_02_59_8,1860.31,CTS5,43,35,38,6,29.4,5.6,404,16
Azul,AZ11_02_59_8,1860.31,CTS5,43,35,38,6,29.4,5.6,404,16
Azul,AZ11_02_58_8,1862.02,CTS4,39,32.6,35,5,28.1,4.5,404,20
Azul,AZ11_02_58_8,1862.02,CTS4,39,32.6,35,5,28.1,4.5,404,20
Azul,AZ11_02_58_8,1862.02,CTS4,39,32.6,35,5,28.1,4.5,404,20
Azul,AZ11_02_58_8,1862.02,CTS4,39,32.6,35,5,28.1,4.5,404,20
Azul,AZ11_02_58_8,1862.02,CTS4,39,32.6,35,5,28.1,4.5,404,20
Azul,AZ11_02_58_8,1862.02,CTS4,39,32.6,35,5,28.1,4.5,404,20
Azul,AZ11_02_58_8,1862.02,CTS4,39,32.6,35,5,28.1,4.5,404,20
Azul,AZ11_02_58_8,1862.02,CTS4,39,32.6,35,5,28.1,4.5,404,20
Azul,AZ11_02_57_8,1864.1,CTS5,43,NA,42,2,32.5,NA,426,4
Azul,AZ11_02_57_8,1864.1,CTS5,43,NA,42,2,32.5,NA,426,4
Azul,AZ11_02_57_8,1864.1,CTS5,43,NA,42,2,32.5,NA,426,4
Azul,AZ11_02_57_8,1864.1,CTS5,43,NA,42,2,32.5,NA,426,4
Azul,AZ11_02_57_8,1864.1,CTS5,43,NA,42,2,32.5,NA,426,4
Azul,AZ11_02_57_8,1864.1,CTS5,43,NA,42,2,32.5,NA,426,4
Azul,AZ11_02_57_8,1864.1,CTS5,43,NA,42,2,32.5,NA,426,4
Azul,AZ11_02_57_8,1864.1,CTS5,43,NA,42,2,32.5,NA,426,4
Azul,AZ11_02_56_8,1866.59,CTS4,50,38.4,46,6,33.3,5.1,443,16
Azul,AZ11_02_56_8,1866.59,CTS4,50,38.4,46,6,33.3,5.1,443,16
Azul,AZ11_02_56_8,1866.59,CTS4,50,38.4,46,6,33.3,5.1,443,16
Azul,AZ11_02_56_8,1866.59,CTS4,50,38.4,46,6,33.3,5.1,443,16
Azul,AZ11_02_56_8,1866.59,CTS4,50,38.4,46,6,33.3,5.1,443,16
Azul,AZ11_02_56_8,1866.59,CTS4,50,38.4,46,6,33.3,5.1,443,16
Azul,AZ11_02_56_8,1866.59,CTS4,50,38.4,46,6,33.3,5.1,443,16
Azul,AZ11_02_56_8,1866.59,CTS4,50,38.4,46,6,33.3,5.1,443,16
Azul,AZ11_02_55_8,1869.51,CTS5,39,NA,37,3,32.6,NA,417,6
Azul,AZ11_02_55_8,1869.51,CTS5,39,NA,37,3,32.6,NA,417,6
Azul,AZ11_02_55_8,1869.51,CTS5,39,NA,37,3,32.6,NA,417,6
Azul,AZ11_02_55_8,1869.51,CTS5,39,NA,37,3,32.6,NA,417,6
Azul,AZ11_02_55_8,1869.51,CTS5,39,NA,37,3,32.6,NA,417,6
Azul,AZ11_02_55_8,1869.51,CTS5,39,NA,37,3,32.6,NA,417,6
Azul,AZ11_02_55_8,1869.51,CTS5,39,NA,37,3,32.6,NA,417,6
Azul,AZ11_02_55_8,1869.51,CTS5,39,NA,37,3,32.6,NA,417,6
Azul,AZ11_02_54_8,1872.85,CTS4,54,NA,51,4,38.1,NA,424,8
Azul,AZ11_02_54_8,1872.85,CTS4,54,NA,51,4,38.1,NA,424,8
Azul,AZ11_02_54_8,1872.85,CTS4,54,NA,51,4,38.1,NA,424,8
Azul,AZ11_02_54_8,1872.85,CTS4,54,NA,51,4,38.1,NA,424,8
Azul,AZ11_02_54_8,1872.85,CTS4,54,NA,51,4,38.1,NA,424,8
Azul,AZ11_02_54_8,1872.85,CTS4,54,NA,51,4,38.1,NA,424,8
Azul,AZ11_02_54_8,1872.85,CTS4,54,NA,51,4,38.1,NA,424,8
Azul,AZ11_02_54_8,1872.85,CTS4,54,NA,51,4,38.1,NA,424,8
Azul,AZ11_02_53_8,1876.56,CTS3,52,NA,51,3,35.5,NA,433,4
Azul,AZ11_02_53_8,1876.56,CTS3,52,NA,51,3,35.5,NA,433,4
Azul,AZ11_02_53_8,1876.56,CTS3,52,NA,51,3,35.5,NA,433,4
Azul,AZ11_02_53_8,1876.56,CTS3,52,NA,51,3,35.5,NA,433,4
Azul,AZ11_02_53_8,1876.56,CTS3,52,NA,51,3,35.5,NA,433,4
Azul,AZ11_02_53_8,1876.56,CTS3,52,NA,51,3,35.5,NA,433,4
Azul,AZ11_02_53_8,1876.56,CTS3,52,NA,51,3,35.5,NA,433,4
Azul,AZ11_02_53_8,1876.56,CTS3,52,NA,51,3,35.5,NA,433,4
Azul,AZ11_02_52_8,1880.6,CTS4,48,37.599999999999994,45,4,33.8,3.8,409,26
Azul,AZ11_02_52_8,1880.6,CTS4,48,37.599999999999994,45,4,33.8,3.8,409,26
Azul,AZ11_02_52_8,1880.6,CTS4,48,37.599999999999994,45,4,33.8,3.8,409,26
Azul,AZ11_02_52_8,1880.6,CTS4,48,37.599999999999994,45,4,33.8,3.8,409,26
Azul,AZ11_02_52_8,1880.6,CTS4,48,37.599999999999994,45,4,33.8,3.8,409,26
Azul,AZ11_02_52_8,1880.6,CTS4,48,37.599999999999994,45,4,33.8,3.8,409,26
Azul,AZ11_02_52_8,1880.6,CTS4,48,37.599999999999994,45,4,33.8,3.8,409,26
Azul,AZ11_02_52_8,1880.6,CTS4,48,37.599999999999994,45,4,33.8,3.8,409,26
Azul,AZ11_02_51_8,1884.9,CTS3,43,NA,43,2,32.6,NA,433,2
Azul,AZ11_02_51_8,1884.9,CTS3,43,NA,43,2,32.6,NA,433,2
Azul,AZ11_02_51_8,1884.9,CTS3,43,NA,43,2,32.6,NA,433,2
Azul,AZ11_02_51_8,1884.9,CTS3,43,NA,43,2,32.6,NA,433,2
Azul,AZ11_02_51_8,1884.9,CTS3,43,NA,43,2,32.6,NA,433,2
Azul,AZ11_02_51_8,1884.9,CTS3,43,NA,43,2,32.6,NA,433,2
Azul,AZ11_02_51_8,1884.9,CTS3,43,NA,43,2,32.6,NA,433,2
Azul,AZ11_02_51_8,1884.9,CTS3,43,NA,43,2,32.6,NA,433,2
Azul,AZ11_02_48_8,1898.91,CTS3,46,36.8,44,5,32.3,4.5,406,26
Azul,AZ11_02_48_8,1898.91,CTS3,46,36.8,44,5,32.3,4.5,406,26
Azul,AZ11_02_48_8,1898.91,CTS3,46,36.8,44,5,32.3,4.5,406,26
Azul,AZ11_02_48_8,1898.91,CTS3,46,36.8,44,5,32.3,4.5,406,26
Azul,AZ11_02_48_8,1898.91,CTS3,46,36.8,44,5,32.3,4.5,406,26
Azul,AZ11_02_48_8,1898.91,CTS3,46,36.8,44,5,32.3,4.5,406,26
Azul,AZ11_02_48_8,1898.91,CTS3,46,36.8,44,5,32.3,4.5,406,26
Azul,AZ11_02_48_8,1898.91,CTS3,46,36.8,44,5,32.3,4.5,406,26
Azul,AZ11_02_47_8,1903.86,CTS3,33,NA,31,3,25.7,NA,416,8
Azul,AZ11_02_47_8,1903.86,CTS3,33,NA,31,3,25.7,NA,416,8
Azul,AZ11_02_47_8,1903.86,CTS3,33,NA,31,3,25.7,NA,416,8
Azul,AZ11_02_47_8,1903.86,CTS3,33,NA,31,3,25.7,NA,416,8
Azul,AZ11_02_47_8,1903.86,CTS3,33,NA,31,3,25.7,NA,416,8
Azul,AZ11_02_47_8,1903.86,CTS3,33,NA,31,3,25.7,NA,416,8
Azul,AZ11_02_47_8,1903.86,CTS3,33,NA,31,3,25.7,NA,416,8
Azul,AZ11_02_47_8,1903.86,CTS3,33,NA,31,3,25.7,NA,416,8
Azul,AZ11_02_46_8,1908.93,CTS1,50,NA,50,2,35.5,NA,422,4
Azul,AZ11_02_46_8,1908.93,CTS1,50,NA,50,2,35.5,NA,422,4
Azul,AZ11_02_46_8,1908.93,CTS1,50,NA,50,2,35.5,NA,422,4
Azul,AZ11_02_46_8,1908.93,CTS1,50,NA,50,2,35.5,NA,422,4
Azul,AZ11_02_46_8,1908.93,CTS1,50,NA,50,2,35.5,NA,422,4
Azul,AZ11_02_46_8,1908.93,CTS1,50,NA,50,2,35.5,NA,422,4
Azul,AZ11_02_46_8,1908.93,CTS1,50,NA,50,2,35.5,NA,422,4
Azul,AZ11_02_46_8,1908.93,CTS1,50,NA,50,2,35.5,NA,422,4
Azul,AZ11_02_44_8,1919.32,CTS3,37,30.2,37,3,27.2,3,440,10
Azul,AZ11_02_44_8,1919.32,CTS3,37,30.2,37,3,27.2,3,440,10
Azul,AZ11_02_44_8,1919.32,CTS3,37,30.2,37,3,27.2,3,440,10
Azul,AZ11_02_44_8,1919.32,CTS3,37,30.2,37,3,27.2,3,440,10
Azul,AZ11_02_44_8,1919.32,CTS3,37,30.2,37,3,27.2,3,440,10
Azul,AZ11_02_44_8,1919.32,CTS3,37,30.2,37,3,27.2,3,440,10
Azul,AZ11_02_44_8,1919.32,CTS3,37,30.2,37,3,27.2,3,440,10
Azul,AZ11_02_44_8,1919.32,CTS3,37,30.2,37,3,27.2,3,440,10
Azul,AZ11_02_42_8,1929.96,CTS3,44,NA,43,3,32.6,NA,431,4
Azul,AZ11_02_42_8,1929.96,CTS3,44,NA,43,3,32.6,NA,431,4
Azul,AZ11_02_42_8,1929.96,CTS3,44,NA,43,3,32.6,NA,431,4
Azul,AZ11_02_42_8,1929.96,CTS3,44,NA,43,3,32.6,NA,431,4
Azul,AZ11_02_42_8,1929.96,CTS3,44,NA,43,3,32.6,NA,431,4
Azul,AZ11_02_42_8,1929.96,CTS3,44,NA,43,3,32.6,NA,431,4
Azul,AZ11_02_42_8,1929.96,CTS3,44,NA,43,3,32.6,NA,431,4
Azul,AZ11_02_42_8,1929.96,CTS3,44,NA,43,3,32.6,NA,431,4
Azul,AZ11_02_41_8,1935.32,CTS1,35,NA,33,3,26.2,NA,411,4
Azul,AZ11_02_41_8,1935.32,CTS1,35,NA,33,3,26.2,NA,411,4
Azul,AZ11_02_41_8,1935.32,CTS1,35,NA,33,3,26.2,NA,411,4
Azul,AZ11_02_41_8,1935.32,CTS1,35,NA,33,3,26.2,NA,411,4
Azul,AZ11_02_41_8,1935.32,CTS1,35,NA,33,3,26.2,NA,411,4
Azul,AZ11_02_41_8,1935.32,CTS1,35,NA,33,3,26.2,NA,411,4
Azul,AZ11_02_41_8,1935.32,CTS1,35,NA,33,3,26.2,NA,411,4
Azul,AZ11_02_41_8,1935.32,CTS1,35,NA,33,3,26.2,NA,411,4
Azul,AZ11_02_40_8,1940.68,CTS2,38,NA,39,2,27.9,NA,412,2
Azul,AZ11_02_40_8,1940.68,CTS2,38,NA,39,2,27.9,NA,412,2
Azul,AZ11_02_40_8,1940.68,CTS2,38,NA,39,2,27.9,NA,412,2
Azul,AZ11_02_40_8,1940.68,CTS2,38,NA,39,2,27.9,NA,412,2
Azul,AZ11_02_40_8,1940.68,CTS2,38,NA,39,2,27.9,NA,412,2
Azul,AZ11_02_40_8,1940.68,CTS2,38,NA,39,2,27.9,NA,412,2
Azul,AZ11_02_40_8,1940.68,CTS2,38,NA,39,2,27.9,NA,412,2
Azul,AZ11_02_40_8,1940.68,CTS2,38,NA,39,2,27.9,NA,412,2
Azul,AZ11_02_39_8,1945.96,CTS1,40,NA,37,4,26.2,NA,436,6
Azul,AZ11_02_39_8,1945.96,CTS1,40,NA,37,4,26.2,NA,436,6
Azul,AZ11_02_39_8,1945.96,CTS1,40,NA,37,4,26.2,NA,436,6
Azul,AZ11_02_39_8,1945.96,CTS1,40,NA,37,4,26.2,NA,436,6
Azul,AZ11_02_39_8,1945.96,CTS1,40,NA,37,4,26.2,NA,436,6
Azul,AZ11_02_39_8,1945.96,CTS1,40,NA,37,4,26.2,NA,436,6
Azul,AZ11_02_39_8,1945.96,CTS1,40,NA,37,4,26.2,NA,436,6
Azul,AZ11_02_39_8,1945.96,CTS1,40,NA,37,4,26.2,NA,436,6
Azul,AZ11_02_38_8,1951.07,CTS4,44,NA,41,4,31.8,NA,408,6
Azul,AZ11_02_38_8,1951.07,CTS4,44,NA,41,4,31.8,NA,408,6
Azul,AZ11_02_38_8,1951.07,CTS4,44,NA,41,4,31.8,NA,408,6
Azul,AZ11_02_38_8,1951.07,CTS4,44,NA,41,4,31.8,NA,408,6
Azul,AZ11_02_38_8,1951.07,CTS4,44,NA,41,4,31.8,NA,408,6
Azul,AZ11_02_38_8,1951.07,CTS4,44,NA,41,4,31.8,NA,408,6
Azul,AZ11_02_38_8,1951.07,CTS4,44,NA,41,4,31.8,NA,408,6
Azul,AZ11_02_38_8,1951.07,CTS4,44,NA,41,4,31.8,NA,408,6
Azul,AZ11_02_37_8,1955.85,CTS4,59,46.699999999999996,55,6,41.4,5.3,434,24
Azul,AZ11_02_37_8,1955.85,CTS4,59,46.699999999999996,55,6,41.4,5.3,434,24
Azul,AZ11_02_37_8,1955.85,CTS4,59,46.699999999999996,55,6,41.4,5.3,434,24
Azul,AZ11_02_37_8,1955.85,CTS4,59,46.699999999999996,55,6,41.4,5.3,434,24
Azul,AZ11_02_37_8,1955.85,CTS4,59,46.699999999999996,55,6,41.4,5.3,434,24
Azul,AZ11_02_37_8,1955.85,CTS4,59,46.699999999999996,55,6,41.4,5.3,434,24
Azul,AZ11_02_37_8,1955.85,CTS4,59,46.699999999999996,55,6,41.4,5.3,434,24
Azul,AZ11_02_37_8,1955.85,CTS4,59,46.699999999999996,55,6,41.4,5.3,434,24
Azul,AZ11_02_36_8,1960.16,CTS3,50,42.5,46,6,37.9,4.6,412,36
Azul,AZ11_02_36_8,1960.16,CTS3,50,42.5,46,6,37.9,4.6,412,36
Azul,AZ11_02_36_8,1960.16,CTS3,50,42.5,46,6,37.9,4.6,412,36
Azul,AZ11_02_36_8,1960.16,CTS3,50,42.5,46,6,37.9,4.6,412,36
Azul,AZ11_02_36_8,1960.16,CTS3,50,42.5,46,6,37.9,4.6,412,36
Azul,AZ11_02_36_8,1960.16,CTS3,50,42.5,46,6,37.9,4.6,412,36
Azul,AZ11_02_36_8,1960.16,CTS3,50,42.5,46,6,37.9,4.6,412,36
Azul,AZ11_02_36_8,1960.16,CTS3,50,42.5,46,6,37.9,4.6,412,36
Caldeirao,CL17-03_2330,840.46,CTS5,45,39.800000000000004,42,8,34.1,5.7,416,81
Caldeirao,CL17-03_2330,840.46,CTS5,45,39.800000000000004,42,8,34.1,5.7,416,81
Caldeirao,CL17-03_2330,840.46,CTS5,45,39.800000000000004,42,8,34.1,5.7,416,81
Caldeirao,CL17-03_2330,840.46,CTS5,45,39.800000000000004,42,8,34.1,5.7,416,81
Caldeirao,CL17-03_2330,840.46,CTS5,45,39.800000000000004,42,8,34.1,5.7,416,81
Caldeirao,CL17-03_2330,840.46,CTS5,45,39.800000000000004,42,8,34.1,5.7,416,81
Caldeirao,CL17-03_2330,840.46,CTS5,45,39.800000000000004,42,8,34.1,5.7,416,81
Caldeirao,CL17-03_2330,840.46,CTS5,45,39.800000000000004,42,8,34.1,5.7,416,81
Caldeirao,CL17-03_1300,1302.4,CTS4,50,46.699999999999996,45,11,40.8,5.9,328,141
Caldeirao,CL17-03_1300,1302.4,CTS4,50,46.699999999999996,45,11,40.8,5.9,328,141
Caldeirao,CL17-03_1300,1302.4,CTS4,50,46.699999999999996,45,11,40.8,5.9,328,141
Caldeirao,CL17-03_1300,1302.4,CTS4,50,46.699999999999996,45,11,40.8,5.9,328,141
Caldeirao,CL17-03_1300,1302.4,CTS4,50,46.699999999999996,45,11,40.8,5.9,328,141
Caldeirao,CL17-03_1300,1302.4,CTS4,50,46.699999999999996,45,11,40.8,5.9,328,141
Caldeirao,CL17-03_1300,1302.4,CTS4,50,46.699999999999996,45,11,40.8,5.9,328,141
Caldeirao,CL17-03_1300,1302.4,CTS4,50,46.699999999999996,45,11,40.8,5.9,328,141
Caldeirao,CL17-03_850,1548.87,CTS5,35,34.699999999999996,35,5,29.9,4.8,379,28
Caldeirao,CL17-03_850,1548.87,CTS5,35,34.699999999999996,35,5,29.9,4.8,379,28
Caldeirao,CL17-03_850,1548.87,CTS5,35,34.699999999999996,35,5,29.9,4.8,379,28
Caldeirao,CL17-03_850,1548.87,CTS5,35,34.699999999999996,35,5,29.9,4.8,379,28
Caldeirao,CL17-03_850,1548.87,CTS5,35,34.699999999999996,35,5,29.9,4.8,379,28
Caldeirao,CL17-03_850,1548.87,CTS5,35,34.699999999999996,35,5,29.9,4.8,379,28
Caldeirao,CL17-03_850,1548.87,CTS5,35,34.699999999999996,35,5,29.9,4.8,379,28
Caldeirao,CL17-03_850,1548.87,CTS5,35,34.699999999999996,35,5,29.9,4.8,379,28
Caveiro,CVL_1B_2950,41,CTS5,46,31.599999999999998,30,16,24.9,6.7,508,194
Caveiro,CVL_1B_2950,41,CTS5,46,31.599999999999998,30,16,24.9,6.7,508,194
Caveiro,CVL_1B_2950,41,CTS5,46,31.599999999999998,30,16,24.9,6.7,508,194
Caveiro,CVL_1B_2950,41,CTS5,46,31.599999999999998,30,16,24.9,6.7,508,194
Caveiro,CVL_1B_2950,41,CTS5,46,31.599999999999998,30,16,24.9,6.7,508,194
Caveiro,CVL_1B_2950,41,CTS5,46,31.599999999999998,30,16,24.9,6.7,508,194
Caveiro,CVL_1B_2950,41,CTS5,46,31.599999999999998,30,16,24.9,6.7,508,194
Caveiro,CVL_1B_2950,41,CTS5,46,31.599999999999998,30,16,24.9,6.7,508,194
Caveiro,CVL_1B_2890,52,CTS5,46,33.5,34,13,27.1,6.4,511,100
Caveiro,CVL_1B_2890,52,CTS5,46,33.5,34,13,27.1,6.4,511,100
Caveiro,CVL_1B_2890,52,CTS5,46,33.5,34,13,27.1,6.4,511,100
Caveiro,CVL_1B_2890,52,CTS5,46,33.5,34,13,27.1,6.4,511,100
Caveiro,CVL_1B_2890,52,CTS5,46,33.5,34,13,27.1,6.4,511,100
Caveiro,CVL_1B_2890,52,CTS5,46,33.5,34,13,27.1,6.4,511,100
Caveiro,CVL_1B_2890,52,CTS5,46,33.5,34,13,27.1,6.4,511,100
Caveiro,CVL_1B_2890,52,CTS5,46,33.5,34,13,27.1,6.4,511,100
Caveiro,CVL_1B_2840,54,CTS4,48,37.4,37,11,31.5,5.9,504,83
Caveiro,CVL_1B_2840,54,CTS4,48,37.4,37,11,31.5,5.9,504,83
Caveiro,CVL_1B_2840,54,CTS4,48,37.4,37,11,31.5,5.9,504,83
Caveiro,CVL_1B_2840,54,CTS4,48,37.4,37,11,31.5,5.9,504,83
Caveiro,CVL_1B_2840,54,CTS4,48,37.4,37,11,31.5,5.9,504,83
Caveiro,CVL_1B_2840,54,CTS4,48,37.4,37,11,31.5,5.9,504,83
Caveiro,CVL_1B_2840,54,CTS4,48,37.4,37,11,31.5,5.9,504,83
Caveiro,CVL_1B_2840,54,CTS4,48,37.4,37,11,31.5,5.9,504,83
Caveiro,CVL_1B_2780,79,CTS5,41,NA,36,4,31.3,NA,523,8
Caveiro,CVL_1B_2780,79,CTS5,41,NA,36,4,31.3,NA,523,8
Caveiro,CVL_1B_2780,79,CTS5,41,NA,36,4,31.3,NA,523,8
Caveiro,CVL_1B_2780,79,CTS5,41,NA,36,4,31.3,NA,523,8
Caveiro,CVL_1B_2780,79,CTS5,41,NA,36,4,31.3,NA,523,8
Caveiro,CVL_1B_2780,79,CTS5,41,NA,36,4,31.3,NA,523,8
Caveiro,CVL_1B_2780,79,CTS5,41,NA,36,4,31.3,NA,523,8
Caveiro,CVL_1B_2780,79,CTS5,41,NA,36,4,31.3,NA,523,8
Caveiro,CVL_1B_2730,110,CTS5,42,30.9,30,13,24.9,6,505,102
Caveiro,CVL_1B_2730,110,CTS5,42,30.9,30,13,24.9,6,505,102
Caveiro,CVL_1B_2730,110,CTS5,42,30.9,30,13,24.9,6,505,102
Caveiro,CVL_1B_2730,110,CTS5,42,30.9,30,13,24.9,6,505,102
Caveiro,CVL_1B_2730,110,CTS5,42,30.9,30,13,24.9,6,505,102
Caveiro,CVL_1B_2730,110,CTS5,42,30.9,30,13,24.9,6,505,102
Caveiro,CVL_1B_2730,110,CTS5,42,30.9,30,13,24.9,6,505,102
Caveiro,CVL_1B_2730,110,CTS5,42,30.9,30,13,24.9,6,505,102
Caveiro,CVL_1B_2670,163,CTS5,47,34.199999999999996,34,14,28.4,5.8,535,197
Caveiro,CVL_1B_2670,163,CTS5,47,34.199999999999996,34,14,28.4,5.8,535,197
Caveiro,CVL_1B_2670,163,CTS5,47,34.199999999999996,34,14,28.4,5.8,535,197
Caveiro,CVL_1B_2670,163,CTS5,47,34.199999999999996,34,14,28.4,5.8,535,197
Caveiro,CVL_1B_2670,163,CTS5,47,34.199999999999996,34,14,28.4,5.8,535,197
Caveiro,CVL_1B_2670,163,CTS5,47,34.199999999999996,34,14,28.4,5.8,535,197
Caveiro,CVL_1B_2670,163,CTS5,47,34.199999999999996,34,14,28.4,5.8,535,197
Caveiro,CVL_1B_2670,163,CTS5,47,34.199999999999996,34,14,28.4,5.8,535,197
Caveiro,CVL_1B_2560,262,CTS4,41,29.8,32,10,24.5,5.3,567,81
Caveiro,CVL_1B_2560,262,CTS4,41,29.8,32,10,24.5,5.3,567,81
Caveiro,CVL_1B_2560,262,CTS4,41,29.8,32,10,24.5,5.3,567,81
Caveiro,CVL_1B_2560,262,CTS4,41,29.8,32,10,24.5,5.3,567,81
Caveiro,CVL_1B_2560,262,CTS4,41,29.8,32,10,24.5,5.3,567,81
Caveiro,CVL_1B_2560,262,CTS4,41,29.8,32,10,24.5,5.3,567,81
Caveiro,CVL_1B_2560,262,CTS4,41,29.8,32,10,24.5,5.3,567,81
Caveiro,CVL_1B_2560,262,CTS4,41,29.8,32,10,24.5,5.3,567,81
Caveiro,CVL_1B_2510,285,CTS5,44,33.4,35,9,28,5.4,518,129
Caveiro,CVL_1B_2510,285,CTS5,44,33.4,35,9,28,5.4,518,129
Caveiro,CVL_1B_2510,285,CTS5,44,33.4,35,9,28,5.4,518,129
Caveiro,CVL_1B_2510,285,CTS5,44,33.4,35,9,28,5.4,518,129
Caveiro,CVL_1B_2510,285,CTS5,44,33.4,35,9,28,5.4,518,129
Caveiro,CVL_1B_2510,285,CTS5,44,33.4,35,9,28,5.4,518,129
Caveiro,CVL_1B_2510,285,CTS5,44,33.4,35,9,28,5.4,518,129
Caveiro,CVL_1B_2510,285,CTS5,44,33.4,35,9,28,5.4,518,129
Caveiro,CVL_1B_2400,303,CTS5,37,33.6,33,5,28.7,4.9,506,12
Caveiro,CVL_1B_2400,303,CTS5,37,33.6,33,5,28.7,4.9,506,12
Caveiro,CVL_1B_2400,303,CTS5,37,33.6,33,5,28.7,4.9,506,12
Caveiro,CVL_1B_2400,303,CTS5,37,33.6,33,5,28.7,4.9,506,12
Caveiro,CVL_1B_2400,303,CTS5,37,33.6,33,5,28.7,4.9,506,12
Caveiro,CVL_1B_2400,303,CTS5,37,33.6,33,5,28.7,4.9,506,12
Caveiro,CVL_1B_2400,303,CTS5,37,33.6,33,5,28.7,4.9,506,12
Caveiro,CVL_1B_2400,303,CTS5,37,33.6,33,5,28.7,4.9,506,12
Caveiro,CVL_1B_2450,303,CTS5,51,35.7,38,13,29.8,5.9,514,99
Caveiro,CVL_1B_2450,303,CTS5,51,35.7,38,13,29.8,5.9,514,99
Caveiro,CVL_1B_2450,303,CTS5,51,35.7,38,13,29.8,5.9,514,99
Caveiro,CVL_1B_2450,303,CTS5,51,35.7,38,13,29.8,5.9,514,99
Caveiro,CVL_1B_2450,303,CTS5,51,35.7,38,13,29.8,5.9,514,99
Caveiro,CVL_1B_2450,303,CTS5,51,35.7,38,13,29.8,5.9,514,99
Caveiro,CVL_1B_2450,303,CTS5,51,35.7,38,13,29.8,5.9,514,99
Caveiro,CVL_1B_2450,303,CTS5,51,35.7,38,13,29.8,5.9,514,99
Caveiro,CVL_1B_2350,319,CTS5,45,33.6,34,12,28.1,5.5,536,154
Caveiro,CVL_1B_2350,319,CTS5,45,33.6,34,12,28.1,5.5,536,154
Caveiro,CVL_1B_2350,319,CTS5,45,33.6,34,12,28.1,5.5,536,154
Caveiro,CVL_1B_2350,319,CTS5,45,33.6,34,12,28.1,5.5,536,154
Caveiro,CVL_1B_2350,319,CTS5,45,33.6,34,12,28.1,5.5,536,154
Caveiro,CVL_1B_2350,319,CTS5,45,33.6,34,12,28.1,5.5,536,154
Caveiro,CVL_1B_2350,319,CTS5,45,33.6,34,12,28.1,5.5,536,154
Caveiro,CVL_1B_2350,319,CTS5,45,33.6,34,12,28.1,5.5,536,154
Caveiro,CVL_1B_2240,394,CTS4,43,30.299999999999997,31,12,25.2,5.1,534,234
Caveiro,CVL_1B_2240,394,CTS4,43,30.299999999999997,31,12,25.2,5.1,534,234
Caveiro,CVL_1B_2240,394,CTS4,43,30.299999999999997,31,12,25.2,5.1,534,234
Caveiro,CVL_1B_2240,394,CTS4,43,30.299999999999997,31,12,25.2,5.1,534,234
Caveiro,CVL_1B_2240,394,CTS4,43,30.299999999999997,31,12,25.2,5.1,534,234
Caveiro,CVL_1B_2240,394,CTS4,43,30.299999999999997,31,12,25.2,5.1,534,234
Caveiro,CVL_1B_2240,394,CTS4,43,30.299999999999997,31,12,25.2,5.1,534,234
Caveiro,CVL_1B_2240,394,CTS4,43,30.299999999999997,31,12,25.2,5.1,534,234
Caveiro,CVL_1B_2130,489,CTS4,49,34.9,37,13,29,5.9,628,251
Caveiro,CVL_1B_2130,489,CTS4,49,34.9,37,13,29,5.9,628,251
Caveiro,CVL_1B_2130,489,CTS4,49,34.9,37,13,29,5.9,628,251
Caveiro,CVL_1B_2130,489,CTS4,49,34.9,37,13,29,5.9,628,251
Caveiro,CVL_1B_2130,489,CTS4,49,34.9,37,13,29,5.9,628,251
Caveiro,CVL_1B_2130,489,CTS4,49,34.9,37,13,29,5.9,628,251
Caveiro,CVL_1B_2130,489,CTS4,49,34.9,37,13,29,5.9,628,251
Caveiro,CVL_1B_2130,489,CTS4,49,34.9,37,13,29,5.9,628,251
Caveiro,CVL_1B_2020,564,CTS5,45,34.2,33,12,28.2,6,537,143
Caveiro,CVL_1B_2020,564,CTS5,45,34.2,33,12,28.2,6,537,143
Caveiro,CVL_1B_2020,564,CTS5,45,34.2,33,12,28.2,6,537,143
Caveiro,CVL_1B_2020,564,CTS5,45,34.2,33,12,28.2,6,537,143
Caveiro,CVL_1B_2020,564,CTS5,45,34.2,33,12,28.2,6,537,143
Caveiro,CVL_1B_2020,564,CTS5,45,34.2,33,12,28.2,6,537,143
Caveiro,CVL_1B_2020,564,CTS5,45,34.2,33,12,28.2,6,537,143
Caveiro,CVL_1B_2020,564,CTS5,45,34.2,33,12,28.2,6,537,143
Caveiro,CVL_1B_1910,659,CTS5,50,34.5,38,12,29.3,5.2,645,237
Caveiro,CVL_1B_1910,659,CTS5,50,34.5,38,12,29.3,5.2,645,237
Caveiro,CVL_1B_1910,659,CTS5,50,34.5,38,12,29.3,5.2,645,237
Caveiro,CVL_1B_1910,659,CTS5,50,34.5,38,12,29.3,5.2,645,237
Caveiro,CVL_1B_1910,659,CTS5,50,34.5,38,12,29.3,5.2,645,237
Caveiro,CVL_1B_1910,659,CTS5,50,34.5,38,12,29.3,5.2,645,237
Caveiro,CVL_1B_1910,659,CTS5,50,34.5,38,12,29.3,5.2,645,237
Caveiro,CVL_1B_1910,659,CTS5,50,34.5,38,12,29.3,5.2,645,237
Caveiro,CVL_1B_1800,751,CTS5,41,33.7,35,7,28.5,5.2,514,399
Caveiro,CVL_1B_1800,751,CTS5,41,33.7,35,7,28.5,5.2,514,399
Caveiro,CVL_1B_1800,751,CTS5,41,33.7,35,7,28.5,5.2,514,399
Caveiro,CVL_1B_1800,751,CTS5,41,33.7,35,7,28.5,5.2,514,399
Caveiro,CVL_1B_1800,751,CTS5,41,33.7,35,7,28.5,5.2,514,399
Caveiro,CVL_1B_1800,751,CTS5,41,33.7,35,7,28.5,5.2,514,399
Caveiro,CVL_1B_1800,751,CTS5,41,33.7,35,7,28.5,5.2,514,399
Caveiro,CVL_1B_1800,751,CTS5,41,33.7,35,7,28.5,5.2,514,399
Caveiro,CVL_1B_1600,924,CTS5,39,31.2,30,9,25.4,5.8,548,483
Caveiro,CVL_1B_1600,924,CTS5,39,31.2,30,9,25.4,5.8,548,483
Caveiro,CVL_1B_1600,924,CTS5,39,31.2,30,9,25.4,5.8,548,483
Caveiro,CVL_1B_1600,924,CTS5,39,31.2,30,9,25.4,5.8,548,483
Caveiro,CVL_1B_1600,924,CTS5,39,31.2,30,9,25.4,5.8,548,483
Caveiro,CVL_1B_1600,924,CTS5,39,31.2,30,9,25.4,5.8,548,483
Caveiro,CVL_1B_1600,924,CTS5,39,31.2,30,9,25.4,5.8,548,483
Caveiro,CVL_1B_1600,924,CTS5,39,31.2,30,9,25.4,5.8,548,483
Caveiro,CVL_1B_1500,1010,CTS5,41,32.5,33,9,27.2,5.3,519,383
Caveiro,CVL_1B_1500,1010,CTS5,41,32.5,33,9,27.2,5.3,519,383
Caveiro,CVL_1B_1500,1010,CTS5,41,32.5,33,9,27.2,5.3,519,383
Caveiro,CVL_1B_1500,1010,CTS5,41,32.5,33,9,27.2,5.3,519,383
Caveiro,CVL_1B_1500,1010,CTS5,41,32.5,33,9,27.2,5.3,519,383
Caveiro,CVL_1B_1500,1010,CTS5,41,32.5,33,9,27.2,5.3,519,383
Caveiro,CVL_1B_1500,1010,CTS5,41,32.5,33,9,27.2,5.3,519,383
Caveiro,CVL_1B_1500,1010,CTS5,41,32.5,33,9,27.2,5.3,519,383
Caveiro,CVL_1B_1450,1054,CTS3,39,29.1,30,10,24.2,4.9,527,371
Caveiro,CVL_1B_1450,1054,CTS3,39,29.1,30,10,24.2,4.9,527,371
Caveiro,CVL_1B_1450,1054,CTS3,39,29.1,30,10,24.2,4.9,527,371
Caveiro,CVL_1B_1450,1054,CTS3,39,29.1,30,10,24.2,4.9,527,371
Caveiro,CVL_1B_1450,1054,CTS3,39,29.1,30,10,24.2,4.9,527,371
Caveiro,CVL_1B_1450,1054,CTS3,39,29.1,30,10,24.2,4.9,527,371
Caveiro,CVL_1B_1450,1054,CTS3,39,29.1,30,10,24.2,4.9,527,371
Caveiro,CVL_1B_1450,1054,CTS3,39,29.1,30,10,24.2,4.9,527,371
Caveiro,CVL_1B_1400,1097,CTS5,42,34,36,6,29.1,4.9,522,65
Caveiro,CVL_1B_1400,1097,CTS5,42,34,36,6,29.1,4.9,522,65
Caveiro,CVL_1B_1400,1097,CTS5,42,34,36,6,29.1,4.9,522,65
Caveiro,CVL_1B_1400,1097,CTS5,42,34,36,6,29.1,4.9,522,65
Caveiro,CVL_1B_1400,1097,CTS5,42,34,36,6,29.1,4.9,522,65
Caveiro,CVL_1B_1400,1097,CTS5,42,34,36,6,29.1,4.9,522,65
Caveiro,CVL_1B_1400,1097,CTS5,42,34,36,6,29.1,4.9,522,65
Caveiro,CVL_1B_1400,1097,CTS5,42,34,36,6,29.1,4.9,522,65
Caveiro,CVL_1B_1350,1140,CTS5,36,32.4,32,6,26.8,5.6,516,144
Caveiro,CVL_1B_1350,1140,CTS5,36,32.4,32,6,26.8,5.6,516,144
Caveiro,CVL_1B_1350,1140,CTS5,36,32.4,32,6,26.8,5.6,516,144
Caveiro,CVL_1B_1350,1140,CTS5,36,32.4,32,6,26.8,5.6,516,144
Caveiro,CVL_1B_1350,1140,CTS5,36,32.4,32,6,26.8,5.6,516,144
Caveiro,CVL_1B_1350,1140,CTS5,36,32.4,32,6,26.8,5.6,516,144
Caveiro,CVL_1B_1350,1140,CTS5,36,32.4,32,6,26.8,5.6,516,144
Caveiro,CVL_1B_1350,1140,CTS5,36,32.4,32,6,26.8,5.6,516,144
Caveiro,CVL_1B_1300,1183,CTS5,50,36.9,40,9,32,4.9,546,412
Caveiro,CVL_1B_1300,1183,CTS5,50,36.9,40,9,32,4.9,546,412
Caveiro,CVL_1B_1300,1183,CTS5,50,36.9,40,9,32,4.9,546,412
Caveiro,CVL_1B_1300,1183,CTS5,50,36.9,40,9,32,4.9,546,412
Caveiro,CVL_1B_1300,1183,CTS5,50,36.9,40,9,32,4.9,546,412
Caveiro,CVL_1B_1300,1183,CTS5,50,36.9,40,9,32,4.9,546,412
Caveiro,CVL_1B_1300,1183,CTS5,50,36.9,40,9,32,4.9,546,412
Caveiro,CVL_1B_1300,1183,CTS5,50,36.9,40,9,32,4.9,546,412
Caveiro,CVL_1B_1200,1266,CTS5,39,30,29,11,25.6,4.4,514,368
Caveiro,CVL_1B_1200,1266,CTS5,39,30,29,11,25.6,4.4,514,368
Caveiro,CVL_1B_1200,1266,CTS5,39,30,29,11,25.6,4.4,514,368
Caveiro,CVL_1B_1200,1266,CTS5,39,30,29,11,25.6,4.4,514,368
Caveiro,CVL_1B_1200,1266,CTS5,39,30,29,11,25.6,4.4,514,368
Caveiro,CVL_1B_1200,1266,CTS5,39,30,29,11,25.6,4.4,514,368
Caveiro,CVL_1B_1200,1266,CTS5,39,30,29,11,25.6,4.4,514,368
Caveiro,CVL_1B_1200,1266,CTS5,39,30,29,11,25.6,4.4,514,368
Caveiro,CVL_1B_1100,1349,CTS3,40,31.9,33,8,27.3,4.6,507,133
Caveiro,CVL_1B_1100,1349,CTS3,40,31.9,33,8,27.3,4.6,507,133
Caveiro,CVL_1B_1100,1349,CTS3,40,31.9,33,8,27.3,4.6,507,133
Caveiro,CVL_1B_1100,1349,CTS3,40,31.9,33,8,27.3,4.6,507,133
Caveiro,CVL_1B_1100,1349,CTS3,40,31.9,33,8,27.3,4.6,507,133
Caveiro,CVL_1B_1100,1349,CTS3,40,31.9,33,8,27.3,4.6,507,133
Caveiro,CVL_1B_1100,1349,CTS3,40,31.9,33,8,27.3,4.6,507,133
Caveiro,CVL_1B_1100,1349,CTS3,40,31.9,33,8,27.3,4.6,507,133
Caveiro,CVL_1B_1000,1378,CTS5,41,31.7,34,7,26.7,5,587,75
Caveiro,CVL_1B_1000,1378,CTS5,41,31.7,34,7,26.7,5,587,75
Caveiro,CVL_1B_1000,1378,CTS5,41,31.7,34,7,26.7,5,587,75
Caveiro,CVL_1B_1000,1378,CTS5,41,31.7,34,7,26.7,5,587,75
Caveiro,CVL_1B_1000,1378,CTS5,41,31.7,34,7,26.7,5,587,75
Caveiro,CVL_1B_1000,1378,CTS5,41,31.7,34,7,26.7,5,587,75
Caveiro,CVL_1B_1000,1378,CTS5,41,31.7,34,7,26.7,5,587,75
Caveiro,CVL_1B_1000,1378,CTS5,41,31.7,34,7,26.7,5,587,75
Caveiro,CVL_1B_1050,1378,CTS3,40,32,34,7,27.8,4.2,527,101
Caveiro,CVL_1B_1050,1378,CTS3,40,32,34,7,27.8,4.2,527,101
Caveiro,CVL_1B_1050,1378,CTS3,40,32,34,7,27.8,4.2,527,101
Caveiro,CVL_1B_1050,1378,CTS3,40,32,34,7,27.8,4.2,527,101
Caveiro,CVL_1B_1050,1378,CTS3,40,32,34,7,27.8,4.2,527,101
Caveiro,CVL_1B_1050,1378,CTS3,40,32,34,7,27.8,4.2,527,101
Caveiro,CVL_1B_1050,1378,CTS3,40,32,34,7,27.8,4.2,527,101
Caveiro,CVL_1B_1050,1378,CTS3,40,32,34,7,27.8,4.2,527,101
Caveiro,CVL_1B_900,1453,CTS5,44,34.800000000000004,37,7,30.1,4.7,517,128
Caveiro,CVL_1B_800,1536,CTS5,38,30.9,30,8,26,4.9,512,70
Caveiro,CVL_1B_750,1578,CTS5,39,29.4,29,10,24.4,5,508,45
Caveiro,CVL_1B_700,1621,CTS5,46,34.5,38,8,29.6,4.9,523,58
Caveiro,CVL_1B_600,1715,CTS5,40,32.4,34,6,27.3,5.1,526,29
Caveiro,CVL_1B_550,1764,CTS5,40,33.2,31,9,27.7,5.5,511,62
Caveiro,CVL_1B_500,1813,CTS5,32,30.6,28,5,26.2,4.4,562,26
Caveiro,CVL_1B_500,1813,CTS5,32,30.6,28,5,26.2,4.4,562,26
Caveiro,CVL_1B_500,1813,CTS5,32,30.6,28,5,26.2,4.4,562,26
Caveiro,CVL_1B_500,1813,CTS5,32,30.6,28,5,26.2,4.4,562,26
Caveiro,CVL_1B_500,1813,CTS5,32,30.6,28,5,26.2,4.4,562,26
Caveiro,CVL_1B_500,1813,CTS5,32,30.6,28,5,26.2,4.4,562,26
Caveiro,CVL_1B_500,1813,CTS5,32,30.6,28,5,26.2,4.4,562,26
Caveiro,CVL_1B_500,1813,CTS5,32,30.6,28,5,26.2,4.4,562,26
Caveiro,CVL_1B_450,1863,CTS5,41,33.2,33,6,28.6,4.6,579,63
Caveiro,CVL_1B_450,1863,CTS5,41,33.2,33,6,28.6,4.6,579,63
Caveiro,CVL_1B_450,1863,CTS5,41,33.2,33,6,28.6,4.6,579,63
Caveiro,CVL_1B_450,1863,CTS5,41,33.2,33,6,28.6,4.6,579,63
Caveiro,CVL_1B_450,1863,CTS5,41,33.2,33,6,28.6,4.6,579,63
Caveiro,CVL_1B_450,1863,CTS5,41,33.2,33,6,28.6,4.6,579,63
Caveiro,CVL_1B_450,1863,CTS5,41,33.2,33,6,28.6,4.6,579,63
Caveiro,CVL_1B_450,1863,CTS5,41,33.2,33,6,28.6,4.6,579,63
Empadadas Norte,EN_04_220,1418.1907139999998,CTS5,39,24.8,32,8,20.8,4,507,315
Empadadas Norte,EN_04_220,1418.1907139999998,CTS5,39,24.8,32,8,20.8,4,507,315
Empadadas Norte,EN_04_220,1418.1907139999998,CTS5,39,24.8,32,8,20.8,4,507,315
Empadadas Norte,EN_04_220,1418.1907139999998,CTS5,39,24.8,32,8,20.8,4,507,315
Empadadas Norte,EN_04_220,1418.1907139999998,CTS5,39,24.8,32,8,20.8,4,507,315
Empadadas Norte,EN_04_220,1418.1907139999998,CTS5,39,24.8,32,8,20.8,4,507,315
Empadadas Norte,EN_04_220,1418.1907139999998,CTS5,39,24.8,32,8,20.8,4,507,315
Empadadas Norte,EN_04_220,1418.1907139999998,CTS5,39,24.8,32,8,20.8,4,507,315
Empadadas Norte,EN_04_218,1429.14529,CTS5,42,28,34,9,22.9,5.1,519,650
Empadadas Norte,EN_04_218,1429.14529,CTS5,42,28,34,9,22.9,5.1,519,650
Empadadas Norte,EN_04_218,1429.14529,CTS5,42,28,34,9,22.9,5.1,519,650
Empadadas Norte,EN_04_218,1429.14529,CTS5,42,28,34,9,22.9,5.1,519,650
Empadadas Norte,EN_04_218,1429.14529,CTS5,42,28,34,9,22.9,5.1,519,650
Empadadas Norte,EN_04_218,1429.14529,CTS5,42,28,34,9,22.9,5.1,519,650
Empadadas Norte,EN_04_218,1429.14529,CTS5,42,28,34,9,22.9,5.1,519,650
Empadadas Norte,EN_04_218,1429.14529,CTS5,42,28,34,9,22.9,5.1,519,650
Empadadas Norte,EN_04_216,1440.633063,CTS5,35,21,27,10,16.4,4.6,629,404
Empadadas Norte,EN_04_216,1440.633063,CTS5,35,21,27,10,16.4,4.6,629,404
Empadadas Norte,EN_04_216,1440.633063,CTS5,35,21,27,10,16.4,4.6,629,404
Empadadas Norte,EN_04_216,1440.633063,CTS5,35,21,27,10,16.4,4.6,629,404
Empadadas Norte,EN_04_216,1440.633063,CTS5,35,21,27,10,16.4,4.6,629,404
Empadadas Norte,EN_04_216,1440.633063,CTS5,35,21,27,10,16.4,4.6,629,404
Empadadas Norte,EN_04_216,1440.633063,CTS5,35,21,27,10,16.4,4.6,629,404
Empadadas Norte,EN_04_216,1440.633063,CTS5,35,21,27,10,16.4,4.6,629,404
Empadadas Norte,EN_04_214,1452.709853,CTS5,33,22.299999999999997,26,9,17.7,4.6,517,461
Empadadas Norte,EN_04_214,1452.709853,CTS5,33,22.299999999999997,26,9,17.7,4.6,517,461
Empadadas Norte,EN_04_214,1452.709853,CTS5,33,22.299999999999997,26,9,17.7,4.6,517,461
Empadadas Norte,EN_04_214,1452.709853,CTS5,33,22.299999999999997,26,9,17.7,4.6,517,461
Empadadas Norte,EN_04_214,1452.709853,CTS5,33,22.299999999999997,26,9,17.7,4.6,517,461
Empadadas Norte,EN_04_214,1452.709853,CTS5,33,22.299999999999997,26,9,17.7,4.6,517,461
Empadadas Norte,EN_04_214,1452.709853,CTS5,33,22.299999999999997,26,9,17.7,4.6,517,461
Empadadas Norte,EN_04_214,1452.709853,CTS5,33,22.299999999999997,26,9,17.7,4.6,517,461
Empadadas Norte,EN_04_213,1458.986573,CTS4,68,44.9,59,10,40.8,4.1,511,323
Empadadas Norte,EN_04_213,1458.986573,CTS4,68,44.9,59,10,40.8,4.1,511,323
Empadadas Norte,EN_04_213,1458.986573,CTS4,68,44.9,59,10,40.8,4.1,511,323
Empadadas Norte,EN_04_213,1458.986573,CTS4,68,44.9,59,10,40.8,4.1,511,323
Empadadas Norte,EN_04_213,1458.986573,CTS4,68,44.9,59,10,40.8,4.1,511,323
Empadadas Norte,EN_04_213,1458.986573,CTS4,68,44.9,59,10,40.8,4.1,511,323
Empadadas Norte,EN_04_213,1458.986573,CTS4,68,44.9,59,10,40.8,4.1,511,323
Empadadas Norte,EN_04_213,1458.986573,CTS4,68,44.9,59,10,40.8,4.1,511,323
Empadadas Norte,EN_04_211,1472.05155,CTS5,48,32,40,9,27.4,4.6,516,439
Empadadas Norte,EN_04_211,1472.05155,CTS5,48,32,40,9,27.4,4.6,516,439
Empadadas Norte,EN_04_211,1472.05155,CTS5,48,32,40,9,27.4,4.6,516,439
Empadadas Norte,EN_04_211,1472.05155,CTS5,48,32,40,9,27.4,4.6,516,439
Empadadas Norte,EN_04_211,1472.05155,CTS5,48,32,40,9,27.4,4.6,516,439
Empadadas Norte,EN_04_211,1472.05155,CTS5,48,32,40,9,27.4,4.6,516,439
Empadadas Norte,EN_04_211,1472.05155,CTS5,48,32,40,9,27.4,4.6,516,439
Empadadas Norte,EN_04_211,1472.05155,CTS5,48,32,40,9,27.4,4.6,516,439
Empadadas Norte,EN_04_209,1485.845094,CTS5,46,28.3,34,12,23.1,5.2,506,540
Empadadas Norte,EN_04_209,1485.845094,CTS5,46,28.3,34,12,23.1,5.2,506,540
Empadadas Norte,EN_04_209,1485.845094,CTS5,46,28.3,34,12,23.1,5.2,506,540
Empadadas Norte,EN_04_209,1485.845094,CTS5,46,28.3,34,12,23.1,5.2,506,540
Empadadas Norte,EN_04_209,1485.845094,CTS5,46,28.3,34,12,23.1,5.2,506,540
Empadadas Norte,EN_04_209,1485.845094,CTS5,46,28.3,34,12,23.1,5.2,506,540
Empadadas Norte,EN_04_209,1485.845094,CTS5,46,28.3,34,12,23.1,5.2,506,540
Empadadas Norte,EN_04_209,1485.845094,CTS5,46,28.3,34,12,23.1,5.2,506,540
Empadadas Norte,EN_04_207,1500.422654,CTS5,55,35.3,44,10,31.5,3.8,508,427
Empadadas Norte,EN_04_207,1500.422654,CTS5,55,35.3,44,10,31.5,3.8,508,427
Empadadas Norte,EN_04_207,1500.422654,CTS5,55,35.3,44,10,31.5,3.8,508,427
Empadadas Norte,EN_04_207,1500.422654,CTS5,55,35.3,44,10,31.5,3.8,508,427
Empadadas Norte,EN_04_207,1500.422654,CTS5,55,35.3,44,10,31.5,3.8,508,427
Empadadas Norte,EN_04_207,1500.422654,CTS5,55,35.3,44,10,31.5,3.8,508,427
Empadadas Norte,EN_04_207,1500.422654,CTS5,55,35.3,44,10,31.5,3.8,508,427
Empadadas Norte,EN_04_207,1500.422654,CTS5,55,35.3,44,10,31.5,3.8,508,427
Empadadas Norte,EN_04_205,1515.794965,CTS5,42,31,36,11,26.7,4.3,505,260
Empadadas Norte,EN_04_205,1515.794965,CTS5,42,31,36,11,26.7,4.3,505,260
Empadadas Norte,EN_04_205,1515.794965,CTS5,42,31,36,11,26.7,4.3,505,260
Empadadas Norte,EN_04_205,1515.794965,CTS5,42,31,36,11,26.7,4.3,505,260
Empadadas Norte,EN_04_205,1515.794965,CTS5,42,31,36,11,26.7,4.3,505,260
Empadadas Norte,EN_04_205,1515.794965,CTS5,42,31,36,11,26.7,4.3,505,260
Empadadas Norte,EN_04_205,1515.794965,CTS5,42,31,36,11,26.7,4.3,505,260
Empadadas Norte,EN_04_205,1515.794965,CTS5,42,31,36,11,26.7,4.3,505,260
Empadadas Norte,EN_04_203,1531.885919,CTS5,51,33.8,41,11,29.3,4.5,549,574
Empadadas Norte,EN_04_203,1531.885919,CTS5,51,33.8,41,11,29.3,4.5,549,574
Empadadas Norte,EN_04_203,1531.885919,CTS5,51,33.8,41,11,29.3,4.5,549,574
Empadadas Norte,EN_04_203,1531.885919,CTS5,51,33.8,41,11,29.3,4.5,549,574
Empadadas Norte,EN_04_203,1531.885919,CTS5,51,33.8,41,11,29.3,4.5,549,574
Empadadas Norte,EN_04_203,1531.885919,CTS5,51,33.8,41,11,29.3,4.5,549,574
Empadadas Norte,EN_04_203,1531.885919,CTS5,51,33.8,41,11,29.3,4.5,549,574
Empadadas Norte,EN_04_203,1531.885919,CTS5,51,33.8,41,11,29.3,4.5,549,574
Empadadas Norte,EN_04_201,1548.609432,CTS5,54,34,45,10,29.7,4.3,535,408
Empadadas Norte,EN_04_201,1548.609432,CTS5,54,34,45,10,29.7,4.3,535,408
Empadadas Norte,EN_04_201,1548.609432,CTS5,54,34,45,10,29.7,4.3,535,408
Empadadas Norte,EN_04_201,1548.609432,CTS5,54,34,45,10,29.7,4.3,535,408
Empadadas Norte,EN_04_201,1548.609432,CTS5,54,34,45,10,29.7,4.3,535,408
Empadadas Norte,EN_04_201,1548.609432,CTS5,54,34,45,10,29.7,4.3,535,408
Empadadas Norte,EN_04_201,1548.609432,CTS5,54,34,45,10,29.7,4.3,535,408
Empadadas Norte,EN_04_201,1548.609432,CTS5,54,34,45,10,29.7,4.3,535,408
Empadadas Norte,EN_04_199,1565.879416,CTS5,48,31.599999999999998,37,12,26.9,4.7,508,465
Empadadas Norte,EN_04_199,1565.879416,CTS5,48,31.599999999999998,37,12,26.9,4.7,508,465
Empadadas Norte,EN_04_199,1565.879416,CTS5,48,31.599999999999998,37,12,26.9,4.7,508,465
Empadadas Norte,EN_04_199,1565.879416,CTS5,48,31.599999999999998,37,12,26.9,4.7,508,465
Empadadas Norte,EN_04_199,1565.879416,CTS5,48,31.599999999999998,37,12,26.9,4.7,508,465
Empadadas Norte,EN_04_199,1565.879416,CTS5,48,31.599999999999998,37,12,26.9,4.7,508,465
Empadadas Norte,EN_04_199,1565.879416,CTS5,48,31.599999999999998,37,12,26.9,4.7,508,465
Empadadas Norte,EN_04_199,1565.879416,CTS5,48,31.599999999999998,37,12,26.9,4.7,508,465
Empadadas Norte,EN_04_197,1583.609787,CTS5,43,30.6,38,9,25.5,5.1,514,40
Empadadas Norte,EN_04_197,1583.609787,CTS5,43,30.6,38,9,25.5,5.1,514,40
Empadadas Norte,EN_04_197,1583.609787,CTS5,43,30.6,38,9,25.5,5.1,514,40
Empadadas Norte,EN_04_197,1583.609787,CTS5,43,30.6,38,9,25.5,5.1,514,40
Empadadas Norte,EN_04_197,1583.609787,CTS5,43,30.6,38,9,25.5,5.1,514,40
Empadadas Norte,EN_04_197,1583.609787,CTS5,43,30.6,38,9,25.5,5.1,514,40
Empadadas Norte,EN_04_197,1583.609787,CTS5,43,30.6,38,9,25.5,5.1,514,40
Empadadas Norte,EN_04_197,1583.609787,CTS5,43,30.6,38,9,25.5,5.1,514,40
Empadadas Norte,EN_04_194,1610.880255,CTS5,39,28.099999999999998,32,8,23.9,4.2,512,175
Empadadas Norte,EN_04_194,1610.880255,CTS5,39,28.099999999999998,32,8,23.9,4.2,512,175
Empadadas Norte,EN_04_194,1610.880255,CTS5,39,28.099999999999998,32,8,23.9,4.2,512,175
Empadadas Norte,EN_04_194,1610.880255,CTS5,39,28.099999999999998,32,8,23.9,4.2,512,175
Empadadas Norte,EN_04_194,1610.880255,CTS5,39,28.099999999999998,32,8,23.9,4.2,512,175
Empadadas Norte,EN_04_194,1610.880255,CTS5,39,28.099999999999998,32,8,23.9,4.2,512,175
Empadadas Norte,EN_04_194,1610.880255,CTS5,39,28.099999999999998,32,8,23.9,4.2,512,175
Empadadas Norte,EN_04_194,1610.880255,CTS5,39,28.099999999999998,32,8,23.9,4.2,512,175
Empadadas Norte,EN_04_192,1629.384968,CTS5,48,32,39,9,27.2,4.8,514,65
Empadadas Norte,EN_04_192,1629.384968,CTS5,48,32,39,9,27.2,4.8,514,65
Empadadas Norte,EN_04_192,1629.384968,CTS5,48,32,39,9,27.2,4.8,514,65
Empadadas Norte,EN_04_192,1629.384968,CTS5,48,32,39,9,27.2,4.8,514,65
Empadadas Norte,EN_04_192,1629.384968,CTS5,48,32,39,9,27.2,4.8,514,65
Empadadas Norte,EN_04_192,1629.384968,CTS5,48,32,39,9,27.2,4.8,514,65
Empadadas Norte,EN_04_192,1629.384968,CTS5,48,32,39,9,27.2,4.8,514,65
Empadadas Norte,EN_04_192,1629.384968,CTS5,48,32,39,9,27.2,4.8,514,65
Empadadas Norte,EN_04_190,1648.048766,CTS5,61,35.5,50,11,31.8,3.7,513,326
Empadadas Norte,EN_04_190,1648.048766,CTS5,61,35.5,50,11,31.8,3.7,513,326
Empadadas Norte,EN_04_190,1648.048766,CTS5,61,35.5,50,11,31.8,3.7,513,326
Empadadas Norte,EN_04_190,1648.048766,CTS5,61,35.5,50,11,31.8,3.7,513,326
Empadadas Norte,EN_04_190,1648.048766,CTS5,61,35.5,50,11,31.8,3.7,513,326
Empadadas Norte,EN_04_190,1648.048766,CTS5,61,35.5,50,11,31.8,3.7,513,326
Empadadas Norte,EN_04_190,1648.048766,CTS5,61,35.5,50,11,31.8,3.7,513,326
Empadadas Norte,EN_04_190,1648.048766,CTS5,61,35.5,50,11,31.8,3.7,513,326
Empadadas Norte,EN_04_188,1666.785566,CTS5,36,25.299999999999997,29,9,20.9,4.4,505,287
Empadadas Norte,EN_04_188,1666.785566,CTS5,36,25.299999999999997,29,9,20.9,4.4,505,287
Empadadas Norte,EN_04_188,1666.785566,CTS5,36,25.299999999999997,29,9,20.9,4.4,505,287
Empadadas Norte,EN_04_188,1666.785566,CTS5,36,25.299999999999997,29,9,20.9,4.4,505,287
Empadadas Norte,EN_04_188,1666.785566,CTS5,36,25.299999999999997,29,9,20.9,4.4,505,287
Empadadas Norte,EN_04_188,1666.785566,CTS5,36,25.299999999999997,29,9,20.9,4.4,505,287
Empadadas Norte,EN_04_188,1666.785566,CTS5,36,25.299999999999997,29,9,20.9,4.4,505,287
Empadadas Norte,EN_04_188,1666.785566,CTS5,36,25.299999999999997,29,9,20.9,4.4,505,287
Empadadas Norte,EN_04_186,1685.50928,CTS5,37,25.2,29,9,20.7,4.5,508,352
Empadadas Norte,EN_04_186,1685.50928,CTS5,37,25.2,29,9,20.7,4.5,508,352
Empadadas Norte,EN_04_186,1685.50928,CTS5,37,25.2,29,9,20.7,4.5,508,352
Empadadas Norte,EN_04_186,1685.50928,CTS5,37,25.2,29,9,20.7,4.5,508,352
Empadadas Norte,EN_04_186,1685.50928,CTS5,37,25.2,29,9,20.7,4.5,508,352
Empadadas Norte,EN_04_186,1685.50928,CTS5,37,25.2,29,9,20.7,4.5,508,352
Empadadas Norte,EN_04_186,1685.50928,CTS5,37,25.2,29,9,20.7,4.5,508,352
Empadadas Norte,EN_04_186,1685.50928,CTS5,37,25.2,29,9,20.7,4.5,508,352
Empadadas Norte,EN_04_184,1704.133825,CTS5,42,27.2,35,8,23.3,3.9,517,249
Empadadas Norte,EN_04_184,1704.133825,CTS5,42,27.2,35,8,23.3,3.9,517,249
Empadadas Norte,EN_04_184,1704.133825,CTS5,42,27.2,35,8,23.3,3.9,517,249
Empadadas Norte,EN_04_184,1704.133825,CTS5,42,27.2,35,8,23.3,3.9,517,249
Empadadas Norte,EN_04_184,1704.133825,CTS5,42,27.2,35,8,23.3,3.9,517,249
Empadadas Norte,EN_04_184,1704.133825,CTS5,42,27.2,35,8,23.3,3.9,517,249
Empadadas Norte,EN_04_184,1704.133825,CTS5,42,27.2,35,8,23.3,3.9,517,249
Empadadas Norte,EN_04_184,1704.133825,CTS5,42,27.2,35,8,23.3,3.9,517,249
Empadadas Norte,EN_04_182,1722.573113,CTS5,43,30.599999999999998,34,10,25.4,5.2,506,278
Empadadas Norte,EN_04_182,1722.573113,CTS5,43,30.599999999999998,34,10,25.4,5.2,506,278
Empadadas Norte,EN_04_182,1722.573113,CTS5,43,30.599999999999998,34,10,25.4,5.2,506,278
Empadadas Norte,EN_04_182,1722.573113,CTS5,43,30.599999999999998,34,10,25.4,5.2,506,278
Empadadas Norte,EN_04_182,1722.573113,CTS5,43,30.599999999999998,34,10,25.4,5.2,506,278
Empadadas Norte,EN_04_182,1722.573113,CTS5,43,30.599999999999998,34,10,25.4,5.2,506,278
Empadadas Norte,EN_04_182,1722.573113,CTS5,43,30.599999999999998,34,10,25.4,5.2,506,278
Empadadas Norte,EN_04_182,1722.573113,CTS5,43,30.599999999999998,34,10,25.4,5.2,506,278
Empadadas Norte,EN_04_180,1740.741059,CTS5,40,27.299999999999997,34,8,22.9,4.4,510,276
Empadadas Norte,EN_04_180,1740.741059,CTS5,40,27.299999999999997,34,8,22.9,4.4,510,276
Empadadas Norte,EN_04_180,1740.741059,CTS5,40,27.299999999999997,34,8,22.9,4.4,510,276
Empadadas Norte,EN_04_180,1740.741059,CTS5,40,27.299999999999997,34,8,22.9,4.4,510,276
Empadadas Norte,EN_04_180,1740.741059,CTS5,40,27.299999999999997,34,8,22.9,4.4,510,276
Empadadas Norte,EN_04_180,1740.741059,CTS5,40,27.299999999999997,34,8,22.9,4.4,510,276
Empadadas Norte,EN_04_180,1740.741059,CTS5,40,27.299999999999997,34,8,22.9,4.4,510,276
Empadadas Norte,EN_04_180,1740.741059,CTS5,40,27.299999999999997,34,8,22.9,4.4,510,276
Empadadas Norte,EN_04_177,1767.295901,CTS5,40,29.4,32,9,25,4.4,504,168
Empadadas Norte,EN_04_177,1767.295901,CTS5,40,29.4,32,9,25,4.4,504,168
Empadadas Norte,EN_04_177,1767.295901,CTS5,40,29.4,32,9,25,4.4,504,168
Empadadas Norte,EN_04_177,1767.295901,CTS5,40,29.4,32,9,25,4.4,504,168
Empadadas Norte,EN_04_177,1767.295901,CTS5,40,29.4,32,9,25,4.4,504,168
Empadadas Norte,EN_04_177,1767.295901,CTS5,40,29.4,32,9,25,4.4,504,168
Empadadas Norte,EN_04_177,1767.295901,CTS5,40,29.4,32,9,25,4.4,504,168
Empadadas Norte,EN_04_177,1767.295901,CTS5,40,29.4,32,9,25,4.4,504,168
Empadadas Norte,EN_04_174,1792.756033,CTS5,37,24.799999999999997,28,9,20.2,4.6,524,198
Empadadas Norte,EN_04_174,1792.756033,CTS5,37,24.799999999999997,28,9,20.2,4.6,524,198
Empadadas Norte,EN_04_174,1792.756033,CTS5,37,24.799999999999997,28,9,20.2,4.6,524,198
Empadadas Norte,EN_04_174,1792.756033,CTS5,37,24.799999999999997,28,9,20.2,4.6,524,198
Empadadas Norte,EN_04_174,1792.756033,CTS5,37,24.799999999999997,28,9,20.2,4.6,524,198
Empadadas Norte,EN_04_174,1792.756033,CTS5,37,24.799999999999997,28,9,20.2,4.6,524,198
Empadadas Norte,EN_04_174,1792.756033,CTS5,37,24.799999999999997,28,9,20.2,4.6,524,198
Empadadas Norte,EN_04_174,1792.756033,CTS5,37,24.799999999999997,28,9,20.2,4.6,524,198
Empadadas Norte,EN_04_172,1808.977857,CTS5,39,25.9,30,9,20.9,5,520,198
Empadadas Norte,EN_04_172,1808.977857,CTS5,39,25.9,30,9,20.9,5,520,198
Empadadas Norte,EN_04_172,1808.977857,CTS5,39,25.9,30,9,20.9,5,520,198
Empadadas Norte,EN_04_172,1808.977857,CTS5,39,25.9,30,9,20.9,5,520,198
Empadadas Norte,EN_04_172,1808.977857,CTS5,39,25.9,30,9,20.9,5,520,198
Empadadas Norte,EN_04_172,1808.977857,CTS5,39,25.9,30,9,20.9,5,520,198
Empadadas Norte,EN_04_172,1808.977857,CTS5,39,25.9,30,9,20.9,5,520,198
Empadadas Norte,EN_04_172,1808.977857,CTS5,39,25.9,30,9,20.9,5,520,198
Empadadas Norte,EN_04_170,1824.498007,CTS5,42,26.9,33,8,21.9,5,504,150
Empadadas Norte,EN_04_170,1824.498007,CTS5,42,26.9,33,8,21.9,5,504,150
Empadadas Norte,EN_04_170,1824.498007,CTS5,42,26.9,33,8,21.9,5,504,150
Empadadas Norte,EN_04_170,1824.498007,CTS5,42,26.9,33,8,21.9,5,504,150
Empadadas Norte,EN_04_170,1824.498007,CTS5,42,26.9,33,8,21.9,5,504,150
Empadadas Norte,EN_04_170,1824.498007,CTS5,42,26.9,33,8,21.9,5,504,150
Empadadas Norte,EN_04_170,1824.498007,CTS5,42,26.9,33,8,21.9,5,504,150
Empadadas Norte,EN_04_170,1824.498007,CTS5,42,26.9,33,8,21.9,5,504,150
Empadadas Norte,EN_04_168,1839.23043,CTS5,41,27.099999999999998,33,8,21.4,5.7,509,165
Empadadas Norte,EN_04_168,1839.23043,CTS5,41,27.099999999999998,33,8,21.4,5.7,509,165
Empadadas Norte,EN_04_168,1839.23043,CTS5,41,27.099999999999998,33,8,21.4,5.7,509,165
Empadadas Norte,EN_04_168,1839.23043,CTS5,41,27.099999999999998,33,8,21.4,5.7,509,165
Empadadas Norte,EN_04_168,1839.23043,CTS5,41,27.099999999999998,33,8,21.4,5.7,509,165
Empadadas Norte,EN_04_168,1839.23043,CTS5,41,27.099999999999998,33,8,21.4,5.7,509,165
Empadadas Norte,EN_04_168,1839.23043,CTS5,41,27.099999999999998,33,8,21.4,5.7,509,165
Empadadas Norte,EN_04_168,1839.23043,CTS5,41,27.099999999999998,33,8,21.4,5.7,509,165
Empadadas Norte,EN_04_149,1859.663834,CTS5,54,NA,53,3,38.6,NA,504,5
Empadadas Norte,EN_04_149,1859.663834,CTS5,54,NA,53,3,38.6,NA,504,5
Empadadas Norte,EN_04_149,1859.663834,CTS5,54,NA,53,3,38.6,NA,504,5
Empadadas Norte,EN_04_149,1859.663834,CTS5,54,NA,53,3,38.6,NA,504,5
Empadadas Norte,EN_04_149,1859.663834,CTS5,54,NA,53,3,38.6,NA,504,5
Empadadas Norte,EN_04_149,1859.663834,CTS5,54,NA,53,3,38.6,NA,504,5
Empadadas Norte,EN_04_149,1859.663834,CTS5,54,NA,53,3,38.6,NA,504,5
Empadadas Norte,EN_04_149,1859.663834,CTS5,54,NA,53,3,38.6,NA,504,5
Empadadas Norte,EN_04_147,1872.0504547,CTS5,51,39.300000000000004,49,5,34.7,4.6,504,12
Empadadas Norte,EN_04_147,1872.0504547,CTS5,51,39.300000000000004,49,5,34.7,4.6,504,12
Empadadas Norte,EN_04_147,1872.0504547,CTS5,51,39.300000000000004,49,5,34.7,4.6,504,12
Empadadas Norte,EN_04_147,1872.0504547,CTS5,51,39.300000000000004,49,5,34.7,4.6,504,12
Empadadas Norte,EN_04_147,1872.0504547,CTS5,51,39.300000000000004,49,5,34.7,4.6,504,12
Empadadas Norte,EN_04_147,1872.0504547,CTS5,51,39.300000000000004,49,5,34.7,4.6,504,12
Empadadas Norte,EN_04_147,1872.0504547,CTS5,51,39.300000000000004,49,5,34.7,4.6,504,12
Empadadas Norte,EN_04_147,1872.0504547,CTS5,51,39.300000000000004,49,5,34.7,4.6,504,12
Empadadas Norte,EN_04_145,1883.3481609,CTS5,45,NA,43,4,34.3,NA,511,8
Empadadas Norte,EN_04_145,1883.3481609,CTS5,45,NA,43,4,34.3,NA,511,8
Empadadas Norte,EN_04_145,1883.3481609,CTS5,45,NA,43,4,34.3,NA,511,8
Empadadas Norte,EN_04_145,1883.3481609,CTS5,45,NA,43,4,34.3,NA,511,8
Empadadas Norte,EN_04_145,1883.3481609,CTS5,45,NA,43,4,34.3,NA,511,8
Empadadas Norte,EN_04_145,1883.3481609,CTS5,45,NA,43,4,34.3,NA,511,8
Empadadas Norte,EN_04_145,1883.3481609,CTS5,45,NA,43,4,34.3,NA,511,8
Empadadas Norte,EN_04_145,1883.3481609,CTS5,45,NA,43,4,34.3,NA,511,8
Empadadas Norte,EN_04_143,1893.470899,CTS5,51,40.4,48,5,35.9,4.5,525,23
Empadadas Norte,EN_04_143,1893.470899,CTS5,51,40.4,48,5,35.9,4.5,525,23
Empadadas Norte,EN_04_143,1893.470899,CTS5,51,40.4,48,5,35.9,4.5,525,23
Empadadas Norte,EN_04_143,1893.470899,CTS5,51,40.4,48,5,35.9,4.5,525,23
Empadadas Norte,EN_04_143,1893.470899,CTS5,51,40.4,48,5,35.9,4.5,525,23
Empadadas Norte,EN_04_143,1893.470899,CTS5,51,40.4,48,5,35.9,4.5,525,23
Empadadas Norte,EN_04_143,1893.470899,CTS5,51,40.4,48,5,35.9,4.5,525,23
Empadadas Norte,EN_04_143,1893.470899,CTS5,51,40.4,48,5,35.9,4.5,525,23
Empadadas Norte,EN_04_141,1902.3665804,CTS5,43,32.9,39,6,28.5,4.4,505,26
Empadadas Norte,EN_04_141,1902.3665804,CTS5,43,32.9,39,6,28.5,4.4,505,26
Empadadas Norte,EN_04_141,1902.3665804,CTS5,43,32.9,39,6,28.5,4.4,505,26
Empadadas Norte,EN_04_141,1902.3665804,CTS5,43,32.9,39,6,28.5,4.4,505,26
Empadadas Norte,EN_04_141,1902.3665804,CTS5,43,32.9,39,6,28.5,4.4,505,26
Empadadas Norte,EN_04_141,1902.3665804,CTS5,43,32.9,39,6,28.5,4.4,505,26
Empadadas Norte,EN_04_141,1902.3665804,CTS5,43,32.9,39,6,28.5,4.4,505,26
Empadadas Norte,EN_04_141,1902.3665804,CTS5,43,32.9,39,6,28.5,4.4,505,26
Empadadas Norte,EN_04_139,1910.1189757,CTS5,55,41,50,7,36.5,4.5,509,50
Empadadas Norte,EN_04_139,1910.1189757,CTS5,55,41,50,7,36.5,4.5,509,50
Empadadas Norte,EN_04_139,1910.1189757,CTS5,55,41,50,7,36.5,4.5,509,50
Empadadas Norte,EN_04_139,1910.1189757,CTS5,55,41,50,7,36.5,4.5,509,50
Empadadas Norte,EN_04_139,1910.1189757,CTS5,55,41,50,7,36.5,4.5,509,50
Empadadas Norte,EN_04_139,1910.1189757,CTS5,55,41,50,7,36.5,4.5,509,50
Empadadas Norte,EN_04_139,1910.1189757,CTS5,55,41,50,7,36.5,4.5,509,50
Empadadas Norte,EN_04_139,1910.1189757,CTS5,55,41,50,7,36.5,4.5,509,50
Empadadas Norte,EN_04_137,1916.8458204,CTS5,57,43.4,51,6,37.6,5.8,511,12
Empadadas Norte,EN_04_137,1916.8458204,CTS5,57,43.4,51,6,37.6,5.8,511,12
Empadadas Norte,EN_04_137,1916.8458204,CTS5,57,43.4,51,6,37.6,5.8,511,12
Empadadas Norte,EN_04_137,1916.8458204,CTS5,57,43.4,51,6,37.6,5.8,511,12
Empadadas Norte,EN_04_137,1916.8458204,CTS5,57,43.4,51,6,37.6,5.8,511,12
Empadadas Norte,EN_04_137,1916.8458204,CTS5,57,43.4,51,6,37.6,5.8,511,12
Empadadas Norte,EN_04_137,1916.8458204,CTS5,57,43.4,51,6,37.6,5.8,511,12
Empadadas Norte,EN_04_137,1916.8458204,CTS5,57,43.4,51,6,37.6,5.8,511,12
Empadadas Norte,EN_04_135,1922.6648502,CTS5,54,40.8,53,4,36.8,4,516,21
Empadadas Norte,EN_04_135,1922.6648502,CTS5,54,40.8,53,4,36.8,4,516,21
Empadadas Norte,EN_04_135,1922.6648502,CTS5,54,40.8,53,4,36.8,4,516,21
Empadadas Norte,EN_04_135,1922.6648502,CTS5,54,40.8,53,4,36.8,4,516,21
Empadadas Norte,EN_04_135,1922.6648502,CTS5,54,40.8,53,4,36.8,4,516,21
Empadadas Norte,EN_04_135,1922.6648502,CTS5,54,40.8,53,4,36.8,4,516,21
Empadadas Norte,EN_04_135,1922.6648502,CTS5,54,40.8,53,4,36.8,4,516,21
Empadadas Norte,EN_04_135,1922.6648502,CTS5,54,40.8,53,4,36.8,4,516,21
Empadadas Norte,EN_04_133,1927.6938005,CTS5,61,45.5,57,6,40.9,4.6,513,20
Empadadas Norte,EN_04_133,1927.6938005,CTS5,61,45.5,57,6,40.9,4.6,513,20
Empadadas Norte,EN_04_133,1927.6938005,CTS5,61,45.5,57,6,40.9,4.6,513,20
Empadadas Norte,EN_04_133,1927.6938005,CTS5,61,45.5,57,6,40.9,4.6,513,20
Empadadas Norte,EN_04_133,1927.6938005,CTS5,61,45.5,57,6,40.9,4.6,513,20
Empadadas Norte,EN_04_133,1927.6938005,CTS5,61,45.5,57,6,40.9,4.6,513,20
Empadadas Norte,EN_04_133,1927.6938005,CTS5,61,45.5,57,6,40.9,4.6,513,20
Empadadas Norte,EN_04_133,1927.6938005,CTS5,61,45.5,57,6,40.9,4.6,513,20
Empadadas Norte,EN_04_131,1932.0504068,CTS5,59,44.5,57,4,40.9,3.6,506,19
Empadadas Norte,EN_04_131,1932.0504068,CTS5,59,44.5,57,4,40.9,3.6,506,19
Empadadas Norte,EN_04_131,1932.0504068,CTS5,59,44.5,57,4,40.9,3.6,506,19
Empadadas Norte,EN_04_131,1932.0504068,CTS5,59,44.5,57,4,40.9,3.6,506,19
Empadadas Norte,EN_04_131,1932.0504068,CTS5,59,44.5,57,4,40.9,3.6,506,19
Empadadas Norte,EN_04_131,1932.0504068,CTS5,59,44.5,57,4,40.9,3.6,506,19
Empadadas Norte,EN_04_131,1932.0504068,CTS5,59,44.5,57,4,40.9,3.6,506,19
Empadadas Norte,EN_04_131,1932.0504068,CTS5,59,44.5,57,4,40.9,3.6,506,19
Empadadas Norte,EN_04_129,1935.8524048,CTS5,51,42.1,47,8,37.1,5,500,30
Empadadas Norte,EN_04_129,1935.8524048,CTS5,51,42.1,47,8,37.1,5,500,30
Empadadas Norte,EN_04_129,1935.8524048,CTS5,51,42.1,47,8,37.1,5,500,30
Empadadas Norte,EN_04_129,1935.8524048,CTS5,51,42.1,47,8,37.1,5,500,30
Empadadas Norte,EN_04_129,1935.8524048,CTS5,51,42.1,47,8,37.1,5,500,30
Empadadas Norte,EN_04_129,1935.8524048,CTS5,51,42.1,47,8,37.1,5,500,30
Empadadas Norte,EN_04_129,1935.8524048,CTS5,51,42.1,47,8,37.1,5,500,30
Empadadas Norte,EN_04_129,1935.8524048,CTS5,51,42.1,47,8,37.1,5,500,30
Empadadas Norte,EN_04_127,1939.2175299,CTS5,58,NA,52,6,37.8,NA,503,9
Empadadas Norte,EN_04_127,1939.2175299,CTS5,58,NA,52,6,37.8,NA,503,9
Empadadas Norte,EN_04_127,1939.2175299,CTS5,58,NA,52,6,37.8,NA,503,9
Empadadas Norte,EN_04_127,1939.2175299,CTS5,58,NA,52,6,37.8,NA,503,9
Empadadas Norte,EN_04_127,1939.2175299,CTS5,58,NA,52,6,37.8,NA,503,9
Empadadas Norte,EN_04_127,1939.2175299,CTS5,58,NA,52,6,37.8,NA,503,9
Empadadas Norte,EN_04_127,1939.2175299,CTS5,58,NA,52,6,37.8,NA,503,9
Empadadas Norte,EN_04_127,1939.2175299,CTS5,58,NA,52,6,37.8,NA,503,9
Empadadas Norte,EN_04_125,1942.26351772,CTS5,52,36.599999999999994,44,10,32.3,4.3,506,50
Empadadas Norte,EN_04_125,1942.26351772,CTS5,52,36.599999999999994,44,10,32.3,4.3,506,50
Empadadas Norte,EN_04_125,1942.26351772,CTS5,52,36.599999999999994,44,10,32.3,4.3,506,50
Empadadas Norte,EN_04_125,1942.26351772,CTS5,52,36.599999999999994,44,10,32.3,4.3,506,50
Empadadas Norte,EN_04_125,1942.26351772,CTS5,52,36.599999999999994,44,10,32.3,4.3,506,50
Empadadas Norte,EN_04_125,1942.26351772,CTS5,52,36.599999999999994,44,10,32.3,4.3,506,50
Empadadas Norte,EN_04_125,1942.26351772,CTS5,52,36.599999999999994,44,10,32.3,4.3,506,50
Empadadas Norte,EN_04_125,1942.26351772,CTS5,52,36.599999999999994,44,10,32.3,4.3,506,50
Empadadas Norte,EN_04_123,1945.10810373,CTS5,50,40,47,5,35,5,505,10
Empadadas Norte,EN_04_123,1945.10810373,CTS5,50,40,47,5,35,5,505,10
Empadadas Norte,EN_04_123,1945.10810373,CTS5,50,40,47,5,35,5,505,10
Empadadas Norte,EN_04_123,1945.10810373,CTS5,50,40,47,5,35,5,505,10
Empadadas Norte,EN_04_123,1945.10810373,CTS5,50,40,47,5,35,5,505,10
Empadadas Norte,EN_04_123,1945.10810373,CTS5,50,40,47,5,35,5,505,10
Empadadas Norte,EN_04_123,1945.10810373,CTS5,50,40,47,5,35,5,505,10
Empadadas Norte,EN_04_123,1945.10810373,CTS5,50,40,47,5,35,5,505,10
Empadadas Norte,EN_04_121,1947.86902349,CTS5,57,NA,53,5,42.3,NA,525,6
Empadadas Norte,EN_04_121,1947.86902349,CTS5,57,NA,53,5,42.3,NA,525,6
Empadadas Norte,EN_04_121,1947.86902349,CTS5,57,NA,53,5,42.3,NA,525,6
Empadadas Norte,EN_04_121,1947.86902349,CTS5,57,NA,53,5,42.3,NA,525,6
Empadadas Norte,EN_04_121,1947.86902349,CTS5,57,NA,53,5,42.3,NA,525,6
Empadadas Norte,EN_04_121,1947.86902349,CTS5,57,NA,53,5,42.3,NA,525,6
Empadadas Norte,EN_04_121,1947.86902349,CTS5,57,NA,53,5,42.3,NA,525,6
Empadadas Norte,EN_04_121,1947.86902349,CTS5,57,NA,53,5,42.3,NA,525,6
Empadadas Norte,EN_04_119,1950.6640125,CTS5,62,43.3,57,6,38,5.3,511,16
Empadadas Norte,EN_04_119,1950.6640125,CTS5,62,43.3,57,6,38,5.3,511,16
Empadadas Norte,EN_04_119,1950.6640125,CTS5,62,43.3,57,6,38,5.3,511,16
Empadadas Norte,EN_04_119,1950.6640125,CTS5,62,43.3,57,6,38,5.3,511,16
Empadadas Norte,EN_04_119,1950.6640125,CTS5,62,43.3,57,6,38,5.3,511,16
Empadadas Norte,EN_04_119,1950.6640125,CTS5,62,43.3,57,6,38,5.3,511,16
Empadadas Norte,EN_04_119,1950.6640125,CTS5,62,43.3,57,6,38,5.3,511,16
Empadadas Norte,EN_04_119,1950.6640125,CTS5,62,43.3,57,6,38,5.3,511,16
Empadadas Norte,EN_04_117,1953.6108064,CTS3,60,NA,57,5,41.4,NA,503,6
Empadadas Norte,EN_04_117,1953.6108064,CTS3,60,NA,57,5,41.4,NA,503,6
Empadadas Norte,EN_04_117,1953.6108064,CTS3,60,NA,57,5,41.4,NA,503,6
Empadadas Norte,EN_04_117,1953.6108064,CTS3,60,NA,57,5,41.4,NA,503,6
Empadadas Norte,EN_04_117,1953.6108064,CTS3,60,NA,57,5,41.4,NA,503,6
Empadadas Norte,EN_04_117,1953.6108064,CTS3,60,NA,57,5,41.4,NA,503,6
Empadadas Norte,EN_04_117,1953.6108064,CTS3,60,NA,57,5,41.4,NA,503,6
Empadadas Norte,EN_04_117,1953.6108064,CTS3,60,NA,57,5,41.4,NA,503,6
Empadadas Norte,EN_04_115,1956.8271406,CTS5,62,NA,61,5,43.6,NA,503,7
Empadadas Norte,EN_04_115,1956.8271406,CTS5,62,NA,61,5,43.6,NA,503,7
Empadadas Norte,EN_04_115,1956.8271406,CTS5,62,NA,61,5,43.6,NA,503,7
Empadadas Norte,EN_04_115,1956.8271406,CTS5,62,NA,61,5,43.6,NA,503,7
Empadadas Norte,EN_04_115,1956.8271406,CTS5,62,NA,61,5,43.6,NA,503,7
Empadadas Norte,EN_04_115,1956.8271406,CTS5,62,NA,61,5,43.6,NA,503,7
Empadadas Norte,EN_04_115,1956.8271406,CTS5,62,NA,61,5,43.6,NA,503,7
Empadadas Norte,EN_04_115,1956.8271406,CTS5,62,NA,61,5,43.6,NA,503,7
Empadadas Norte,EN_04_30,1964.538615,CTS5,55,44.1,50,5,39.1,5,501,10
Empadadas Norte,EN_04_28,1969.176126,CTS5,59,41.4,52,7,35.3,6.1,503,15
Empadadas Norte,EN_04_26,1974.190798,CTS5,62,41.8,55,7,36.3,5.5,504,16
Empadadas Norte,EN_04_24,1979.409711,CTS5,55,36.3,49,6,31.8,4.5,526,30
Empadadas Norte,EN_04_22,1984.659943,CTS5,40,25.3,38,5,20.3,5,834,10
Empadadas Norte,EN_04_22,1984.659943,CTS5,40,25.3,38,5,20.3,5,834,10
Empadadas Norte,EN_04_22,1984.659943,CTS5,40,25.3,38,5,20.3,5,834,10
Empadadas Norte,EN_04_22,1984.659943,CTS5,40,25.3,38,5,20.3,5,834,10
Empadadas Norte,EN_04_22,1984.659943,CTS5,40,25.3,38,5,20.3,5,834,10
Empadadas Norte,EN_04_22,1984.659943,CTS5,40,25.3,38,5,20.3,5,834,10
Empadadas Norte,EN_04_22,1984.659943,CTS5,40,25.3,38,5,20.3,5,834,10
Empadadas Norte,EN_04_22,1984.659943,CTS5,40,25.3,38,5,20.3,5,834,10
Empadadas Norte,EN_04_20,1989.768574,CTS5,49,NA,46,5,17.8,NA,1032,6
Empadadas Norte,EN_04_20,1989.768574,CTS5,49,NA,46,5,17.8,NA,1032,6
Empadadas Norte,EN_04_20,1989.768574,CTS5,49,NA,46,5,17.8,NA,1032,6
Empadadas Norte,EN_04_20,1989.768574,CTS5,49,NA,46,5,17.8,NA,1032,6
Empadadas Norte,EN_04_20,1989.768574,CTS5,49,NA,46,5,17.8,NA,1032,6
Empadadas Norte,EN_04_20,1989.768574,CTS5,49,NA,46,5,17.8,NA,1032,6
Empadadas Norte,EN_04_20,1989.768574,CTS5,49,NA,46,5,17.8,NA,1032,6
Empadadas Norte,EN_04_20,1989.768574,CTS5,49,NA,46,5,17.8,NA,1032,6
Empadadas Norte,EN_04_19,1992.215751,CTS5,43,NA,43,3,17,NA,1045,3
Empadadas Norte,EN_04_19,1992.215751,CTS5,43,NA,43,3,17,NA,1045,3
Empadadas Norte,EN_04_19,1992.215751,CTS5,43,NA,43,3,17,NA,1045,3
Empadadas Norte,EN_04_19,1992.215751,CTS5,43,NA,43,3,17,NA,1045,3
Empadadas Norte,EN_04_19,1992.215751,CTS5,43,NA,43,3,17,NA,1045,3
Empadadas Norte,EN_04_19,1992.215751,CTS5,43,NA,43,3,17,NA,1045,3
Empadadas Norte,EN_04_19,1992.215751,CTS5,43,NA,43,3,17,NA,1045,3
Empadadas Norte,EN_04_19,1992.215751,CTS5,43,NA,43,3,17,NA,1045,3
Empadadas Norte,EN_04_18,1994.562682,CTS3,42,NA,42,2,17.8,NA,1278,5
Empadadas Norte,EN_04_18,1994.562682,CTS3,42,NA,42,2,17.8,NA,1278,5
Empadadas Norte,EN_04_18,1994.562682,CTS3,42,NA,42,2,17.8,NA,1278,5
Empadadas Norte,EN_04_18,1994.562682,CTS3,42,NA,42,2,17.8,NA,1278,5
Empadadas Norte,EN_04_18,1994.562682,CTS3,42,NA,42,2,17.8,NA,1278,5
Empadadas Norte,EN_04_18,1994.562682,CTS3,42,NA,42,2,17.8,NA,1278,5
Empadadas Norte,EN_04_18,1994.562682,CTS3,42,NA,42,2,17.8,NA,1278,5
Empadadas Norte,EN_04_18,1994.562682,CTS3,42,NA,42,2,17.8,NA,1278,5
Empadadas Norte,EN_04_17,1996.787752,CTS3,44,27.1,43,4,23.1,4,763,11
Empadadas Norte,EN_04_17,1996.787752,CTS3,44,27.1,43,4,23.1,4,763,11
Empadadas Norte,EN_04_17,1996.787752,CTS3,44,27.1,43,4,23.1,4,763,11
Empadadas Norte,EN_04_17,1996.787752,CTS3,44,27.1,43,4,23.1,4,763,11
Empadadas Norte,EN_04_17,1996.787752,CTS3,44,27.1,43,4,23.1,4,763,11
Empadadas Norte,EN_04_17,1996.787752,CTS3,44,27.1,43,4,23.1,4,763,11
Empadadas Norte,EN_04_17,1996.787752,CTS3,44,27.1,43,4,23.1,4,763,11
Empadadas Norte,EN_04_17,1996.787752,CTS3,44,27.1,43,4,23.1,4,763,11
Empadadas Norte,EN_04_16,1998.869346,CTS3,55,31.6,50,7,25.7,5.9,841,14
Empadadas Norte,EN_04_16,1998.869346,CTS3,55,31.6,50,7,25.7,5.9,841,14
Empadadas Norte,EN_04_16,1998.869346,CTS3,55,31.6,50,7,25.7,5.9,841,14
Empadadas Norte,EN_04_16,1998.869346,CTS3,55,31.6,50,7,25.7,5.9,841,14
Empadadas Norte,EN_04_16,1998.869346,CTS3,55,31.6,50,7,25.7,5.9,841,14
Empadadas Norte,EN_04_16,1998.869346,CTS3,55,31.6,50,7,25.7,5.9,841,14
Empadadas Norte,EN_04_16,1998.869346,CTS3,55,31.6,50,7,25.7,5.9,841,14
Empadadas Norte,EN_04_16,1998.869346,CTS3,55,31.6,50,7,25.7,5.9,841,14
Empadadas Norte,EN_04_15,2000.785849,CTS3,46,23.6,43,5,19.6,4,1012,14
Empadadas Norte,EN_04_15,2000.785849,CTS3,46,23.6,43,5,19.6,4,1012,14
Empadadas Norte,EN_04_15,2000.785849,CTS3,46,23.6,43,5,19.6,4,1012,14
Empadadas Norte,EN_04_15,2000.785849,CTS3,46,23.6,43,5,19.6,4,1012,14
Empadadas Norte,EN_04_15,2000.785849,CTS3,46,23.6,43,5,19.6,4,1012,14
Empadadas Norte,EN_04_15,2000.785849,CTS3,46,23.6,43,5,19.6,4,1012,14
Empadadas Norte,EN_04_15,2000.785849,CTS3,46,23.6,43,5,19.6,4,1012,14
Empadadas Norte,EN_04_15,2000.785849,CTS3,46,23.6,43,5,19.6,4,1012,14
Empadadas Norte,EN_04_14,2002.515645,CTS3,46,25.4,41,7,20.2,5.2,853,17
Empadadas Norte,EN_04_14,2002.515645,CTS3,46,25.4,41,7,20.2,5.2,853,17
Empadadas Norte,EN_04_14,2002.515645,CTS3,46,25.4,41,7,20.2,5.2,853,17
Empadadas Norte,EN_04_14,2002.515645,CTS3,46,25.4,41,7,20.2,5.2,853,17
Empadadas Norte,EN_04_14,2002.515645,CTS3,46,25.4,41,7,20.2,5.2,853,17
Empadadas Norte,EN_04_14,2002.515645,CTS3,46,25.4,41,7,20.2,5.2,853,17
Empadadas Norte,EN_04_14,2002.515645,CTS3,46,25.4,41,7,20.2,5.2,853,17
Empadadas Norte,EN_04_14,2002.515645,CTS3,46,25.4,41,7,20.2,5.2,853,17
Empadadas Norte,EN_04_13,2004.037921,CTS3,48,26.799999999999997,41,7,22.2,4.6,675,23
Empadadas Norte,EN_04_13,2004.037921,CTS3,48,26.799999999999997,41,7,22.2,4.6,675,23
Empadadas Norte,EN_04_13,2004.037921,CTS3,48,26.799999999999997,41,7,22.2,4.6,675,23
Empadadas Norte,EN_04_13,2004.037921,CTS3,48,26.799999999999997,41,7,22.2,4.6,675,23
Empadadas Norte,EN_04_13,2004.037921,CTS3,48,26.799999999999997,41,7,22.2,4.6,675,23
Empadadas Norte,EN_04_13,2004.037921,CTS3,48,26.799999999999997,41,7,22.2,4.6,675,23
Empadadas Norte,EN_04_13,2004.037921,CTS3,48,26.799999999999997,41,7,22.2,4.6,675,23
Empadadas Norte,EN_04_13,2004.037921,CTS3,48,26.799999999999997,41,7,22.2,4.6,675,23
Empadadas Norte,EN_04_12,2005.350298,CTS3,41,27.2,39,5,22.5,4.7,713,13
Empadadas Norte,EN_04_12,2005.350298,CTS3,41,27.2,39,5,22.5,4.7,713,13
Empadadas Norte,EN_04_12,2005.350298,CTS3,41,27.2,39,5,22.5,4.7,713,13
Empadadas Norte,EN_04_12,2005.350298,CTS3,41,27.2,39,5,22.5,4.7,713,13
Empadadas Norte,EN_04_12,2005.350298,CTS3,41,27.2,39,5,22.5,4.7,713,13
Empadadas Norte,EN_04_12,2005.350298,CTS3,41,27.2,39,5,22.5,4.7,713,13
Empadadas Norte,EN_04_12,2005.350298,CTS3,41,27.2,39,5,22.5,4.7,713,13
Empadadas Norte,EN_04_12,2005.350298,CTS3,41,27.2,39,5,22.5,4.7,713,13
Empadadas Norte,EN_04_11,2006.468829,CTS5,46,30.5,43,7,24.3,6.2,666,15
Empadadas Norte,EN_04_11,2006.468829,CTS5,46,30.5,43,7,24.3,6.2,666,15
Empadadas Norte,EN_04_11,2006.468829,CTS5,46,30.5,43,7,24.3,6.2,666,15
Empadadas Norte,EN_04_11,2006.468829,CTS5,46,30.5,43,7,24.3,6.2,666,15
Empadadas Norte,EN_04_11,2006.468829,CTS5,46,30.5,43,7,24.3,6.2,666,15
Empadadas Norte,EN_04_11,2006.468829,CTS5,46,30.5,43,7,24.3,6.2,666,15
Empadadas Norte,EN_04_11,2006.468829,CTS5,46,30.5,43,7,24.3,6.2,666,15
Empadadas Norte,EN_04_11,2006.468829,CTS5,46,30.5,43,7,24.3,6.2,666,15
Empadadas Norte,EN_04_10,2007.410372,CTS5,51,34,45,8,27.2,6.8,699,14
Empadadas Norte,EN_04_10,2007.410372,CTS5,51,34,45,8,27.2,6.8,699,14
Empadadas Norte,EN_04_10,2007.410372,CTS5,51,34,45,8,27.2,6.8,699,14
Empadadas Norte,EN_04_10,2007.410372,CTS5,51,34,45,8,27.2,6.8,699,14
Empadadas Norte,EN_04_10,2007.410372,CTS5,51,34,45,8,27.2,6.8,699,14
Empadadas Norte,EN_04_10,2007.410372,CTS5,51,34,45,8,27.2,6.8,699,14
Empadadas Norte,EN_04_10,2007.410372,CTS5,51,34,45,8,27.2,6.8,699,14
Empadadas Norte,EN_04_10,2007.410372,CTS5,51,34,45,8,27.2,6.8,699,14
Empadadas Norte,EN_04_9,2008.191782,CTS5,46,NA,40,6,23.5,NA,635,8
Empadadas Norte,EN_04_8,2008.829916,CTS5,50,30.3,40,10,22.6,7.7,680,17
Empadadas Norte,EN_04_7,2009.341628,CTS5,47,27.4,39,8,20.7,6.7,750,17
Empadadas Norte,EN_04_6,2009.743776,CTS5,43,28.7,37,6,22.7,6,609,10
Empadadas Norte,EN_04_5,2010.053216,CTS5,49,32.6,40,9,25.5,7.1,562,15
Empadadas Norte,EN_04_4,2010.286803,CTS5,46,31.4,39,7,24.4,7,619,10
Empadadas Norte,EN_04_3,2010.461394,CTS5,49,30.7,42,7,23.7,7,585,10
Empadadas Norte,EN_04_2,2010.593845,CTS5,42,31.6,39,6,25.8,5.8,509,17
Empadadas Norte,EN_04_2,2010.593845,CTS5,42,31.6,39,6,25.8,5.8,509,17
Empadadas Norte,EN_04_2,2010.593845,CTS5,42,31.6,39,6,25.8,5.8,509,17
Empadadas Norte,EN_04_2,2010.593845,CTS5,42,31.6,39,6,25.8,5.8,509,17
Empadadas Norte,EN_04_2,2010.593845,CTS5,42,31.6,39,6,25.8,5.8,509,17
Empadadas Norte,EN_04_2,2010.593845,CTS5,42,31.6,39,6,25.8,5.8,509,17
Empadadas Norte,EN_04_2,2010.593845,CTS5,42,31.6,39,6,25.8,5.8,509,17
Empadadas Norte,EN_04_2,2010.593845,CTS5,42,31.6,39,6,25.8,5.8,509,17
Empadadas Norte,EN_04_1,2010.701012,CTS5,48,30.9,42,8,25.3,5.6,587,23
Empadadas Norte,EN_04_1,2010.701012,CTS5,48,30.9,42,8,25.3,5.6,587,23
Empadadas Norte,EN_04_1,2010.701012,CTS5,48,30.9,42,8,25.3,5.6,587,23
Empadadas Norte,EN_04_1,2010.701012,CTS5,48,30.9,42,8,25.3,5.6,587,23
Empadadas Norte,EN_04_1,2010.701012,CTS5,48,30.9,42,8,25.3,5.6,587,23
Empadadas Norte,EN_04_1,2010.701012,CTS5,48,30.9,42,8,25.3,5.6,587,23
Empadadas Norte,EN_04_1,2010.701012,CTS5,48,30.9,42,8,25.3,5.6,587,23
Empadadas Norte,EN_04_1,2010.701012,CTS5,48,30.9,42,8,25.3,5.6,587,23
Funda,FN02_704_6,953.2,CTS5,54,NA,53,3,39.2,NA,623,3
Funda,FN02_704_6,953.2,CTS5,54,NA,53,3,39.2,NA,623,3
Funda,FN02_704_6,953.2,CTS5,54,NA,53,3,39.2,NA,623,3
Funda,FN02_704_6,953.2,CTS5,54,NA,53,3,39.2,NA,623,3
Funda,FN02_704_6,953.2,CTS5,54,NA,53,3,39.2,NA,623,3
Funda,FN02_704_6,953.2,CTS5,54,NA,53,3,39.2,NA,623,3
Funda,FN02_704_6,953.2,CTS5,54,NA,53,3,39.2,NA,623,3
Funda,FN02_704_6,953.2,CTS5,54,NA,53,3,39.2,NA,623,3
Funda,FN02_692_6,969.45,CTS2,52,NA,52,2,39.2,NA,641,3
Funda,FN02_692_6,969.45,CTS2,52,NA,52,2,39.2,NA,641,3
Funda,FN02_692_6,969.45,CTS2,52,NA,52,2,39.2,NA,641,3
Funda,FN02_692_6,969.45,CTS2,52,NA,52,2,39.2,NA,641,3
Funda,FN02_692_6,969.45,CTS2,52,NA,52,2,39.2,NA,641,3
Funda,FN02_692_6,969.45,CTS2,52,NA,52,2,39.2,NA,641,3
Funda,FN02_692_6,969.45,CTS2,52,NA,52,2,39.2,NA,641,3
Funda,FN02_692_6,969.45,CTS2,52,NA,52,2,39.2,NA,641,3
Funda,FN02_657_3,1017.234,CTS5,56,51.900000000000006,53,5,47.2,4.7,370,12
Funda,FN02_657_3,1017.234,CTS5,56,51.900000000000006,53,5,47.2,4.7,370,12
Funda,FN02_657_3,1017.234,CTS5,56,51.900000000000006,53,5,47.2,4.7,370,12
Funda,FN02_657_3,1017.234,CTS5,56,51.900000000000006,53,5,47.2,4.7,370,12
Funda,FN02_657_3,1017.234,CTS5,56,51.900000000000006,53,5,47.2,4.7,370,12
Funda,FN02_657_3,1017.234,CTS5,56,51.900000000000006,53,5,47.2,4.7,370,12
Funda,FN02_657_3,1017.234,CTS5,56,51.900000000000006,53,5,47.2,4.7,370,12
Funda,FN02_657_3,1017.234,CTS5,56,51.900000000000006,53,5,47.2,4.7,370,12
Funda,FN02_646_1,1026.7759999999998,CTS5,36,NA,33,5,32.2,NA,239,4.5
Funda,FN02_646_1,1026.7759999999998,CTS5,36,NA,33,5,32.2,NA,239,4.5
Funda,FN02_646_1,1026.7759999999998,CTS5,36,NA,33,5,32.2,NA,239,4.5
Funda,FN02_646_1,1026.7759999999998,CTS5,36,NA,33,5,32.2,NA,239,4.5
Funda,FN02_646_1,1026.7759999999998,CTS5,36,NA,33,5,32.2,NA,239,4.5
Funda,FN02_646_1,1026.7759999999998,CTS5,36,NA,33,5,32.2,NA,239,4.5
Funda,FN02_646_1,1026.7759999999998,CTS5,36,NA,33,5,32.2,NA,239,4.5
Funda,FN02_646_1,1026.7759999999998,CTS5,36,NA,33,5,32.2,NA,239,4.5
Funda,FN02_634,1043.13,CTS5,66,48.4,60,7,43.3,5.1,720,27
Funda,FN02_634,1043.13,CTS5,66,48.4,60,7,43.3,5.1,720,27
Funda,FN02_634,1043.13,CTS5,66,48.4,60,7,43.3,5.1,720,27
Funda,FN02_634,1043.13,CTS5,66,48.4,60,7,43.3,5.1,720,27
Funda,FN02_634,1043.13,CTS5,66,48.4,60,7,43.3,5.1,720,27
Funda,FN02_634,1043.13,CTS5,66,48.4,60,7,43.3,5.1,720,27
Funda,FN02_634,1043.13,CTS5,66,48.4,60,7,43.3,5.1,720,27
Funda,FN02_634,1043.13,CTS5,66,48.4,60,7,43.3,5.1,720,27
Funda,FN02_622,1059.39,CTS5,57,NA,54,4,40.7,NA,643,6
Funda,FN02_622,1059.39,CTS5,57,NA,54,4,40.7,NA,643,6
Funda,FN02_622,1059.39,CTS5,57,NA,54,4,40.7,NA,643,6
Funda,FN02_622,1059.39,CTS5,57,NA,54,4,40.7,NA,643,6
Funda,FN02_622,1059.39,CTS5,57,NA,54,4,40.7,NA,643,6
Funda,FN02_622,1059.39,CTS5,57,NA,54,4,40.7,NA,643,6
Funda,FN02_622,1059.39,CTS5,57,NA,54,4,40.7,NA,643,6
Funda,FN02_622,1059.39,CTS5,57,NA,54,4,40.7,NA,643,6
Funda,FN02_609_9,1075.752,CTS5,58,44.7,50,10,39,5.7,676,45.5
Funda,FN02_609_9,1075.752,CTS5,58,44.7,50,10,39,5.7,676,45.5
Funda,FN02_609_9,1075.752,CTS5,58,44.7,50,10,39,5.7,676,45.5
Funda,FN02_609_9,1075.752,CTS5,58,44.7,50,10,39,5.7,676,45.5
Funda,FN02_609_9,1075.752,CTS5,58,44.7,50,10,39,5.7,676,45.5
Funda,FN02_609_9,1075.752,CTS5,58,44.7,50,10,39,5.7,676,45.5
Funda,FN02_609_9,1075.752,CTS5,58,44.7,50,10,39,5.7,676,45.5
Funda,FN02_609_9,1075.752,CTS5,58,44.7,50,10,39,5.7,676,45.5
Funda,FN02_597_9,1092.004,CTS5,54,42.4,44,12,36.6,5.8,643,62
Funda,FN02_597_9,1092.004,CTS5,54,42.4,44,12,36.6,5.8,643,62
Funda,FN02_597_9,1092.004,CTS5,54,42.4,44,12,36.6,5.8,643,62
Funda,FN02_597_9,1092.004,CTS5,54,42.4,44,12,36.6,5.8,643,62
Funda,FN02_597_9,1092.004,CTS5,54,42.4,44,12,36.6,5.8,643,62
Funda,FN02_597_9,1092.004,CTS5,54,42.4,44,12,36.6,5.8,643,62
Funda,FN02_597_9,1092.004,CTS5,54,42.4,44,12,36.6,5.8,643,62
Funda,FN02_597_9,1092.004,CTS5,54,42.4,44,12,36.6,5.8,643,62
Funda,FN02_585_8,1108.368,CTS5,55,41.699999999999996,49,7,36.8,4.9,646,25
Funda,FN02_585_8,1108.368,CTS5,55,41.699999999999996,49,7,36.8,4.9,646,25
Funda,FN02_585_8,1108.368,CTS5,55,41.699999999999996,49,7,36.8,4.9,646,25
Funda,FN02_585_8,1108.368,CTS5,55,41.699999999999996,49,7,36.8,4.9,646,25
Funda,FN02_585_8,1108.368,CTS5,55,41.699999999999996,49,7,36.8,4.9,646,25
Funda,FN02_585_8,1108.368,CTS5,55,41.699999999999996,49,7,36.8,4.9,646,25
Funda,FN02_585_8,1108.368,CTS5,55,41.699999999999996,49,7,36.8,4.9,646,25
Funda,FN02_585_8,1108.368,CTS5,55,41.699999999999996,49,7,36.8,4.9,646,25
Funda,FN02_573_8,1124.624,CTS5,61,51.1,55,8,46.1,5,673,21.5
Funda,FN02_573_8,1124.624,CTS5,61,51.1,55,8,46.1,5,673,21.5
Funda,FN02_573_8,1124.624,CTS5,61,51.1,55,8,46.1,5,673,21.5
Funda,FN02_573_8,1124.624,CTS5,61,51.1,55,8,46.1,5,673,21.5
Funda,FN02_573_8,1124.624,CTS5,61,51.1,55,8,46.1,5,673,21.5
Funda,FN02_573_8,1124.624,CTS5,61,51.1,55,8,46.1,5,673,21.5
Funda,FN02_573_8,1124.624,CTS5,61,51.1,55,8,46.1,5,673,21.5
Funda,FN02_573_8,1124.624,CTS5,61,51.1,55,8,46.1,5,673,21.5
Funda,FN02_561_8,1140.986,CTS5,54,41.7,48,6,36.7,5,695,33
Funda,FN02_561_8,1140.986,CTS5,54,41.7,48,6,36.7,5,695,33
Funda,FN02_561_8,1140.986,CTS5,54,41.7,48,6,36.7,5,695,33
Funda,FN02_561_8,1140.986,CTS5,54,41.7,48,6,36.7,5,695,33
Funda,FN02_561_8,1140.986,CTS5,54,41.7,48,6,36.7,5,695,33
Funda,FN02_561_8,1140.986,CTS5,54,41.7,48,6,36.7,5,695,33
Funda,FN02_561_8,1140.986,CTS5,54,41.7,48,6,36.7,5,695,33
Funda,FN02_561_8,1140.986,CTS5,54,41.7,48,6,36.7,5,695,33
Funda,FN02_549_8,1157.236,CTS5,56,42.7,50,7,37.2,5.5,675,26
Funda,FN02_549_8,1157.236,CTS5,56,42.7,50,7,37.2,5.5,675,26
Funda,FN02_549_8,1157.236,CTS5,56,42.7,50,7,37.2,5.5,675,26
Funda,FN02_549_8,1157.236,CTS5,56,42.7,50,7,37.2,5.5,675,26
Funda,FN02_549_8,1157.236,CTS5,56,42.7,50,7,37.2,5.5,675,26
Funda,FN02_549_8,1157.236,CTS5,56,42.7,50,7,37.2,5.5,675,26
Funda,FN02_549_8,1157.236,CTS5,56,42.7,50,7,37.2,5.5,675,26
Funda,FN02_549_8,1157.236,CTS5,56,42.7,50,7,37.2,5.5,675,26
Funda,FN02_523_9,1167.368,CTS5,53,NA,50,4,40.5,NA,636,9
Funda,FN02_523_9,1167.368,CTS5,53,NA,50,4,40.5,NA,636,9
Funda,FN02_523_9,1167.368,CTS5,53,NA,50,4,40.5,NA,636,9
Funda,FN02_523_9,1167.368,CTS5,53,NA,50,4,40.5,NA,636,9
Funda,FN02_523_9,1167.368,CTS5,53,NA,50,4,40.5,NA,636,9
Funda,FN02_523_9,1167.368,CTS5,53,NA,50,4,40.5,NA,636,9
Funda,FN02_523_9,1167.368,CTS5,53,NA,50,4,40.5,NA,636,9
Funda,FN02_523_9,1167.368,CTS5,53,NA,50,4,40.5,NA,636,9
Funda,FN02_509_4,1187.008,CTS5,48,38.900000000000006,44,4,35.2,3.7,595,21
Funda,FN02_509_4,1187.008,CTS5,48,38.900000000000006,44,4,35.2,3.7,595,21
Funda,FN02_509_4,1187.008,CTS5,48,38.900000000000006,44,4,35.2,3.7,595,21
Funda,FN02_509_4,1187.008,CTS5,48,38.900000000000006,44,4,35.2,3.7,595,21
Funda,FN02_509_4,1187.008,CTS5,48,38.900000000000006,44,4,35.2,3.7,595,21
Funda,FN02_509_4,1187.008,CTS5,48,38.900000000000006,44,4,35.2,3.7,595,21
Funda,FN02_509_4,1187.008,CTS5,48,38.900000000000006,44,4,35.2,3.7,595,21
Funda,FN02_509_4,1187.008,CTS5,48,38.900000000000006,44,4,35.2,3.7,595,21
Funda,FN02_463_2,1208.7893158000002,CTS5,50,NA,49,3,38.1,NA,679,3
Funda,FN02_463_2,1208.7893158000002,CTS5,50,NA,49,3,38.1,NA,679,3
Funda,FN02_463_2,1208.7893158000002,CTS5,50,NA,49,3,38.1,NA,679,3
Funda,FN02_463_2,1208.7893158000002,CTS5,50,NA,49,3,38.1,NA,679,3
Funda,FN02_463_2,1208.7893158000002,CTS5,50,NA,49,3,38.1,NA,679,3
Funda,FN02_463_2,1208.7893158000002,CTS5,50,NA,49,3,38.1,NA,679,3
Funda,FN02_463_2,1208.7893158000002,CTS5,50,NA,49,3,38.1,NA,679,3
Funda,FN02_463_2,1208.7893158000002,CTS5,50,NA,49,3,38.1,NA,679,3
Funda,FN02_450_1,1226.2469999999998,CTS2,54,NA,51,3,38,NA,647,2
Funda,FN02_450_1,1226.2469999999998,CTS2,54,NA,51,3,38,NA,647,2
Funda,FN02_450_1,1226.2469999999998,CTS2,54,NA,51,3,38,NA,647,2
Funda,FN02_450_1,1226.2469999999998,CTS2,54,NA,51,3,38,NA,647,2
Funda,FN02_450_1,1226.2469999999998,CTS2,54,NA,51,3,38,NA,647,2
Funda,FN02_450_1,1226.2469999999998,CTS2,54,NA,51,3,38,NA,647,2
Funda,FN02_450_1,1226.2469999999998,CTS2,54,NA,51,3,38,NA,647,2
Funda,FN02_450_1,1226.2469999999998,CTS2,54,NA,51,3,38,NA,647,2
Funda,FN02_432_3,1249.2,CTS2,44,NA,45,2,33.6,NA,669,2
Funda,FN02_432_3,1249.2,CTS2,44,NA,45,2,33.6,NA,669,2
Funda,FN02_432_3,1249.2,CTS2,44,NA,45,2,33.6,NA,669,2
Funda,FN02_432_3,1249.2,CTS2,44,NA,45,2,33.6,NA,669,2
Funda,FN02_432_3,1249.2,CTS2,44,NA,45,2,33.6,NA,669,2
Funda,FN02_432_3,1249.2,CTS2,44,NA,45,2,33.6,NA,669,2
Funda,FN02_432_3,1249.2,CTS2,44,NA,45,2,33.6,NA,669,2
Funda,FN02_432_3,1249.2,CTS2,44,NA,45,2,33.6,NA,669,2
Funda,FN02_423_4,1257.455,CTS5,60,45.800000000000004,54,8,40.2,5.6,644,30
Funda,FN02_423_4,1257.455,CTS5,60,45.800000000000004,54,8,40.2,5.6,644,30
Funda,FN02_423_4,1257.455,CTS5,60,45.800000000000004,54,8,40.2,5.6,644,30
Funda,FN02_423_4,1257.455,CTS5,60,45.800000000000004,54,8,40.2,5.6,644,30
Funda,FN02_423_4,1257.455,CTS5,60,45.800000000000004,54,8,40.2,5.6,644,30
Funda,FN02_423_4,1257.455,CTS5,60,45.800000000000004,54,8,40.2,5.6,644,30
Funda,FN02_423_4,1257.455,CTS5,60,45.800000000000004,54,8,40.2,5.6,644,30
Funda,FN02_423_4,1257.455,CTS5,60,45.800000000000004,54,8,40.2,5.6,644,30
Funda,FN02_409,1270.935,CTS2,57,43.7,53,5,38.7,5,655,10
Funda,FN02_409,1270.935,CTS2,57,43.7,53,5,38.7,5,655,10
Funda,FN02_409,1270.935,CTS2,57,43.7,53,5,38.7,5,655,10
Funda,FN02_409,1270.935,CTS2,57,43.7,53,5,38.7,5,655,10
Funda,FN02_409,1270.935,CTS2,57,43.7,53,5,38.7,5,655,10
Funda,FN02_409,1270.935,CTS2,57,43.7,53,5,38.7,5,655,10
Funda,FN02_409,1270.935,CTS2,57,43.7,53,5,38.7,5,655,10
Funda,FN02_409,1270.935,CTS2,57,43.7,53,5,38.7,5,655,10
Funda,FN02_394_3,1284.577,CTS5,65,49.7,61,6,43.7,6,700,9.5
Funda,FN02_394_3,1284.577,CTS5,65,49.7,61,6,43.7,6,700,9.5
Funda,FN02_394_3,1284.577,CTS5,65,49.7,61,6,43.7,6,700,9.5
Funda,FN02_394_3,1284.577,CTS5,65,49.7,61,6,43.7,6,700,9.5
Funda,FN02_394_3,1284.577,CTS5,65,49.7,61,6,43.7,6,700,9.5
Funda,FN02_394_3,1284.577,CTS5,65,49.7,61,6,43.7,6,700,9.5
Funda,FN02_394_3,1284.577,CTS5,65,49.7,61,6,43.7,6,700,9.5
Funda,FN02_394_3,1284.577,CTS5,65,49.7,61,6,43.7,6,700,9.5
Funda,FN02_380_4,1297.47,CTS5,60,44.800000000000004,50,10,37.1,7.7,712,20.5
Funda,FN02_380_4,1297.47,CTS5,60,44.800000000000004,50,10,37.1,7.7,712,20.5
Funda,FN02_380_4,1297.47,CTS5,60,44.800000000000004,50,10,37.1,7.7,712,20.5
Funda,FN02_380_4,1297.47,CTS5,60,44.800000000000004,50,10,37.1,7.7,712,20.5
Funda,FN02_380_4,1297.47,CTS5,60,44.800000000000004,50,10,37.1,7.7,712,20.5
Funda,FN02_380_4,1297.47,CTS5,60,44.800000000000004,50,10,37.1,7.7,712,20.5
Funda,FN02_380_4,1297.47,CTS5,60,44.800000000000004,50,10,37.1,7.7,712,20.5
Funda,FN02_380_4,1297.47,CTS5,60,44.800000000000004,50,10,37.1,7.7,712,20.5
Funda,FN02_349_3,1326.362,CTS4,56,42.6,50,7,37.2,5.4,695,31.5
Funda,FN02_349_3,1326.362,CTS4,56,42.6,50,7,37.2,5.4,695,31.5
Funda,FN02_349_3,1326.362,CTS4,56,42.6,50,7,37.2,5.4,695,31.5
Funda,FN02_349_3,1326.362,CTS4,56,42.6,50,7,37.2,5.4,695,31.5
Funda,FN02_349_3,1326.362,CTS4,56,42.6,50,7,37.2,5.4,695,31.5
Funda,FN02_349_3,1326.362,CTS4,56,42.6,50,7,37.2,5.4,695,31.5
Funda,FN02_349_3,1326.362,CTS4,56,42.6,50,7,37.2,5.4,695,31.5
Funda,FN02_349_3,1326.362,CTS4,56,42.6,50,7,37.2,5.4,695,31.5
Funda,FN02_337_8,1337.106,CTS4,49,NA,47,4,34.1,NA,637,8
Funda,FN02_337_8,1337.106,CTS4,49,NA,47,4,34.1,NA,637,8
Funda,FN02_337_8,1337.106,CTS4,49,NA,47,4,34.1,NA,637,8
Funda,FN02_337_8,1337.106,CTS4,49,NA,47,4,34.1,NA,637,8
Funda,FN02_337_8,1337.106,CTS4,49,NA,47,4,34.1,NA,637,8
Funda,FN02_337_8,1337.106,CTS4,49,NA,47,4,34.1,NA,637,8
Funda,FN02_337_8,1337.106,CTS4,49,NA,47,4,34.1,NA,637,8
Funda,FN02_337_8,1337.106,CTS4,49,NA,47,4,34.1,NA,637,8
Funda,FN02_326_3,1347.796,CTS1,38,26.299999999999997,35,4,22.9,3.4,647,24
Funda,FN02_326_3,1347.796,CTS1,38,26.299999999999997,35,4,22.9,3.4,647,24
Funda,FN02_326_3,1347.796,CTS1,38,26.299999999999997,35,4,22.9,3.4,647,24
Funda,FN02_326_3,1347.796,CTS1,38,26.299999999999997,35,4,22.9,3.4,647,24
Funda,FN02_326_3,1347.796,CTS1,38,26.299999999999997,35,4,22.9,3.4,647,24
Funda,FN02_326_3,1347.796,CTS1,38,26.299999999999997,35,4,22.9,3.4,647,24
Funda,FN02_326_3,1347.796,CTS1,38,26.299999999999997,35,4,22.9,3.4,647,24
Funda,FN02_326_3,1347.796,CTS1,38,26.299999999999997,35,4,22.9,3.4,647,24
Funda,FN02_314_7,1358.54,CTS1,37,27.700000000000003,33,6,22.3,5.4,740,14
Funda,FN02_314_7,1358.54,CTS1,37,27.700000000000003,33,6,22.3,5.4,740,14
Funda,FN02_314_7,1358.54,CTS1,37,27.700000000000003,33,6,22.3,5.4,740,14
Funda,FN02_314_7,1358.54,CTS1,37,27.700000000000003,33,6,22.3,5.4,740,14
Funda,FN02_314_7,1358.54,CTS1,37,27.700000000000003,33,6,22.3,5.4,740,14
Funda,FN02_314_7,1358.54,CTS1,37,27.700000000000003,33,6,22.3,5.4,740,14
Funda,FN02_314_7,1358.54,CTS1,37,27.700000000000003,33,6,22.3,5.4,740,14
Funda,FN02_314_7,1358.54,CTS1,37,27.700000000000003,33,6,22.3,5.4,740,14
Funda,FN02_303_2,1369.23,CTS2,30,25.200000000000003,27,5,20.8,4.4,641,18
Funda,FN02_303_2,1369.23,CTS2,30,25.200000000000003,27,5,20.8,4.4,641,18
Funda,FN02_303_2,1369.23,CTS2,30,25.200000000000003,27,5,20.8,4.4,641,18
Funda,FN02_303_2,1369.23,CTS2,30,25.200000000000003,27,5,20.8,4.4,641,18
Funda,FN02_303_2,1369.23,CTS2,30,25.200000000000003,27,5,20.8,4.4,641,18
Funda,FN02_303_2,1369.23,CTS2,30,25.200000000000003,27,5,20.8,4.4,641,18
Funda,FN02_303_2,1369.23,CTS2,30,25.200000000000003,27,5,20.8,4.4,641,18
Funda,FN02_303_2,1369.23,CTS2,30,25.200000000000003,27,5,20.8,4.4,641,18
Funda,FN02_291_6,1378.886,CTS1,22,17.6,18,6,13.6,4,615,40
Funda,FN02_291_6,1378.886,CTS1,22,17.6,18,6,13.6,4,615,40
Funda,FN02_291_6,1378.886,CTS1,22,17.6,18,6,13.6,4,615,40
Funda,FN02_291_6,1378.886,CTS1,22,17.6,18,6,13.6,4,615,40
Funda,FN02_291_6,1378.886,CTS1,22,17.6,18,6,13.6,4,615,40
Funda,FN02_291_6,1378.886,CTS1,22,17.6,18,6,13.6,4,615,40
Funda,FN02_291_6,1378.886,CTS1,22,17.6,18,6,13.6,4,615,40
Funda,FN02_291_6,1378.886,CTS1,22,17.6,18,6,13.6,4,615,40
Funda,FN02_280_1,1386.042,CTS1,27,20.9,22,7,15.1,5.8,832,18
Funda,FN02_280_1,1386.042,CTS1,27,20.9,22,7,15.1,5.8,832,18
Funda,FN02_280_1,1386.042,CTS1,27,20.9,22,7,15.1,5.8,832,18
Funda,FN02_280_1,1386.042,CTS1,27,20.9,22,7,15.1,5.8,832,18
Funda,FN02_280_1,1386.042,CTS1,27,20.9,22,7,15.1,5.8,832,18
Funda,FN02_280_1,1386.042,CTS1,27,20.9,22,7,15.1,5.8,832,18
Funda,FN02_280_1,1386.042,CTS1,27,20.9,22,7,15.1,5.8,832,18
Funda,FN02_280_1,1386.042,CTS1,27,20.9,22,7,15.1,5.8,832,18
Funda,FN02_268_6,1393.234,CTS1,34,21.1,31,5,17.8,3.3,945,18.5
Funda,FN02_268_6,1393.234,CTS1,34,21.1,31,5,17.8,3.3,945,18.5
Funda,FN02_268_6,1393.234,CTS1,34,21.1,31,5,17.8,3.3,945,18.5
Funda,FN02_268_6,1393.234,CTS1,34,21.1,31,5,17.8,3.3,945,18.5
Funda,FN02_268_6,1393.234,CTS1,34,21.1,31,5,17.8,3.3,945,18.5
Funda,FN02_268_6,1393.234,CTS1,34,21.1,31,5,17.8,3.3,945,18.5
Funda,FN02_268_6,1393.234,CTS1,34,21.1,31,5,17.8,3.3,945,18.5
Funda,FN02_268_6,1393.234,CTS1,34,21.1,31,5,17.8,3.3,945,18.5
Funda,FN02_257_1,1400.392,CTS1,34,NA,32,4,20.8,NA,764,8
Funda,FN02_257_1,1400.392,CTS1,34,NA,32,4,20.8,NA,764,8
Funda,FN02_257_1,1400.392,CTS1,34,NA,32,4,20.8,NA,764,8
Funda,FN02_257_1,1400.392,CTS1,34,NA,32,4,20.8,NA,764,8
Funda,FN02_257_1,1400.392,CTS1,34,NA,32,4,20.8,NA,764,8
Funda,FN02_257_1,1400.392,CTS1,34,NA,32,4,20.8,NA,764,8
Funda,FN02_257_1,1400.392,CTS1,34,NA,32,4,20.8,NA,764,8
Funda,FN02_257_1,1400.392,CTS1,34,NA,32,4,20.8,NA,764,8
Funda,FN02_245_5,1407.588,CTS1,27,23.3,22,7,18,5.3,795,46.5
Funda,FN02_245_5,1407.588,CTS1,27,23.3,22,7,18,5.3,795,46.5
Funda,FN02_245_5,1407.588,CTS1,27,23.3,22,7,18,5.3,795,46.5
Funda,FN02_245_5,1407.588,CTS1,27,23.3,22,7,18,5.3,795,46.5
Funda,FN02_245_5,1407.588,CTS1,27,23.3,22,7,18,5.3,795,46.5
Funda,FN02_245_5,1407.588,CTS1,27,23.3,22,7,18,5.3,795,46.5
Funda,FN02_245_5,1407.588,CTS1,27,23.3,22,7,18,5.3,795,46.5
Funda,FN02_245_5,1407.588,CTS1,27,23.3,22,7,18,5.3,795,46.5
Funda,FN02_222_5,1421.938,CTS1,21,14.2,15,8,10.4,3.8,851,55.5
Funda,FN02_222_5,1421.938,CTS1,21,14.2,15,8,10.4,3.8,851,55.5
Funda,FN02_222_5,1421.938,CTS1,21,14.2,15,8,10.4,3.8,851,55.5
Funda,FN02_222_5,1421.938,CTS1,21,14.2,15,8,10.4,3.8,851,55.5
Funda,FN02_222_5,1421.938,CTS1,21,14.2,15,8,10.4,3.8,851,55.5
Funda,FN02_222_5,1421.938,CTS1,21,14.2,15,8,10.4,3.8,851,55.5
Funda,FN02_222_5,1421.938,CTS1,21,14.2,15,8,10.4,3.8,851,55.5
Funda,FN02_222_5,1421.938,CTS1,21,14.2,15,8,10.4,3.8,851,55.5
Funda,FN02_211,1456.512,CTS1,25,NA,24,3,15.5,NA,709,8
Funda,FN02_211,1456.512,CTS1,25,NA,24,3,15.5,NA,709,8
Funda,FN02_211,1456.512,CTS1,25,NA,24,3,15.5,NA,709,8
Funda,FN02_211,1456.512,CTS1,25,NA,24,3,15.5,NA,709,8
Funda,FN02_211,1456.512,CTS1,25,NA,24,3,15.5,NA,709,8
Funda,FN02_211,1456.512,CTS1,25,NA,24,3,15.5,NA,709,8
Funda,FN02_211,1456.512,CTS1,25,NA,24,3,15.5,NA,709,8
Funda,FN02_211,1456.512,CTS1,25,NA,24,3,15.5,NA,709,8
Funda,FN02_199_4,1494.66,CTS1,33,NA,31,2,22.6,NA,590,3
Funda,FN02_199_4,1494.66,CTS1,33,NA,31,2,22.6,NA,590,3
Funda,FN02_199_4,1494.66,CTS1,33,NA,31,2,22.6,NA,590,3
Funda,FN02_199_4,1494.66,CTS1,33,NA,31,2,22.6,NA,590,3
Funda,FN02_199_4,1494.66,CTS1,33,NA,31,2,22.6,NA,590,3
Funda,FN02_199_4,1494.66,CTS1,33,NA,31,2,22.6,NA,590,3
Funda,FN02_199_4,1494.66,CTS1,33,NA,31,2,22.6,NA,590,3
Funda,FN02_199_4,1494.66,CTS1,33,NA,31,2,22.6,NA,590,3
Funda,FN02_187_9,1532.61,CTS1,31,22.6,29,5,18.5,4.1,720,21
Funda,FN02_187_9,1532.61,CTS1,31,22.6,29,5,18.5,4.1,720,21
Funda,FN02_187_9,1532.61,CTS1,31,22.6,29,5,18.5,4.1,720,21
Funda,FN02_187_9,1532.61,CTS1,31,22.6,29,5,18.5,4.1,720,21
Funda,FN02_187_9,1532.61,CTS1,31,22.6,29,5,18.5,4.1,720,21
Funda,FN02_187_9,1532.61,CTS1,31,22.6,29,5,18.5,4.1,720,21
Funda,FN02_187_9,1532.61,CTS1,31,22.6,29,5,18.5,4.1,720,21
Funda,FN02_187_9,1532.61,CTS1,31,22.6,29,5,18.5,4.1,720,21
Funda,FN02_168_7,1595.96,CTS1,28,NA,26,4,19.4,NA,749,3
Funda,FN02_168_7,1595.96,CTS1,28,NA,26,4,19.4,NA,749,3
Funda,FN02_168_7,1595.96,CTS1,28,NA,26,4,19.4,NA,749,3
Funda,FN02_168_7,1595.96,CTS1,28,NA,26,4,19.4,NA,749,3
Funda,FN02_168_7,1595.96,CTS1,28,NA,26,4,19.4,NA,749,3
Funda,FN02_168_7,1595.96,CTS1,28,NA,26,4,19.4,NA,749,3
Funda,FN02_168_7,1595.96,CTS1,28,NA,26,4,19.4,NA,749,3
Funda,FN02_168_7,1595.96,CTS1,28,NA,26,4,19.4,NA,749,3
Funda,FN02_158_7,1628.96,CTS1,24,NA,24,2,10.7,NA,1137,2
Funda,FN02_158_7,1628.96,CTS1,24,NA,24,2,10.7,NA,1137,2
Funda,FN02_158_7,1628.96,CTS1,24,NA,24,2,10.7,NA,1137,2
Funda,FN02_158_7,1628.96,CTS1,24,NA,24,2,10.7,NA,1137,2
Funda,FN02_158_7,1628.96,CTS1,24,NA,24,2,10.7,NA,1137,2
Funda,FN02_158_7,1628.96,CTS1,24,NA,24,2,10.7,NA,1137,2
Funda,FN02_158_7,1628.96,CTS1,24,NA,24,2,10.7,NA,1137,2
Funda,FN02_158_7,1628.96,CTS1,24,NA,24,2,10.7,NA,1137,2
Funda,FN02_128_7,1727.96,CTS1,22,NA,21,3,11.9,NA,718,2
Funda,FN02_128_7,1727.96,CTS1,22,NA,21,3,11.9,NA,718,2
Funda,FN02_128_7,1727.96,CTS1,22,NA,21,3,11.9,NA,718,2
Funda,FN02_128_7,1727.96,CTS1,22,NA,21,3,11.9,NA,718,2
Funda,FN02_128_7,1727.96,CTS1,22,NA,21,3,11.9,NA,718,2
Funda,FN02_128_7,1727.96,CTS1,22,NA,21,3,11.9,NA,718,2
Funda,FN02_128_7,1727.96,CTS1,22,NA,21,3,11.9,NA,718,2
Funda,FN02_128_7,1727.96,CTS1,22,NA,21,3,11.9,NA,718,2
Funda,FN02_108_7,1793.96,CTS1,15,NA,14,3,9.6,NA,887,2
Funda,FN02_108_7,1793.96,CTS1,15,NA,14,3,9.6,NA,887,2
Funda,FN02_108_7,1793.96,CTS1,15,NA,14,3,9.6,NA,887,2
Funda,FN02_108_7,1793.96,CTS1,15,NA,14,3,9.6,NA,887,2
Funda,FN02_108_7,1793.96,CTS1,15,NA,14,3,9.6,NA,887,2
Funda,FN02_108_7,1793.96,CTS1,15,NA,14,3,9.6,NA,887,2
Funda,FN02_108_7,1793.96,CTS1,15,NA,14,3,9.6,NA,887,2
Funda,FN02_108_7,1793.96,CTS1,15,NA,14,3,9.6,NA,887,2
Funda,FN02_58_7,1952.08,CTS1,25,NA,24,2,16.8,NA,614,1
Funda,FN02_58_7,1952.08,CTS1,25,NA,24,2,16.8,NA,614,1
Funda,FN02_58_7,1952.08,CTS1,25,NA,24,2,16.8,NA,614,1
Funda,FN02_58_7,1952.08,CTS1,25,NA,24,2,16.8,NA,614,1
Funda,FN02_58_7,1952.08,CTS1,25,NA,24,2,16.8,NA,614,1
Funda,FN02_58_7,1952.08,CTS1,25,NA,24,2,16.8,NA,614,1
Funda,FN02_58_7,1952.08,CTS1,25,NA,24,2,16.8,NA,614,1
Funda,FN02_58_7,1952.08,CTS1,25,NA,24,2,16.8,NA,614,1
Funda,FN02_8_7,2009.14,CTS1,29,21.6,23,9,13.8,7.8,656,11
Funda,FN02_8_7,2009.14,CTS1,29,21.6,23,9,13.8,7.8,656,11
Funda,FN02_8_7,2009.14,CTS1,29,21.6,23,9,13.8,7.8,656,11
Funda,FN02_8_7,2009.14,CTS1,29,21.6,23,9,13.8,7.8,656,11
Funda,FN02_8_7,2009.14,CTS1,29,21.6,23,9,13.8,7.8,656,11
Funda,FN02_8_7,2009.14,CTS1,29,21.6,23,9,13.8,7.8,656,11
Funda,FN02_8_7,2009.14,CTS1,29,21.6,23,9,13.8,7.8,656,11
Funda,FN02_8_7,2009.14,CTS1,29,21.6,23,9,13.8,7.8,656,11
Ginjal,GN_282_5,1433,CTS4,24,24.4,19,7,18,6.4,467,12
Ginjal,GN_282_5,1433,CTS4,24,24.4,19,7,18,6.4,467,12
Ginjal,GN_282_5,1433,CTS4,24,24.4,19,7,18,6.4,467,12
Ginjal,GN_282_5,1433,CTS4,24,24.4,19,7,18,6.4,467,12
Ginjal,GN_282_5,1433,CTS4,24,24.4,19,7,18,6.4,467,12
Ginjal,GN_282_5,1433,CTS4,24,24.4,19,7,18,6.4,467,12
Ginjal,GN_282_5,1433,CTS4,24,24.4,19,7,18,6.4,467,12
Ginjal,GN_282_5,1433,CTS4,24,24.4,19,7,18,6.4,467,12
Ginjal,GN_262_5,1456,CTS2,23,21.6,18,7,17.5,4.1,273,31
Ginjal,GN_262_5,1456,CTS2,23,21.6,18,7,17.5,4.1,273,31
Ginjal,GN_262_5,1456,CTS2,23,21.6,18,7,17.5,4.1,273,31
Ginjal,GN_262_5,1456,CTS2,23,21.6,18,7,17.5,4.1,273,31
Ginjal,GN_262_5,1456,CTS2,23,21.6,18,7,17.5,4.1,273,31
Ginjal,GN_262_5,1456,CTS2,23,21.6,18,7,17.5,4.1,273,31
Ginjal,GN_262_5,1456,CTS2,23,21.6,18,7,17.5,4.1,273,31
Ginjal,GN_262_5,1456,CTS2,23,21.6,18,7,17.5,4.1,273,31
Ginjal,GN_252_5,1470,CTS2,15,NA,14,3,NA,3,115,18
Ginjal,GN_252_5,1470,CTS2,15,NA,14,3,NA,3,115,18
Ginjal,GN_252_5,1470,CTS2,15,NA,14,3,NA,3,115,18
Ginjal,GN_252_5,1470,CTS2,15,NA,14,3,NA,3,115,18
Ginjal,GN_252_5,1470,CTS2,15,NA,14,3,NA,3,115,18
Ginjal,GN_252_5,1470,CTS2,15,NA,14,3,NA,3,115,18
Ginjal,GN_252_5,1470,CTS2,15,NA,14,3,NA,3,115,18
Ginjal,GN_252_5,1470,CTS2,15,NA,14,3,NA,3,115,18
Ginjal,GN_242_5,1482,CTS2,11,NA,11,2,NA,2,68,16
Ginjal,GN_242_5,1482,CTS2,11,NA,11,2,NA,2,68,16
Ginjal,GN_242_5,1482,CTS2,11,NA,11,2,NA,2,68,16
Ginjal,GN_242_5,1482,CTS2,11,NA,11,2,NA,2,68,16
Ginjal,GN_242_5,1482,CTS2,11,NA,11,2,NA,2,68,16
Ginjal,GN_242_5,1482,CTS2,11,NA,11,2,NA,2,68,16
Ginjal,GN_242_5,1482,CTS2,11,NA,11,2,NA,2,68,16
Ginjal,GN_242_5,1482,CTS2,11,NA,11,2,NA,2,68,16
Ginjal,GN_232_5,1493,CTS2,22,NA,22,2,NA,2,101,17
Ginjal,GN_232_5,1493,CTS2,22,NA,22,2,NA,2,101,17
Ginjal,GN_232_5,1493,CTS2,22,NA,22,2,NA,2,101,17
Ginjal,GN_232_5,1493,CTS2,22,NA,22,2,NA,2,101,17
Ginjal,GN_232_5,1493,CTS2,22,NA,22,2,NA,2,101,17
Ginjal,GN_232_5,1493,CTS2,22,NA,22,2,NA,2,101,17
Ginjal,GN_232_5,1493,CTS2,22,NA,22,2,NA,2,101,17
Ginjal,GN_232_5,1493,CTS2,22,NA,22,2,NA,2,101,17
Ginjal,GN_212_5,1515,CTS2,20,21.8,20,2,19.8,2,221,16
Ginjal,GN_212_5,1515,CTS2,20,21.8,20,2,19.8,2,221,16
Ginjal,GN_212_5,1515,CTS2,20,21.8,20,2,19.8,2,221,16
Ginjal,GN_212_5,1515,CTS2,20,21.8,20,2,19.8,2,221,16
Ginjal,GN_212_5,1515,CTS2,20,21.8,20,2,19.8,2,221,16
Ginjal,GN_212_5,1515,CTS2,20,21.8,20,2,19.8,2,221,16
Ginjal,GN_212_5,1515,CTS2,20,21.8,20,2,19.8,2,221,16
Ginjal,GN_212_5,1515,CTS2,20,21.8,20,2,19.8,2,221,16
Ginjal,GN_202_5,1528,CTS2,37,34.9,34,5,30.9,4,401,18
Ginjal,GN_202_5,1528,CTS2,37,34.9,34,5,30.9,4,401,18
Ginjal,GN_202_5,1528,CTS2,37,34.9,34,5,30.9,4,401,18
Ginjal,GN_202_5,1528,CTS2,37,34.9,34,5,30.9,4,401,18
Ginjal,GN_202_5,1528,CTS2,37,34.9,34,5,30.9,4,401,18
Ginjal,GN_202_5,1528,CTS2,37,34.9,34,5,30.9,4,401,18
Ginjal,GN_202_5,1528,CTS2,37,34.9,34,5,30.9,4,401,18
Ginjal,GN_202_5,1528,CTS2,37,34.9,34,5,30.9,4,401,18
Ginjal,GN_192_5,1545,CTS2,17,NA,17,2,NA,2,97,14
Ginjal,GN_192_5,1545,CTS2,17,NA,17,2,NA,2,97,14
Ginjal,GN_192_5,1545,CTS2,17,NA,17,2,NA,2,97,14
Ginjal,GN_192_5,1545,CTS2,17,NA,17,2,NA,2,97,14
Ginjal,GN_192_5,1545,CTS2,17,NA,17,2,NA,2,97,14
Ginjal,GN_192_5,1545,CTS2,17,NA,17,2,NA,2,97,14
Ginjal,GN_192_5,1545,CTS2,17,NA,17,2,NA,2,97,14
Ginjal,GN_192_5,1545,CTS2,17,NA,17,2,NA,2,97,14
Ginjal,GN_182_5,1561,CTS2,27,NA,26,3,23.8,NA,429,5
Ginjal,GN_182_5,1561,CTS2,27,NA,26,3,23.8,NA,429,5
Ginjal,GN_182_5,1561,CTS2,27,NA,26,3,23.8,NA,429,5
Ginjal,GN_182_5,1561,CTS2,27,NA,26,3,23.8,NA,429,5
Ginjal,GN_182_5,1561,CTS2,27,NA,26,3,23.8,NA,429,5
Ginjal,GN_182_5,1561,CTS2,27,NA,26,3,23.8,NA,429,5
Ginjal,GN_182_5,1561,CTS2,27,NA,26,3,23.8,NA,429,5
Ginjal,GN_182_5,1561,CTS2,27,NA,26,3,23.8,NA,429,5
Ginjal,GN_172_5,1574,CTS2,24,NA,24,2,20.4,NA,449,4
Ginjal,GN_172_5,1574,CTS2,24,NA,24,2,20.4,NA,449,4
Ginjal,GN_172_5,1574,CTS2,24,NA,24,2,20.4,NA,449,4
Ginjal,GN_172_5,1574,CTS2,24,NA,24,2,20.4,NA,449,4
Ginjal,GN_172_5,1574,CTS2,24,NA,24,2,20.4,NA,449,4
Ginjal,GN_172_5,1574,CTS2,24,NA,24,2,20.4,NA,449,4
Ginjal,GN_172_5,1574,CTS2,24,NA,24,2,20.4,NA,449,4
Ginjal,GN_172_5,1574,CTS2,24,NA,24,2,20.4,NA,449,4
Ginjal,GN_162_5,1586,CTS2,23,20.4,19,6,16,4.4,403,106
Ginjal,GN_162_5,1586,CTS2,23,20.4,19,6,16,4.4,403,106
Ginjal,GN_162_5,1586,CTS2,23,20.4,19,6,16,4.4,403,106
Ginjal,GN_162_5,1586,CTS2,23,20.4,19,6,16,4.4,403,106
Ginjal,GN_162_5,1586,CTS2,23,20.4,19,6,16,4.4,403,106
Ginjal,GN_162_5,1586,CTS2,23,20.4,19,6,16,4.4,403,106
Ginjal,GN_162_5,1586,CTS2,23,20.4,19,6,16,4.4,403,106
Ginjal,GN_162_5,1586,CTS2,23,20.4,19,6,16,4.4,403,106
Ginjal,GN_152_5,1607,CTS5,26,26.099999999999998,22,6,20.9,5.2,413,41
Ginjal,GN_152_5,1607,CTS5,26,26.099999999999998,22,6,20.9,5.2,413,41
Ginjal,GN_152_5,1607,CTS5,26,26.099999999999998,22,6,20.9,5.2,413,41
Ginjal,GN_152_5,1607,CTS5,26,26.099999999999998,22,6,20.9,5.2,413,41
Ginjal,GN_152_5,1607,CTS5,26,26.099999999999998,22,6,20.9,5.2,413,41
Ginjal,GN_152_5,1607,CTS5,26,26.099999999999998,22,6,20.9,5.2,413,41
Ginjal,GN_152_5,1607,CTS5,26,26.099999999999998,22,6,20.9,5.2,413,41
Ginjal,GN_152_5,1607,CTS5,26,26.099999999999998,22,6,20.9,5.2,413,41
Ginjal,GN_142_5,1632,CTS4,30,27.6,26,6,23.1,4.5,433,93
Ginjal,GN_142_5,1632,CTS4,30,27.6,26,6,23.1,4.5,433,93
Ginjal,GN_142_5,1632,CTS4,30,27.6,26,6,23.1,4.5,433,93
Ginjal,GN_142_5,1632,CTS4,30,27.6,26,6,23.1,4.5,433,93
Ginjal,GN_142_5,1632,CTS4,30,27.6,26,6,23.1,4.5,433,93
Ginjal,GN_142_5,1632,CTS4,30,27.6,26,6,23.1,4.5,433,93
Ginjal,GN_142_5,1632,CTS4,30,27.6,26,6,23.1,4.5,433,93
Ginjal,GN_142_5,1632,CTS4,30,27.6,26,6,23.1,4.5,433,93
Ginjal,GN_132_5,1652,CTS4,30,28.4,26,6,23.4,5,437,39
Ginjal,GN_132_5,1652,CTS4,30,28.4,26,6,23.4,5,437,39
Ginjal,GN_132_5,1652,CTS4,30,28.4,26,6,23.4,5,437,39
Ginjal,GN_132_5,1652,CTS4,30,28.4,26,6,23.4,5,437,39
Ginjal,GN_132_5,1652,CTS4,30,28.4,26,6,23.4,5,437,39
Ginjal,GN_132_5,1652,CTS4,30,28.4,26,6,23.4,5,437,39
Ginjal,GN_132_5,1652,CTS4,30,28.4,26,6,23.4,5,437,39
Ginjal,GN_132_5,1652,CTS4,30,28.4,26,6,23.4,5,437,39
Ginjal,GN_122_5,1684,CTS2,30,28.6,26,6,23.8,4.8,443,16
Ginjal,GN_122_5,1684,CTS2,30,28.6,26,6,23.8,4.8,443,16
Ginjal,GN_122_5,1684,CTS2,30,28.6,26,6,23.8,4.8,443,16
Ginjal,GN_122_5,1684,CTS2,30,28.6,26,6,23.8,4.8,443,16
Ginjal,GN_122_5,1684,CTS2,30,28.6,26,6,23.8,4.8,443,16
Ginjal,GN_122_5,1684,CTS2,30,28.6,26,6,23.8,4.8,443,16
Ginjal,GN_122_5,1684,CTS2,30,28.6,26,6,23.8,4.8,443,16
Ginjal,GN_122_5,1684,CTS2,30,28.6,26,6,23.8,4.8,443,16
Ginjal,GN_112_5,1716,CTS4,32,30.9,27,7,25.4,5.5,420,44
Ginjal,GN_112_5,1716,CTS4,32,30.9,27,7,25.4,5.5,420,44
Ginjal,GN_112_5,1716,CTS4,32,30.9,27,7,25.4,5.5,420,44
Ginjal,GN_112_5,1716,CTS4,32,30.9,27,7,25.4,5.5,420,44
Ginjal,GN_112_5,1716,CTS4,32,30.9,27,7,25.4,5.5,420,44
Ginjal,GN_112_5,1716,CTS4,32,30.9,27,7,25.4,5.5,420,44
Ginjal,GN_112_5,1716,CTS4,32,30.9,27,7,25.4,5.5,420,44
Ginjal,GN_112_5,1716,CTS4,32,30.9,27,7,25.4,5.5,420,44
Ginjal,GN_92_5,1780,CTS4,36,33.9,32,6,29.3,4.6,280,24
Ginjal,GN_92_5,1780,CTS4,36,33.9,32,6,29.3,4.6,280,24
Ginjal,GN_92_5,1780,CTS4,36,33.9,32,6,29.3,4.6,280,24
Ginjal,GN_92_5,1780,CTS4,36,33.9,32,6,29.3,4.6,280,24
Ginjal,GN_92_5,1780,CTS4,36,33.9,32,6,29.3,4.6,280,24
Ginjal,GN_92_5,1780,CTS4,36,33.9,32,6,29.3,4.6,280,24
Ginjal,GN_92_5,1780,CTS4,36,33.9,32,6,29.3,4.6,280,24
Ginjal,GN_92_5,1780,CTS4,36,33.9,32,6,29.3,4.6,280,24
Ginjal,GN_82_5,1809,CTS4,28,NA,26,5,24.9,NA,408,6
Ginjal,GN_82_5,1809,CTS4,28,NA,26,5,24.9,NA,408,6
Ginjal,GN_82_5,1809,CTS4,28,NA,26,5,24.9,NA,408,6
Ginjal,GN_82_5,1809,CTS4,28,NA,26,5,24.9,NA,408,6
Ginjal,GN_82_5,1809,CTS4,28,NA,26,5,24.9,NA,408,6
Ginjal,GN_82_5,1809,CTS4,28,NA,26,5,24.9,NA,408,6
Ginjal,GN_82_5,1809,CTS4,28,NA,26,5,24.9,NA,408,6
Ginjal,GN_82_5,1809,CTS4,28,NA,26,5,24.9,NA,408,6
Ginjal,GN_62_5,1863,CTS4,26,27.1,23,5,22.1,5,243,10
Ginjal,GN_62_5,1863,CTS4,26,27.1,23,5,22.1,5,243,10
Ginjal,GN_62_5,1863,CTS4,26,27.1,23,5,22.1,5,243,10
Ginjal,GN_62_5,1863,CTS4,26,27.1,23,5,22.1,5,243,10
Ginjal,GN_62_5,1863,CTS4,26,27.1,23,5,22.1,5,243,10
Ginjal,GN_62_5,1863,CTS4,26,27.1,23,5,22.1,5,243,10
Ginjal,GN_62_5,1863,CTS4,26,27.1,23,5,22.1,5,243,10
Ginjal,GN_62_5,1863,CTS4,26,27.1,23,5,22.1,5,243,10
Ginjal,GN_42_5,1914,CTS4,22,NA,20,4,NA,NA,122,5
Ginjal,GN_42_5,1914,CTS4,22,NA,20,4,NA,NA,122,5
Ginjal,GN_42_5,1914,CTS4,22,NA,20,4,NA,NA,122,5
Ginjal,GN_42_5,1914,CTS4,22,NA,20,4,NA,NA,122,5
Ginjal,GN_42_5,1914,CTS4,22,NA,20,4,NA,NA,122,5
Ginjal,GN_42_5,1914,CTS4,22,NA,20,4,NA,NA,122,5
Ginjal,GN_42_5,1914,CTS4,22,NA,20,4,NA,NA,122,5
Ginjal,GN_42_5,1914,CTS4,22,NA,20,4,NA,NA,122,5
Ginjal,GN_32_5,1939,CTS4,34,NA,32,4,24.3,NA,480,4
Ginjal,GN_32_5,1939,CTS4,34,NA,32,4,24.3,NA,480,4
Ginjal,GN_32_5,1939,CTS4,34,NA,32,4,24.3,NA,480,4
Ginjal,GN_32_5,1939,CTS4,34,NA,32,4,24.3,NA,480,4
Ginjal,GN_32_5,1939,CTS4,34,NA,32,4,24.3,NA,480,4
Ginjal,GN_32_5,1939,CTS4,34,NA,32,4,24.3,NA,480,4
Ginjal,GN_32_5,1939,CTS4,34,NA,32,4,24.3,NA,480,4
Ginjal,GN_32_5,1939,CTS4,34,NA,32,4,24.3,NA,480,4
Ginjal,GN_22_5,1964,CTS2,25,24.1,24,4,20.1,4,575,10
Ginjal,GN_22_5,1964,CTS2,25,24.1,24,4,20.1,4,575,10
Ginjal,GN_22_5,1964,CTS2,25,24.1,24,4,20.1,4,575,10
Ginjal,GN_22_5,1964,CTS2,25,24.1,24,4,20.1,4,575,10
Ginjal,GN_22_5,1964,CTS2,25,24.1,24,4,20.1,4,575,10
Ginjal,GN_22_5,1964,CTS2,25,24.1,24,4,20.1,4,575,10
Ginjal,GN_22_5,1964,CTS2,25,24.1,24,4,20.1,4,575,10
Ginjal,GN_22_5,1964,CTS2,25,24.1,24,4,20.1,4,575,10
Ginjal,GN_15,1982,CTS2,34,30.1,32,4,26.3,3.8,447,13
Ginjal,GN_15,1982,CTS2,34,30.1,32,4,26.3,3.8,447,13
Ginjal,GN_15,1982,CTS2,34,30.1,32,4,26.3,3.8,447,13
Ginjal,GN_15,1982,CTS2,34,30.1,32,4,26.3,3.8,447,13
Ginjal,GN_15,1982,CTS2,34,30.1,32,4,26.3,3.8,447,13
Ginjal,GN_15,1982,CTS2,34,30.1,32,4,26.3,3.8,447,13
Ginjal,GN_15,1982,CTS2,34,30.1,32,4,26.3,3.8,447,13
Ginjal,GN_15,1982,CTS2,34,30.1,32,4,26.3,3.8,447,13
Ginjal,GN_12_5,1988,CTS2,36,32.6,33,5,28.9,3.7,400,34
Ginjal,GN_12_5,1988,CTS2,36,32.6,33,5,28.9,3.7,400,34
Ginjal,GN_12_5,1988,CTS2,36,32.6,33,5,28.9,3.7,400,34
Ginjal,GN_12_5,1988,CTS2,36,32.6,33,5,28.9,3.7,400,34
Ginjal,GN_12_5,1988,CTS2,36,32.6,33,5,28.9,3.7,400,34
Ginjal,GN_12_5,1988,CTS2,36,32.6,33,5,28.9,3.7,400,34
Ginjal,GN_12_5,1988,CTS2,36,32.6,33,5,28.9,3.7,400,34
Ginjal,GN_12_5,1988,CTS2,36,32.6,33,5,28.9,3.7,400,34
Ginjal,GN_10,1995,CTS4,43,37.5,41,4,33.6,3.9,465,28
Ginjal,GN_10,1995,CTS4,43,37.5,41,4,33.6,3.9,465,28
Ginjal,GN_10,1995,CTS4,43,37.5,41,4,33.6,3.9,465,28
Ginjal,GN_10,1995,CTS4,43,37.5,41,4,33.6,3.9,465,28
Ginjal,GN_10,1995,CTS4,43,37.5,41,4,33.6,3.9,465,28
Ginjal,GN_10,1995,CTS4,43,37.5,41,4,33.6,3.9,465,28
Ginjal,GN_10,1995,CTS4,43,37.5,41,4,33.6,3.9,465,28
Ginjal,GN_10,1995,CTS4,43,37.5,41,4,33.6,3.9,465,28
Ginjal,GN_7_5,2001,CTS4,49,44.6,46,5,40.6,4,424,40
Ginjal,GN_7_5,2001,CTS4,49,44.6,46,5,40.6,4,424,40
Ginjal,GN_7_5,2001,CTS4,49,44.6,46,5,40.6,4,424,40
Ginjal,GN_7_5,2001,CTS4,49,44.6,46,5,40.6,4,424,40
Ginjal,GN_7_5,2001,CTS4,49,44.6,46,5,40.6,4,424,40
Ginjal,GN_7_5,2001,CTS4,49,44.6,46,5,40.6,4,424,40
Ginjal,GN_7_5,2001,CTS4,49,44.6,46,5,40.6,4,424,40
Ginjal,GN_7_5,2001,CTS4,49,44.6,46,5,40.6,4,424,40
Ginjal,GN_5,2007,CTS4,35,31.8,32,5,28.2,3.6,431,38
Ginjal,GN_5,2007,CTS4,35,31.8,32,5,28.2,3.6,431,38
Ginjal,GN_5,2007,CTS4,35,31.8,32,5,28.2,3.6,431,38
Ginjal,GN_5,2007,CTS4,35,31.8,32,5,28.2,3.6,431,38
Ginjal,GN_5,2007,CTS4,35,31.8,32,5,28.2,3.6,431,38
Ginjal,GN_5,2007,CTS4,35,31.8,32,5,28.2,3.6,431,38
Ginjal,GN_5,2007,CTS4,35,31.8,32,5,28.2,3.6,431,38
Ginjal,GN_5,2007,CTS4,35,31.8,32,5,28.2,3.6,431,38
Ginjal,GN_2_5,2013,CTS4,41,35.900000000000006,39,4,32.7,3.2,428,54
Ginjal,GN_2_5,2013,CTS4,41,35.900000000000006,39,4,32.7,3.2,428,54
Ginjal,GN_2_5,2013,CTS4,41,35.900000000000006,39,4,32.7,3.2,428,54
Ginjal,GN_2_5,2013,CTS4,41,35.900000000000006,39,4,32.7,3.2,428,54
Ginjal,GN_2_5,2013,CTS4,41,35.900000000000006,39,4,32.7,3.2,428,54
Ginjal,GN_2_5,2013,CTS4,41,35.900000000000006,39,4,32.7,3.2,428,54
Ginjal,GN_2_5,2013,CTS4,41,35.900000000000006,39,4,32.7,3.2,428,54
Ginjal,GN_2_5,2013,CTS4,41,35.900000000000006,39,4,32.7,3.2,428,54
Peixinho,PEX1_100,2007.44,CTS1,63,48.9,55,8,43.4,5.5,546,38
Peixinho,PEX1_100,2007.44,CTS1,63,48.9,55,8,43.4,5.5,546,38
Peixinho,PEX1_100,2007.44,CTS1,63,48.9,55,8,43.4,5.5,546,38
Peixinho,PEX1_100,2007.44,CTS1,63,48.9,55,8,43.4,5.5,546,38
Peixinho,PEX1_100,2007.44,CTS1,63,48.9,55,8,43.4,5.5,546,38
Peixinho,PEX1_100,2007.44,CTS1,63,48.9,55,8,43.4,5.5,546,38
Peixinho,PEX1_100,2007.44,CTS1,63,48.9,55,8,43.4,5.5,546,38
Peixinho,PEX1_100,2007.44,CTS1,63,48.9,55,8,43.4,5.5,546,38
Peixinho,PEX1_1020,1277.9,CTS1,41,31.9,34,8,26.4,5.5,504,210
Peixinho,PEX1_1020,1277.9,CTS1,41,31.9,34,8,26.4,5.5,504,210
Peixinho,PEX1_1020,1277.9,CTS1,41,31.9,34,8,26.4,5.5,504,210
Peixinho,PEX1_1020,1277.9,CTS1,41,31.9,34,8,26.4,5.5,504,210
Peixinho,PEX1_1020,1277.9,CTS1,41,31.9,34,8,26.4,5.5,504,210
Peixinho,PEX1_1020,1277.9,CTS1,41,31.9,34,8,26.4,5.5,504,210
Peixinho,PEX1_1020,1277.9,CTS1,41,31.9,34,8,26.4,5.5,504,210
Peixinho,PEX1_1020,1277.9,CTS1,41,31.9,34,8,26.4,5.5,504,210
Peixinho,PEX1_1060,1254.54,CTS5,38,31.599999999999998,30,8,26.4,5.2,512,173
Peixinho,PEX1_1060,1254.54,CTS5,38,31.599999999999998,30,8,26.4,5.2,512,173
Peixinho,PEX1_1060,1254.54,CTS5,38,31.599999999999998,30,8,26.4,5.2,512,173
Peixinho,PEX1_1060,1254.54,CTS5,38,31.599999999999998,30,8,26.4,5.2,512,173
Peixinho,PEX1_1060,1254.54,CTS5,38,31.599999999999998,30,8,26.4,5.2,512,173
Peixinho,PEX1_1060,1254.54,CTS5,38,31.599999999999998,30,8,26.4,5.2,512,173
Peixinho,PEX1_1060,1254.54,CTS5,38,31.599999999999998,30,8,26.4,5.2,512,173
Peixinho,PEX1_1060,1254.54,CTS5,38,31.599999999999998,30,8,26.4,5.2,512,173
Peixinho,PEX1_1100,1230.55,CTS5,31,26.6,27,6,21.2,5.4,564,214
Peixinho,PEX1_1100,1230.55,CTS5,31,26.6,27,6,21.2,5.4,564,214
Peixinho,PEX1_1100,1230.55,CTS5,31,26.6,27,6,21.2,5.4,564,214
Peixinho,PEX1_1100,1230.55,CTS5,31,26.6,27,6,21.2,5.4,564,214
Peixinho,PEX1_1100,1230.55,CTS5,31,26.6,27,6,21.2,5.4,564,214
Peixinho,PEX1_1100,1230.55,CTS5,31,26.6,27,6,21.2,5.4,564,214
Peixinho,PEX1_1100,1230.55,CTS5,31,26.6,27,6,21.2,5.4,564,214
Peixinho,PEX1_1100,1230.55,CTS5,31,26.6,27,6,21.2,5.4,564,214
Peixinho,PEX1_1140,1207,CTS1,31,25,24,9,19.6,5.4,521,225
Peixinho,PEX1_1140,1207,CTS1,31,25,24,9,19.6,5.4,521,225
Peixinho,PEX1_1140,1207,CTS1,31,25,24,9,19.6,5.4,521,225
Peixinho,PEX1_1140,1207,CTS1,31,25,24,9,19.6,5.4,521,225
Peixinho,PEX1_1140,1207,CTS1,31,25,24,9,19.6,5.4,521,225
Peixinho,PEX1_1140,1207,CTS1,31,25,24,9,19.6,5.4,521,225
Peixinho,PEX1_1140,1207,CTS1,31,25,24,9,19.6,5.4,521,225
Peixinho,PEX1_1140,1207,CTS1,31,25,24,9,19.6,5.4,521,225
Peixinho,PEX1_1180,1184.98,CTS1,38,27.799999999999997,31,8,22.7,5.1,521,210
Peixinho,PEX1_1180,1184.98,CTS1,38,27.799999999999997,31,8,22.7,5.1,521,210
Peixinho,PEX1_1180,1184.98,CTS1,38,27.799999999999997,31,8,22.7,5.1,521,210
Peixinho,PEX1_1180,1184.98,CTS1,38,27.799999999999997,31,8,22.7,5.1,521,210
Peixinho,PEX1_1180,1184.98,CTS1,38,27.799999999999997,31,8,22.7,5.1,521,210
Peixinho,PEX1_1180,1184.98,CTS1,38,27.799999999999997,31,8,22.7,5.1,521,210
Peixinho,PEX1_1180,1184.98,CTS1,38,27.799999999999997,31,8,22.7,5.1,521,210
Peixinho,PEX1_1180,1184.98,CTS1,38,27.799999999999997,31,8,22.7,5.1,521,210
Peixinho,PEX1_120,2005.35,CTS5,40,28.8,35,7,23.6,5.2,909,25
Peixinho,PEX1_120,2005.35,CTS5,40,28.8,35,7,23.6,5.2,909,25
Peixinho,PEX1_120,2005.35,CTS5,40,28.8,35,7,23.6,5.2,909,25
Peixinho,PEX1_120,2005.35,CTS5,40,28.8,35,7,23.6,5.2,909,25
Peixinho,PEX1_120,2005.35,CTS5,40,28.8,35,7,23.6,5.2,909,25
Peixinho,PEX1_120,2005.35,CTS5,40,28.8,35,7,23.6,5.2,909,25
Peixinho,PEX1_120,2005.35,CTS5,40,28.8,35,7,23.6,5.2,909,25
Peixinho,PEX1_120,2005.35,CTS5,40,28.8,35,7,23.6,5.2,909,25
Peixinho,PEX1_1220,1165.58,CTS5,35,27.700000000000003,28,8,22.8,4.9,508,206
Peixinho,PEX1_1220,1165.58,CTS5,35,27.700000000000003,28,8,22.8,4.9,508,206
Peixinho,PEX1_1220,1165.58,CTS5,35,27.700000000000003,28,8,22.8,4.9,508,206
Peixinho,PEX1_1220,1165.58,CTS5,35,27.700000000000003,28,8,22.8,4.9,508,206
Peixinho,PEX1_1220,1165.58,CTS5,35,27.700000000000003,28,8,22.8,4.9,508,206
Peixinho,PEX1_1220,1165.58,CTS5,35,27.700000000000003,28,8,22.8,4.9,508,206
Peixinho,PEX1_1220,1165.58,CTS5,35,27.700000000000003,28,8,22.8,4.9,508,206
Peixinho,PEX1_1220,1165.58,CTS5,35,27.700000000000003,28,8,22.8,4.9,508,206
Peixinho,PEX1_1260,1149.87,CTS5,28,20.6,20,9,15.3,5.3,617,214
Peixinho,PEX1_1260,1149.87,CTS5,28,20.6,20,9,15.3,5.3,617,214
Peixinho,PEX1_1260,1149.87,CTS5,28,20.6,20,9,15.3,5.3,617,214
Peixinho,PEX1_1260,1149.87,CTS5,28,20.6,20,9,15.3,5.3,617,214
Peixinho,PEX1_1260,1149.87,CTS5,28,20.6,20,9,15.3,5.3,617,214
Peixinho,PEX1_1260,1149.87,CTS5,28,20.6,20,9,15.3,5.3,617,214
Peixinho,PEX1_1260,1149.87,CTS5,28,20.6,20,9,15.3,5.3,617,214
Peixinho,PEX1_1260,1149.87,CTS5,28,20.6,20,9,15.3,5.3,617,214
Peixinho,PEX1_1300,1138.94,CTS5,34,27.5,28,8,22.5,5,542,207
Peixinho,PEX1_1300,1138.94,CTS5,34,27.5,28,8,22.5,5,542,207
Peixinho,PEX1_1300,1138.94,CTS5,34,27.5,28,8,22.5,5,542,207
Peixinho,PEX1_1300,1138.94,CTS5,34,27.5,28,8,22.5,5,542,207
Peixinho,PEX1_1300,1138.94,CTS5,34,27.5,28,8,22.5,5,542,207
Peixinho,PEX1_1300,1138.94,CTS5,34,27.5,28,8,22.5,5,542,207
Peixinho,PEX1_1300,1138.94,CTS5,34,27.5,28,8,22.5,5,542,207
Peixinho,PEX1_1300,1138.94,CTS5,34,27.5,28,8,22.5,5,542,207
Peixinho,PEX1_1340,1133.88,CTS5,36,28.799999999999997,29,7,23.9,4.9,513,213
Peixinho,PEX1_1340,1133.88,CTS5,36,28.799999999999997,29,7,23.9,4.9,513,213
Peixinho,PEX1_1340,1133.88,CTS5,36,28.799999999999997,29,7,23.9,4.9,513,213
Peixinho,PEX1_1340,1133.88,CTS5,36,28.799999999999997,29,7,23.9,4.9,513,213
Peixinho,PEX1_1340,1133.88,CTS5,36,28.799999999999997,29,7,23.9,4.9,513,213
Peixinho,PEX1_1340,1133.88,CTS5,36,28.799999999999997,29,7,23.9,4.9,513,213
Peixinho,PEX1_1340,1133.88,CTS5,36,28.799999999999997,29,7,23.9,4.9,513,213
Peixinho,PEX1_1340,1133.88,CTS5,36,28.799999999999997,29,7,23.9,4.9,513,213
Peixinho,PEX1_1380,1127.86,CTS5,41,31.4,36,6,26.8,4.6,621,194
Peixinho,PEX1_1380,1127.86,CTS5,41,31.4,36,6,26.8,4.6,621,194
Peixinho,PEX1_1380,1127.86,CTS5,41,31.4,36,6,26.8,4.6,621,194
Peixinho,PEX1_1380,1127.86,CTS5,41,31.4,36,6,26.8,4.6,621,194
Peixinho,PEX1_1380,1127.86,CTS5,41,31.4,36,6,26.8,4.6,621,194
Peixinho,PEX1_1380,1127.86,CTS5,41,31.4,36,6,26.8,4.6,621,194
Peixinho,PEX1_1380,1127.86,CTS5,41,31.4,36,6,26.8,4.6,621,194
Peixinho,PEX1_1380,1127.86,CTS5,41,31.4,36,6,26.8,4.6,621,194
Peixinho,PEX1_160,2001.21,CTS5,63,49.3,57,7,44,5.3,534,43
Peixinho,PEX1_160,2001.21,CTS5,63,49.3,57,7,44,5.3,534,43
Peixinho,PEX1_160,2001.21,CTS5,63,49.3,57,7,44,5.3,534,43
Peixinho,PEX1_160,2001.21,CTS5,63,49.3,57,7,44,5.3,534,43
Peixinho,PEX1_160,2001.21,CTS5,63,49.3,57,7,44,5.3,534,43
Peixinho,PEX1_160,2001.21,CTS5,63,49.3,57,7,44,5.3,534,43
Peixinho,PEX1_160,2001.21,CTS5,63,49.3,57,7,44,5.3,534,43
Peixinho,PEX1_160,2001.21,CTS5,63,49.3,57,7,44,5.3,534,43
Peixinho,PEX1_40,2013.81,CTS4,63,52.8,57,7,47.5,5.3,515,46
Peixinho,PEX1_40,2013.81,CTS4,63,52.8,57,7,47.5,5.3,515,46
Peixinho,PEX1_40,2013.81,CTS4,63,52.8,57,7,47.5,5.3,515,46
Peixinho,PEX1_40,2013.81,CTS4,63,52.8,57,7,47.5,5.3,515,46
Peixinho,PEX1_40,2013.81,CTS4,63,52.8,57,7,47.5,5.3,515,46
Peixinho,PEX1_40,2013.81,CTS4,63,52.8,57,7,47.5,5.3,515,46
Peixinho,PEX1_40,2013.81,CTS4,63,52.8,57,7,47.5,5.3,515,46
Peixinho,PEX1_40,2013.81,CTS4,63,52.8,57,7,47.5,5.3,515,46
Peixinho,PEX1_500,1981.97,CTS4,44,36.699999999999996,38,6,32.3,4.4,505,47
Peixinho,PEX1_500,1981.97,CTS4,44,36.699999999999996,38,6,32.3,4.4,505,47
Peixinho,PEX1_500,1981.97,CTS4,44,36.699999999999996,38,6,32.3,4.4,505,47
Peixinho,PEX1_500,1981.97,CTS4,44,36.699999999999996,38,6,32.3,4.4,505,47
Peixinho,PEX1_500,1981.97,CTS4,44,36.699999999999996,38,6,32.3,4.4,505,47
Peixinho,PEX1_500,1981.97,CTS4,44,36.699999999999996,38,6,32.3,4.4,505,47
Peixinho,PEX1_500,1981.97,CTS4,44,36.699999999999996,38,6,32.3,4.4,505,47
Peixinho,PEX1_500,1981.97,CTS4,44,36.699999999999996,38,6,32.3,4.4,505,47
Peixinho,PEX1_540,1923.77,CTS5,40,31.2,35,5,27.2,4,516,26
Peixinho,PEX1_540,1923.77,CTS5,40,31.2,35,5,27.2,4,516,26
Peixinho,PEX1_540,1923.77,CTS5,40,31.2,35,5,27.2,4,516,26
Peixinho,PEX1_540,1923.77,CTS5,40,31.2,35,5,27.2,4,516,26
Peixinho,PEX1_540,1923.77,CTS5,40,31.2,35,5,27.2,4,516,26
Peixinho,PEX1_540,1923.77,CTS5,40,31.2,35,5,27.2,4,516,26
Peixinho,PEX1_540,1923.77,CTS5,40,31.2,35,5,27.2,4,516,26
Peixinho,PEX1_540,1923.77,CTS5,40,31.2,35,5,27.2,4,516,26
Peixinho,PEX1_580,1836.55,CTS5,42,31.5,34,8,26.1,5.4,543,55
Peixinho,PEX1_580,1836.55,CTS5,42,31.5,34,8,26.1,5.4,543,55
Peixinho,PEX1_580,1836.55,CTS5,42,31.5,34,8,26.1,5.4,543,55
Peixinho,PEX1_580,1836.55,CTS5,42,31.5,34,8,26.1,5.4,543,55
Peixinho,PEX1_580,1836.55,CTS5,42,31.5,34,8,26.1,5.4,543,55
Peixinho,PEX1_580,1836.55,CTS5,42,31.5,34,8,26.1,5.4,543,55
Peixinho,PEX1_580,1836.55,CTS5,42,31.5,34,8,26.1,5.4,543,55
Peixinho,PEX1_580,1836.55,CTS5,42,31.5,34,8,26.1,5.4,543,55
Peixinho,PEX1_620,1731.79,CTS1,37,29.6,32,5,25.2,4.4,548,26
Peixinho,PEX1_620,1731.79,CTS1,37,29.6,32,5,25.2,4.4,548,26
Peixinho,PEX1_620,1731.79,CTS1,37,29.6,32,5,25.2,4.4,548,26
Peixinho,PEX1_620,1731.79,CTS1,37,29.6,32,5,25.2,4.4,548,26
Peixinho,PEX1_620,1731.79,CTS1,37,29.6,32,5,25.2,4.4,548,26
Peixinho,PEX1_620,1731.79,CTS1,37,29.6,32,5,25.2,4.4,548,26
Peixinho,PEX1_620,1731.79,CTS1,37,29.6,32,5,25.2,4.4,548,26
Peixinho,PEX1_620,1731.79,CTS1,37,29.6,32,5,25.2,4.4,548,26
Peixinho,PEX1_660,1621,CTS5,35,28.6,29,6,24.1,4.5,520,32
Peixinho,PEX1_660,1621,CTS5,35,28.6,29,6,24.1,4.5,520,32
Peixinho,PEX1_660,1621,CTS5,35,28.6,29,6,24.1,4.5,520,32
Peixinho,PEX1_660,1621,CTS5,35,28.6,29,6,24.1,4.5,520,32
Peixinho,PEX1_660,1621,CTS5,35,28.6,29,6,24.1,4.5,520,32
Peixinho,PEX1_660,1621,CTS5,35,28.6,29,6,24.1,4.5,520,32
Peixinho,PEX1_660,1621,CTS5,35,28.6,29,6,24.1,4.5,520,32
Peixinho,PEX1_660,1621,CTS5,35,28.6,29,6,24.1,4.5,520,32
Peixinho,PEX1_700,1515.67,CTS1,36,30.5,32,5,26,4.5,548,22
Peixinho,PEX1_700,1515.67,CTS1,36,30.5,32,5,26,4.5,548,22
Peixinho,PEX1_700,1515.67,CTS1,36,30.5,32,5,26,4.5,548,22
Peixinho,PEX1_700,1515.67,CTS1,36,30.5,32,5,26,4.5,548,22
Peixinho,PEX1_700,1515.67,CTS1,36,30.5,32,5,26,4.5,548,22
Peixinho,PEX1_700,1515.67,CTS1,36,30.5,32,5,26,4.5,548,22
Peixinho,PEX1_700,1515.67,CTS1,36,30.5,32,5,26,4.5,548,22
Peixinho,PEX1_700,1515.67,CTS1,36,30.5,32,5,26,4.5,548,22
Peixinho,PEX1_740,1427.3,CTS5,47,38.5,41,6,33.9,4.6,530,46
Peixinho,PEX1_740,1427.3,CTS5,47,38.5,41,6,33.9,4.6,530,46
Peixinho,PEX1_740,1427.3,CTS5,47,38.5,41,6,33.9,4.6,530,46
Peixinho,PEX1_740,1427.3,CTS5,47,38.5,41,6,33.9,4.6,530,46
Peixinho,PEX1_740,1427.3,CTS5,47,38.5,41,6,33.9,4.6,530,46
Peixinho,PEX1_740,1427.3,CTS5,47,38.5,41,6,33.9,4.6,530,46
Peixinho,PEX1_740,1427.3,CTS5,47,38.5,41,6,33.9,4.6,530,46
Peixinho,PEX1_740,1427.3,CTS5,47,38.5,41,6,33.9,4.6,530,46
Peixinho,PEX1_780,1367.38,CTS5,48,36.2,42,7,31.5,4.7,531,38
Peixinho,PEX1_780,1367.38,CTS5,48,36.2,42,7,31.5,4.7,531,38
Peixinho,PEX1_780,1367.38,CTS5,48,36.2,42,7,31.5,4.7,531,38
Peixinho,PEX1_780,1367.38,CTS5,48,36.2,42,7,31.5,4.7,531,38
Peixinho,PEX1_780,1367.38,CTS5,48,36.2,42,7,31.5,4.7,531,38
Peixinho,PEX1_780,1367.38,CTS5,48,36.2,42,7,31.5,4.7,531,38
Peixinho,PEX1_780,1367.38,CTS5,48,36.2,42,7,31.5,4.7,531,38
Peixinho,PEX1_780,1367.38,CTS5,48,36.2,42,7,31.5,4.7,531,38
Peixinho,PEX1_80,2009.64,CTS4,59,48.099999999999994,51,10,42.3,5.8,507,66
Peixinho,PEX1_80,2009.64,CTS4,59,48.099999999999994,51,10,42.3,5.8,507,66
Peixinho,PEX1_80,2009.64,CTS4,59,48.099999999999994,51,10,42.3,5.8,507,66
Peixinho,PEX1_80,2009.64,CTS4,59,48.099999999999994,51,10,42.3,5.8,507,66
Peixinho,PEX1_80,2009.64,CTS4,59,48.099999999999994,51,10,42.3,5.8,507,66
Peixinho,PEX1_80,2009.64,CTS4,59,48.099999999999994,51,10,42.3,5.8,507,66
Peixinho,PEX1_80,2009.64,CTS4,59,48.099999999999994,51,10,42.3,5.8,507,66
Peixinho,PEX1_80,2009.64,CTS4,59,48.099999999999994,51,10,42.3,5.8,507,66
Peixinho,PEX1_820,1347.23,CTS1,40,32.6,35,6,28,4.6,519,98
Peixinho,PEX1_820,1347.23,CTS1,40,32.6,35,6,28,4.6,519,98
Peixinho,PEX1_820,1347.23,CTS1,40,32.6,35,6,28,4.6,519,98
Peixinho,PEX1_820,1347.23,CTS1,40,32.6,35,6,28,4.6,519,98
Peixinho,PEX1_820,1347.23,CTS1,40,32.6,35,6,28,4.6,519,98
Peixinho,PEX1_820,1347.23,CTS1,40,32.6,35,6,28,4.6,519,98
Peixinho,PEX1_820,1347.23,CTS1,40,32.6,35,6,28,4.6,519,98
Peixinho,PEX1_820,1347.23,CTS1,40,32.6,35,6,28,4.6,519,98
Peixinho,PEX1_860,1343.31,CTS4,36,29.6,29,9,24.6,5,503,106
Peixinho,PEX1_860,1343.31,CTS4,36,29.6,29,9,24.6,5,503,106
Peixinho,PEX1_860,1343.31,CTS4,36,29.6,29,9,24.6,5,503,106
Peixinho,PEX1_860,1343.31,CTS4,36,29.6,29,9,24.6,5,503,106
Peixinho,PEX1_860,1343.31,CTS4,36,29.6,29,9,24.6,5,503,106
Peixinho,PEX1_860,1343.31,CTS4,36,29.6,29,9,24.6,5,503,106
Peixinho,PEX1_860,1343.31,CTS4,36,29.6,29,9,24.6,5,503,106
Peixinho,PEX1_860,1343.31,CTS4,36,29.6,29,9,24.6,5,503,106
Peixinho,PEX1_900,1333.33,CTS4,40,30.9,35,7,26,4.9,545,95
Peixinho,PEX1_900,1333.33,CTS4,40,30.9,35,7,26,4.9,545,95
Peixinho,PEX1_900,1333.33,CTS4,40,30.9,35,7,26,4.9,545,95
Peixinho,PEX1_900,1333.33,CTS4,40,30.9,35,7,26,4.9,545,95
Peixinho,PEX1_900,1333.33,CTS4,40,30.9,35,7,26,4.9,545,95
Peixinho,PEX1_900,1333.33,CTS4,40,30.9,35,7,26,4.9,545,95
Peixinho,PEX1_900,1333.33,CTS4,40,30.9,35,7,26,4.9,545,95
Peixinho,PEX1_900,1333.33,CTS4,40,30.9,35,7,26,4.9,545,95
Peixinho,PEX1_940,1318.38,CTS4,49,38.4,40,9,33.6,4.8,513,213
Peixinho,PEX1_940,1318.38,CTS4,49,38.4,40,9,33.6,4.8,513,213
Peixinho,PEX1_940,1318.38,CTS4,49,38.4,40,9,33.6,4.8,513,213
Peixinho,PEX1_940,1318.38,CTS4,49,38.4,40,9,33.6,4.8,513,213
Peixinho,PEX1_940,1318.38,CTS4,49,38.4,40,9,33.6,4.8,513,213
Peixinho,PEX1_940,1318.38,CTS4,49,38.4,40,9,33.6,4.8,513,213
Peixinho,PEX1_940,1318.38,CTS4,49,38.4,40,9,33.6,4.8,513,213
Peixinho,PEX1_940,1318.38,CTS4,49,38.4,40,9,33.6,4.8,513,213
Peixinho,PEX1_980,1299.54,CTS3,42,35.7,35,8,30.3,5.4,521,212
Peixinho,PEX1_980,1299.54,CTS3,42,35.7,35,8,30.3,5.4,521,212
Peixinho,PEX1_980,1299.54,CTS3,42,35.7,35,8,30.3,5.4,521,212
Peixinho,PEX1_980,1299.54,CTS3,42,35.7,35,8,30.3,5.4,521,212
Peixinho,PEX1_980,1299.54,CTS3,42,35.7,35,8,30.3,5.4,521,212
Peixinho,PEX1_980,1299.54,CTS3,42,35.7,35,8,30.3,5.4,521,212
Peixinho,PEX1_980,1299.54,CTS3,42,35.7,35,8,30.3,5.4,521,212
Peixinho,PEX1_980,1299.54,CTS3,42,35.7,35,8,30.3,5.4,521,212
Prata,PR_2020_151,1990,CTS5,18,16.2,15,5,13,3.2,316,44
Prata,PR_2020_151,1990,CTS5,18,16.2,15,5,13,3.2,316,44
Prata,PR_2020_151,1990,CTS5,18,16.2,15,5,13,3.2,316,44
Prata,PR_2020_151,1990,CTS5,18,16.2,15,5,13,3.2,316,44
Prata,PR_2020_151,1990,CTS5,18,16.2,15,5,13,3.2,316,44
Prata,PR_2020_151,1990,CTS5,18,16.2,15,5,13,3.2,316,44
Prata,PR_2020_151,1990,CTS5,18,16.2,15,5,13,3.2,316,44
Prata,PR_2020_151,1990,CTS5,18,16.2,15,5,13,3.2,316,44
Prata,PR_2020_155,1976,CTS4,12,NA,9,5,NA,3.8,148,38
Prata,PR_2020_155,1976,CTS4,12,NA,9,5,NA,3.8,148,38
Prata,PR_2020_155,1976,CTS4,12,NA,9,5,NA,3.8,148,38
Prata,PR_2020_155,1976,CTS4,12,NA,9,5,NA,3.8,148,38
Prata,PR_2020_155,1976,CTS4,12,NA,9,5,NA,3.8,148,38
Prata,PR_2020_155,1976,CTS4,12,NA,9,5,NA,3.8,148,38
Prata,PR_2020_155,1976,CTS4,12,NA,9,5,NA,3.8,148,38
Prata,PR_2020_155,1976,CTS4,12,NA,9,5,NA,3.8,148,38
Prata,PR_2020_159,1962,CTS3,12,11.5,10,4,8.2,3.3,522,34
Prata,PR_2020_159,1962,CTS3,12,11.5,10,4,8.2,3.3,522,34
Prata,PR_2020_159,1962,CTS3,12,11.5,10,4,8.2,3.3,522,34
Prata,PR_2020_159,1962,CTS3,12,11.5,10,4,8.2,3.3,522,34
Prata,PR_2020_159,1962,CTS3,12,11.5,10,4,8.2,3.3,522,34
Prata,PR_2020_159,1962,CTS3,12,11.5,10,4,8.2,3.3,522,34
Prata,PR_2020_159,1962,CTS3,12,11.5,10,4,8.2,3.3,522,34
Prata,PR_2020_159,1962,CTS3,12,11.5,10,4,8.2,3.3,522,34
Prata,PR_2020_163,1948,CTS4,20,15.5,14,9,10.7,4.8,321,121
Prata,PR_2020_163,1948,CTS4,20,15.5,14,9,10.7,4.8,321,121
Prata,PR_2020_163,1948,CTS4,20,15.5,14,9,10.7,4.8,321,121
Prata,PR_2020_163,1948,CTS4,20,15.5,14,9,10.7,4.8,321,121
Prata,PR_2020_163,1948,CTS4,20,15.5,14,9,10.7,4.8,321,121
Prata,PR_2020_163,1948,CTS4,20,15.5,14,9,10.7,4.8,321,121
Prata,PR_2020_163,1948,CTS4,20,15.5,14,9,10.7,4.8,321,121
Prata,PR_2020_163,1948,CTS4,20,15.5,14,9,10.7,4.8,321,121
Prata,PR_2020_167,1935,CTS3,15,NA,10,7,NA,4.3,82,77
Prata,PR_2020_167,1935,CTS3,15,NA,10,7,NA,4.3,82,77
Prata,PR_2020_167,1935,CTS3,15,NA,10,7,NA,4.3,82,77
Prata,PR_2020_167,1935,CTS3,15,NA,10,7,NA,4.3,82,77
Prata,PR_2020_167,1935,CTS3,15,NA,10,7,NA,4.3,82,77
Prata,PR_2020_167,1935,CTS3,15,NA,10,7,NA,4.3,82,77
Prata,PR_2020_167,1935,CTS3,15,NA,10,7,NA,4.3,82,77
Prata,PR_2020_167,1935,CTS3,15,NA,10,7,NA,4.3,82,77
Prata,PR_2020_175,1908,CTS5,24,20.6,18,10,16.6,4,281,99
Prata,PR_2020_175,1908,CTS5,24,20.6,18,10,16.6,4,281,99
Prata,PR_2020_175,1908,CTS5,24,20.6,18,10,16.6,4,281,99
Prata,PR_2020_175,1908,CTS5,24,20.6,18,10,16.6,4,281,99
Prata,PR_2020_175,1908,CTS5,24,20.6,18,10,16.6,4,281,99
Prata,PR_2020_175,1908,CTS5,24,20.6,18,10,16.6,4,281,99
Prata,PR_2020_175,1908,CTS5,24,20.6,18,10,16.6,4,281,99
Prata,PR_2020_175,1908,CTS5,24,20.6,18,10,16.6,4,281,99
Prata,PR_2020_187,1868,CTS3,29,23,29,7,18.4,4.6,588,88
Prata,PR_2020_187,1868,CTS3,29,23,29,7,18.4,4.6,588,88
Prata,PR_2020_187,1868,CTS3,29,23,29,7,18.4,4.6,588,88
Prata,PR_2020_187,1868,CTS3,29,23,29,7,18.4,4.6,588,88
Prata,PR_2020_187,1868,CTS3,29,23,29,7,18.4,4.6,588,88
Prata,PR_2020_187,1868,CTS3,29,23,29,7,18.4,4.6,588,88
Prata,PR_2020_187,1868,CTS3,29,23,29,7,18.4,4.6,588,88
Prata,PR_2020_187,1868,CTS3,29,23,29,7,18.4,4.6,588,88
Prata,PR_2020_191,1855,CTS3,27,22.1,26,8,18.3,3.8,514,128
Prata,PR_2020_191,1855,CTS3,27,22.1,26,8,18.3,3.8,514,128
Prata,PR_2020_191,1855,CTS3,27,22.1,26,8,18.3,3.8,514,128
Prata,PR_2020_191,1855,CTS3,27,22.1,26,8,18.3,3.8,514,128
Prata,PR_2020_191,1855,CTS3,27,22.1,26,8,18.3,3.8,514,128
Prata,PR_2020_191,1855,CTS3,27,22.1,26,8,18.3,3.8,514,128
Prata,PR_2020_191,1855,CTS3,27,22.1,26,8,18.3,3.8,514,128
Prata,PR_2020_191,1855,CTS3,27,22.1,26,8,18.3,3.8,514,128
Prata,PR_2020_195,1842,CTS3,22,17.9,18,9,13.7,4.2,546,159
Prata,PR_2020_195,1842,CTS3,22,17.9,18,9,13.7,4.2,546,159
Prata,PR_2020_195,1842,CTS3,22,17.9,18,9,13.7,4.2,546,159
Prata,PR_2020_195,1842,CTS3,22,17.9,18,9,13.7,4.2,546,159
Prata,PR_2020_195,1842,CTS3,22,17.9,18,9,13.7,4.2,546,159
Prata,PR_2020_195,1842,CTS3,22,17.9,18,9,13.7,4.2,546,159
Prata,PR_2020_195,1842,CTS3,22,17.9,18,9,13.7,4.2,546,159
Prata,PR_2020_195,1842,CTS3,22,17.9,18,9,13.7,4.2,546,159
Prata,PR_2020_199,1829,CTS4,36,31.200000000000003,35,9,25.8,5.4,544,90
Prata,PR_2020_199,1829,CTS4,36,31.200000000000003,35,9,25.8,5.4,544,90
Prata,PR_2020_199,1829,CTS4,36,31.200000000000003,35,9,25.8,5.4,544,90
Prata,PR_2020_199,1829,CTS4,36,31.200000000000003,35,9,25.8,5.4,544,90
Prata,PR_2020_199,1829,CTS4,36,31.200000000000003,35,9,25.8,5.4,544,90
Prata,PR_2020_199,1829,CTS4,36,31.200000000000003,35,9,25.8,5.4,544,90
Prata,PR_2020_199,1829,CTS4,36,31.200000000000003,35,9,25.8,5.4,544,90
Prata,PR_2020_199,1829,CTS4,36,31.200000000000003,35,9,25.8,5.4,544,90
Prata,PR_2020_201,1822,CTS3,37,31.8,35,8,27.8,4,510,79
Prata,PR_2020_201,1822,CTS3,37,31.8,35,8,27.8,4,510,79
Prata,PR_2020_201,1822,CTS3,37,31.8,35,8,27.8,4,510,79
Prata,PR_2020_201,1822,CTS3,37,31.8,35,8,27.8,4,510,79
Prata,PR_2020_201,1822,CTS3,37,31.8,35,8,27.8,4,510,79
Prata,PR_2020_201,1822,CTS3,37,31.8,35,8,27.8,4,510,79
Prata,PR_2020_201,1822,CTS3,37,31.8,35,8,27.8,4,510,79
Prata,PR_2020_201,1822,CTS3,37,31.8,35,8,27.8,4,510,79
Prata,PR_2020_205,1809,CTS4,36,30.400000000000002,37,7,26.6,3.8,531,86
Prata,PR_2020_205,1809,CTS4,36,30.400000000000002,37,7,26.6,3.8,531,86
Prata,PR_2020_205,1809,CTS4,36,30.400000000000002,37,7,26.6,3.8,531,86
Prata,PR_2020_205,1809,CTS4,36,30.400000000000002,37,7,26.6,3.8,531,86
Prata,PR_2020_205,1809,CTS4,36,30.400000000000002,37,7,26.6,3.8,531,86
Prata,PR_2020_205,1809,CTS4,36,30.400000000000002,37,7,26.6,3.8,531,86
Prata,PR_2020_205,1809,CTS4,36,30.400000000000002,37,7,26.6,3.8,531,86
Prata,PR_2020_205,1809,CTS4,36,30.400000000000002,37,7,26.6,3.8,531,86
Prata,PR_2020_209,1796,CTS4,40,36.3,44,8,32.4,3.9,569,76
Prata,PR_2020_209,1796,CTS4,40,36.3,44,8,32.4,3.9,569,76
Prata,PR_2020_209,1796,CTS4,40,36.3,44,8,32.4,3.9,569,76
Prata,PR_2020_209,1796,CTS4,40,36.3,44,8,32.4,3.9,569,76
Prata,PR_2020_209,1796,CTS4,40,36.3,44,8,32.4,3.9,569,76
Prata,PR_2020_209,1796,CTS4,40,36.3,44,8,32.4,3.9,569,76
Prata,PR_2020_209,1796,CTS4,40,36.3,44,8,32.4,3.9,569,76
Prata,PR_2020_209,1796,CTS4,40,36.3,44,8,32.4,3.9,569,76
Prata,PR_2020_213,1783,CTS4,43,35.9,41,11,31.8,4.1,527,135
Prata,PR_2020_213,1783,CTS4,43,35.9,41,11,31.8,4.1,527,135
Prata,PR_2020_213,1783,CTS4,43,35.9,41,11,31.8,4.1,527,135
Prata,PR_2020_213,1783,CTS4,43,35.9,41,11,31.8,4.1,527,135
Prata,PR_2020_213,1783,CTS4,43,35.9,41,11,31.8,4.1,527,135
Prata,PR_2020_213,1783,CTS4,43,35.9,41,11,31.8,4.1,527,135
Prata,PR_2020_213,1783,CTS4,43,35.9,41,11,31.8,4.1,527,135
Prata,PR_2020_213,1783,CTS4,43,35.9,41,11,31.8,4.1,527,135
Prata,PR_2020_217,1771,CTS3,41,34.699999999999996,39,11,30.9,3.8,505,81
Prata,PR_2020_217,1771,CTS3,41,34.699999999999996,39,11,30.9,3.8,505,81
Prata,PR_2020_217,1771,CTS3,41,34.699999999999996,39,11,30.9,3.8,505,81
Prata,PR_2020_217,1771,CTS3,41,34.699999999999996,39,11,30.9,3.8,505,81
Prata,PR_2020_217,1771,CTS3,41,34.699999999999996,39,11,30.9,3.8,505,81
Prata,PR_2020_217,1771,CTS3,41,34.699999999999996,39,11,30.9,3.8,505,81
Prata,PR_2020_217,1771,CTS3,41,34.699999999999996,39,11,30.9,3.8,505,81
Prata,PR_2020_217,1771,CTS3,41,34.699999999999996,39,11,30.9,3.8,505,81
Prata,PR_2020_221,1760,CTS3,36,32.6,37,8,28.6,4,507,111
Prata,PR_2020_221,1760,CTS3,36,32.6,37,8,28.6,4,507,111
Prata,PR_2020_221,1760,CTS3,36,32.6,37,8,28.6,4,507,111
Prata,PR_2020_221,1760,CTS3,36,32.6,37,8,28.6,4,507,111
Prata,PR_2020_221,1760,CTS3,36,32.6,37,8,28.6,4,507,111
Prata,PR_2020_221,1760,CTS3,36,32.6,37,8,28.6,4,507,111
Prata,PR_2020_221,1760,CTS3,36,32.6,37,8,28.6,4,507,111
Prata,PR_2020_221,1760,CTS3,36,32.6,37,8,28.6,4,507,111
Prata,PR_2020_225,1749,CTS3,36,31.200000000000003,37,6,26.8,4.4,597,60
Prata,PR_2020_225,1749,CTS3,36,31.200000000000003,37,6,26.8,4.4,597,60
Prata,PR_2020_225,1749,CTS3,36,31.200000000000003,37,6,26.8,4.4,597,60
Prata,PR_2020_225,1749,CTS3,36,31.200000000000003,37,6,26.8,4.4,597,60
Prata,PR_2020_225,1749,CTS3,36,31.200000000000003,37,6,26.8,4.4,597,60
Prata,PR_2020_225,1749,CTS3,36,31.200000000000003,37,6,26.8,4.4,597,60
Prata,PR_2020_225,1749,CTS3,36,31.200000000000003,37,6,26.8,4.4,597,60
Prata,PR_2020_225,1749,CTS3,36,31.200000000000003,37,6,26.8,4.4,597,60
Prata,PR_2020_229,1738,CTS4,39,33.5,40,9,29.2,4.3,518,112
Prata,PR_2020_229,1738,CTS4,39,33.5,40,9,29.2,4.3,518,112
Prata,PR_2020_229,1738,CTS4,39,33.5,40,9,29.2,4.3,518,112
Prata,PR_2020_229,1738,CTS4,39,33.5,40,9,29.2,4.3,518,112
Prata,PR_2020_229,1738,CTS4,39,33.5,40,9,29.2,4.3,518,112
Prata,PR_2020_229,1738,CTS4,39,33.5,40,9,29.2,4.3,518,112
Prata,PR_2020_229,1738,CTS4,39,33.5,40,9,29.2,4.3,518,112
Prata,PR_2020_229,1738,CTS4,39,33.5,40,9,29.2,4.3,518,112
Prata,PR_2020_233,1727,CTS4,37,33.5,43,6,29.7,3.8,555,73
Prata,PR_2020_233,1727,CTS4,37,33.5,43,6,29.7,3.8,555,73
Prata,PR_2020_233,1727,CTS4,37,33.5,43,6,29.7,3.8,555,73
Prata,PR_2020_233,1727,CTS4,37,33.5,43,6,29.7,3.8,555,73
Prata,PR_2020_233,1727,CTS4,37,33.5,43,6,29.7,3.8,555,73
Prata,PR_2020_233,1727,CTS4,37,33.5,43,6,29.7,3.8,555,73
Prata,PR_2020_233,1727,CTS4,37,33.5,43,6,29.7,3.8,555,73
Prata,PR_2020_233,1727,CTS4,37,33.5,43,6,29.7,3.8,555,73
Prata,PR_2020_237,1716,CTS3,34,32.4,37,8,28.6,3.8,575,80
Prata,PR_2020_237,1716,CTS3,34,32.4,37,8,28.6,3.8,575,80
Prata,PR_2020_237,1716,CTS3,34,32.4,37,8,28.6,3.8,575,80
Prata,PR_2020_237,1716,CTS3,34,32.4,37,8,28.6,3.8,575,80
Prata,PR_2020_237,1716,CTS3,34,32.4,37,8,28.6,3.8,575,80
Prata,PR_2020_237,1716,CTS3,34,32.4,37,8,28.6,3.8,575,80
Prata,PR_2020_237,1716,CTS3,34,32.4,37,8,28.6,3.8,575,80
Prata,PR_2020_237,1716,CTS3,34,32.4,37,8,28.6,3.8,575,80
Prata,PR_2020_241,1705,CTS4,37,31.1,40,8,27.3,3.8,575,86
Prata,PR_2020_241,1705,CTS4,37,31.1,40,8,27.3,3.8,575,86
Prata,PR_2020_241,1705,CTS4,37,31.1,40,8,27.3,3.8,575,86
Prata,PR_2020_241,1705,CTS4,37,31.1,40,8,27.3,3.8,575,86
Prata,PR_2020_241,1705,CTS4,37,31.1,40,8,27.3,3.8,575,86
Prata,PR_2020_241,1705,CTS4,37,31.1,40,8,27.3,3.8,575,86
Prata,PR_2020_241,1705,CTS4,37,31.1,40,8,27.3,3.8,575,86
Prata,PR_2020_241,1705,CTS4,37,31.1,40,8,27.3,3.8,575,86
Prata,PR_2020_245,1694,CTS3,30,29,30,8,25.2,3.8,510,85
Prata,PR_2020_245,1694,CTS3,30,29,30,8,25.2,3.8,510,85
Prata,PR_2020_245,1694,CTS3,30,29,30,8,25.2,3.8,510,85
Prata,PR_2020_245,1694,CTS3,30,29,30,8,25.2,3.8,510,85
Prata,PR_2020_245,1694,CTS3,30,29,30,8,25.2,3.8,510,85
Prata,PR_2020_245,1694,CTS3,30,29,30,8,25.2,3.8,510,85
Prata,PR_2020_245,1694,CTS3,30,29,30,8,25.2,3.8,510,85
Prata,PR_2020_245,1694,CTS3,30,29,30,8,25.2,3.8,510,85
Prata,PR_2020_249,1683,CTS3,37,31.1,35,9,26.6,4.5,503,86
Prata,PR_2020_249,1683,CTS3,37,31.1,35,9,26.6,4.5,503,86
Prata,PR_2020_249,1683,CTS3,37,31.1,35,9,26.6,4.5,503,86
Prata,PR_2020_249,1683,CTS3,37,31.1,35,9,26.6,4.5,503,86
Prata,PR_2020_249,1683,CTS3,37,31.1,35,9,26.6,4.5,503,86
Prata,PR_2020_249,1683,CTS3,37,31.1,35,9,26.6,4.5,503,86
Prata,PR_2020_249,1683,CTS3,37,31.1,35,9,26.6,4.5,503,86
Prata,PR_2020_249,1683,CTS3,37,31.1,35,9,26.6,4.5,503,86
Prata,PR_2020_251,1678,CTS3,50,42.800000000000004,51,11,38.6,4.2,533,138
Prata,PR_2020_251,1678,CTS3,50,42.800000000000004,51,11,38.6,4.2,533,138
Prata,PR_2020_251,1678,CTS3,50,42.800000000000004,51,11,38.6,4.2,533,138
Prata,PR_2020_251,1678,CTS3,50,42.800000000000004,51,11,38.6,4.2,533,138
Prata,PR_2020_251,1678,CTS3,50,42.800000000000004,51,11,38.6,4.2,533,138
Prata,PR_2020_251,1678,CTS3,50,42.800000000000004,51,11,38.6,4.2,533,138
Prata,PR_2020_251,1678,CTS3,50,42.800000000000004,51,11,38.6,4.2,533,138
Prata,PR_2020_251,1678,CTS3,50,42.800000000000004,51,11,38.6,4.2,533,138
Prata,PR_2020_255,1667,CTS3,38,29.9,38,9,25.9,4,673,102
Prata,PR_2020_255,1667,CTS3,38,29.9,38,9,25.9,4,673,102
Prata,PR_2020_255,1667,CTS3,38,29.9,38,9,25.9,4,673,102
Prata,PR_2020_255,1667,CTS3,38,29.9,38,9,25.9,4,673,102
Prata,PR_2020_255,1667,CTS3,38,29.9,38,9,25.9,4,673,102
Prata,PR_2020_255,1667,CTS3,38,29.9,38,9,25.9,4,673,102
Prata,PR_2020_255,1667,CTS3,38,29.9,38,9,25.9,4,673,102
Prata,PR_2020_255,1667,CTS3,38,29.9,38,9,25.9,4,673,102
Prata,PR_2020_259,1656,CTS3,28,24.8,26,9,20.5,4.3,511,108
Prata,PR_2020_259,1656,CTS3,28,24.8,26,9,20.5,4.3,511,108
Prata,PR_2020_259,1656,CTS3,28,24.8,26,9,20.5,4.3,511,108
Prata,PR_2020_259,1656,CTS3,28,24.8,26,9,20.5,4.3,511,108
Prata,PR_2020_259,1656,CTS3,28,24.8,26,9,20.5,4.3,511,108
Prata,PR_2020_259,1656,CTS3,28,24.8,26,9,20.5,4.3,511,108
Prata,PR_2020_259,1656,CTS3,28,24.8,26,9,20.5,4.3,511,108
Prata,PR_2020_259,1656,CTS3,28,24.8,26,9,20.5,4.3,511,108
Prata,PR_2020_263,1645,CTS3,35,31.9,35,10,27.9,4,515,106
Prata,PR_2020_263,1645,CTS3,35,31.9,35,10,27.9,4,515,106
Prata,PR_2020_263,1645,CTS3,35,31.9,35,10,27.9,4,515,106
Prata,PR_2020_263,1645,CTS3,35,31.9,35,10,27.9,4,515,106
Prata,PR_2020_263,1645,CTS3,35,31.9,35,10,27.9,4,515,106
Prata,PR_2020_263,1645,CTS3,35,31.9,35,10,27.9,4,515,106
Prata,PR_2020_263,1645,CTS3,35,31.9,35,10,27.9,4,515,106
Prata,PR_2020_263,1645,CTS3,35,31.9,35,10,27.9,4,515,106
Prata,PR_2020_267,1634,CTS3,36,31.200000000000003,37,7,28.1,3.1,520,75
Prata,PR_2020_267,1634,CTS3,36,31.200000000000003,37,7,28.1,3.1,520,75
Prata,PR_2020_267,1634,CTS3,36,31.200000000000003,37,7,28.1,3.1,520,75
Prata,PR_2020_267,1634,CTS3,36,31.200000000000003,37,7,28.1,3.1,520,75
Prata,PR_2020_267,1634,CTS3,36,31.200000000000003,37,7,28.1,3.1,520,75
Prata,PR_2020_267,1634,CTS3,36,31.200000000000003,37,7,28.1,3.1,520,75
Prata,PR_2020_267,1634,CTS3,36,31.200000000000003,37,7,28.1,3.1,520,75
Prata,PR_2020_267,1634,CTS3,36,31.200000000000003,37,7,28.1,3.1,520,75
Prata,PR_2020_271,1623,CTS3,34,31,34,7,26.4,4.6,518,87
Prata,PR_2020_271,1623,CTS3,34,31,34,7,26.4,4.6,518,87
Prata,PR_2020_271,1623,CTS3,34,31,34,7,26.4,4.6,518,87
Prata,PR_2020_271,1623,CTS3,34,31,34,7,26.4,4.6,518,87
Prata,PR_2020_271,1623,CTS3,34,31,34,7,26.4,4.6,518,87
Prata,PR_2020_271,1623,CTS3,34,31,34,7,26.4,4.6,518,87
Prata,PR_2020_271,1623,CTS3,34,31,34,7,26.4,4.6,518,87
Prata,PR_2020_271,1623,CTS3,34,31,34,7,26.4,4.6,518,87
Prata,PR_2020_275,1612,CTS3,31,33.2,36,7,28.8,4.4,510,69
Prata,PR_2020_275,1612,CTS3,31,33.2,36,7,28.8,4.4,510,69
Prata,PR_2020_275,1612,CTS3,31,33.2,36,7,28.8,4.4,510,69
Prata,PR_2020_275,1612,CTS3,31,33.2,36,7,28.8,4.4,510,69
Prata,PR_2020_275,1612,CTS3,31,33.2,36,7,28.8,4.4,510,69
Prata,PR_2020_275,1612,CTS3,31,33.2,36,7,28.8,4.4,510,69
Prata,PR_2020_275,1612,CTS3,31,33.2,36,7,28.8,4.4,510,69
Prata,PR_2020_275,1612,CTS3,31,33.2,36,7,28.8,4.4,510,69
Prata,PR_2020_279,1600,CTS3,41,38.9,46,9,35.1,3.8,513,71
Prata,PR_2020_279,1600,CTS3,41,38.9,46,9,35.1,3.8,513,71
Prata,PR_2020_279,1600,CTS3,41,38.9,46,9,35.1,3.8,513,71
Prata,PR_2020_279,1600,CTS3,41,38.9,46,9,35.1,3.8,513,71
Prata,PR_2020_279,1600,CTS3,41,38.9,46,9,35.1,3.8,513,71
Prata,PR_2020_279,1600,CTS3,41,38.9,46,9,35.1,3.8,513,71
Prata,PR_2020_279,1600,CTS3,41,38.9,46,9,35.1,3.8,513,71
Prata,PR_2020_279,1600,CTS3,41,38.9,46,9,35.1,3.8,513,71
Prata,PR_2020_283,1589,CTS3,43,38.199999999999996,46,9,33.8,4.4,524,73
Prata,PR_2020_283,1589,CTS3,43,38.199999999999996,46,9,33.8,4.4,524,73
Prata,PR_2020_283,1589,CTS3,43,38.199999999999996,46,9,33.8,4.4,524,73
Prata,PR_2020_283,1589,CTS3,43,38.199999999999996,46,9,33.8,4.4,524,73
Prata,PR_2020_283,1589,CTS3,43,38.199999999999996,46,9,33.8,4.4,524,73
Prata,PR_2020_283,1589,CTS3,43,38.199999999999996,46,9,33.8,4.4,524,73
Prata,PR_2020_283,1589,CTS3,43,38.199999999999996,46,9,33.8,4.4,524,73
Prata,PR_2020_283,1589,CTS3,43,38.199999999999996,46,9,33.8,4.4,524,73
Prata,PR_2020_287,1578,CTS3,45,37.699999999999996,48,7,33.4,4.3,635,77
Prata,PR_2020_287,1578,CTS3,45,37.699999999999996,48,7,33.4,4.3,635,77
Prata,PR_2020_287,1578,CTS3,45,37.699999999999996,48,7,33.4,4.3,635,77
Prata,PR_2020_287,1578,CTS3,45,37.699999999999996,48,7,33.4,4.3,635,77
Prata,PR_2020_287,1578,CTS3,45,37.699999999999996,48,7,33.4,4.3,635,77
Prata,PR_2020_287,1578,CTS3,45,37.699999999999996,48,7,33.4,4.3,635,77
Prata,PR_2020_287,1578,CTS3,45,37.699999999999996,48,7,33.4,4.3,635,77
Prata,PR_2020_287,1578,CTS3,45,37.699999999999996,48,7,33.4,4.3,635,77
Prata,PR_2020_291,1568,CTS3,47,39.8,46,11,34.8,5,510,58
Prata,PR_2020_291,1568,CTS3,47,39.8,46,11,34.8,5,510,58
Prata,PR_2020_291,1568,CTS3,47,39.8,46,11,34.8,5,510,58
Prata,PR_2020_291,1568,CTS3,47,39.8,46,11,34.8,5,510,58
Prata,PR_2020_291,1568,CTS3,47,39.8,46,11,34.8,5,510,58
Prata,PR_2020_291,1568,CTS3,47,39.8,46,11,34.8,5,510,58
Prata,PR_2020_291,1568,CTS3,47,39.8,46,11,34.8,5,510,58
Prata,PR_2020_291,1568,CTS3,47,39.8,46,11,34.8,5,510,58
Prata,PR_2020_301,1541,CTS3,45,37.300000000000004,41,12,32.1,5.2,538,112
Prata,PR_2020_301,1541,CTS3,45,37.300000000000004,41,12,32.1,5.2,538,112
Prata,PR_2020_301,1541,CTS3,45,37.300000000000004,41,12,32.1,5.2,538,112
Prata,PR_2020_301,1541,CTS3,45,37.300000000000004,41,12,32.1,5.2,538,112
Prata,PR_2020_301,1541,CTS3,45,37.300000000000004,41,12,32.1,5.2,538,112
Prata,PR_2020_301,1541,CTS3,45,37.300000000000004,41,12,32.1,5.2,538,112
Prata,PR_2020_301,1541,CTS3,45,37.300000000000004,41,12,32.1,5.2,538,112
Prata,PR_2020_301,1541,CTS3,45,37.300000000000004,41,12,32.1,5.2,538,112
Prata,PR_2020_305,1531,CTS3,43,38.7,44,9,34.6,4.1,568,97
Prata,PR_2020_305,1531,CTS3,43,38.7,44,9,34.6,4.1,568,97
Prata,PR_2020_305,1531,CTS3,43,38.7,44,9,34.6,4.1,568,97
Prata,PR_2020_305,1531,CTS3,43,38.7,44,9,34.6,4.1,568,97
Prata,PR_2020_305,1531,CTS3,43,38.7,44,9,34.6,4.1,568,97
Prata,PR_2020_305,1531,CTS3,43,38.7,44,9,34.6,4.1,568,97
Prata,PR_2020_305,1531,CTS3,43,38.7,44,9,34.6,4.1,568,97
Prata,PR_2020_305,1531,CTS3,43,38.7,44,9,34.6,4.1,568,97
Prata,PR_2020_313,1509,CTS3,45,38,45,9,33.3,4.7,534,145
Prata,PR_2020_313,1509,CTS3,45,38,45,9,33.3,4.7,534,145
Prata,PR_2020_313,1509,CTS3,45,38,45,9,33.3,4.7,534,145
Prata,PR_2020_313,1509,CTS3,45,38,45,9,33.3,4.7,534,145
Prata,PR_2020_313,1509,CTS3,45,38,45,9,33.3,4.7,534,145
Prata,PR_2020_313,1509,CTS3,45,38,45,9,33.3,4.7,534,145
Prata,PR_2020_313,1509,CTS3,45,38,45,9,33.3,4.7,534,145
Prata,PR_2020_313,1509,CTS3,45,38,45,9,33.3,4.7,534,145
Prata,PR_2020_317,1498,CTS3,45,33.699999999999996,41,10,29.4,4.3,487,99
Prata,PR_2020_317,1498,CTS3,45,33.699999999999996,41,10,29.4,4.3,487,99
Prata,PR_2020_317,1498,CTS3,45,33.699999999999996,41,10,29.4,4.3,487,99
Prata,PR_2020_317,1498,CTS3,45,33.699999999999996,41,10,29.4,4.3,487,99
Prata,PR_2020_317,1498,CTS3,45,33.699999999999996,41,10,29.4,4.3,487,99
Prata,PR_2020_317,1498,CTS3,45,33.699999999999996,41,10,29.4,4.3,487,99
Prata,PR_2020_317,1498,CTS3,45,33.699999999999996,41,10,29.4,4.3,487,99
Prata,PR_2020_317,1498,CTS3,45,33.699999999999996,41,10,29.4,4.3,487,99
Prata,PR_2020_321,1487,CTS3,42,35.6,37,12,29.1,6.5,509,112
Prata,PR_2020_321,1487,CTS3,42,35.6,37,12,29.1,6.5,509,112
Prata,PR_2020_321,1487,CTS3,42,35.6,37,12,29.1,6.5,509,112
Prata,PR_2020_321,1487,CTS3,42,35.6,37,12,29.1,6.5,509,112
Prata,PR_2020_321,1487,CTS3,42,35.6,37,12,29.1,6.5,509,112
Prata,PR_2020_321,1487,CTS3,42,35.6,37,12,29.1,6.5,509,112
Prata,PR_2020_321,1487,CTS3,42,35.6,37,12,29.1,6.5,509,112
Prata,PR_2020_321,1487,CTS3,42,35.6,37,12,29.1,6.5,509,112
Prata,PR_2020_325,1477,CTS3,43,31,38,9,26.5,4.5,528,135
Prata,PR_2020_325,1477,CTS3,43,31,38,9,26.5,4.5,528,135
Prata,PR_2020_325,1477,CTS3,43,31,38,9,26.5,4.5,528,135
Prata,PR_2020_325,1477,CTS3,43,31,38,9,26.5,4.5,528,135
Prata,PR_2020_325,1477,CTS3,43,31,38,9,26.5,4.5,528,135
Prata,PR_2020_325,1477,CTS3,43,31,38,9,26.5,4.5,528,135
Prata,PR_2020_325,1477,CTS3,43,31,38,9,26.5,4.5,528,135
Prata,PR_2020_325,1477,CTS3,43,31,38,9,26.5,4.5,528,135
Prata,PR_2020_329,1460,CTS3,42,36.5,43,9,30.8,5.7,529,51
Prata,PR_2020_329,1460,CTS3,42,36.5,43,9,30.8,5.7,529,51
Prata,PR_2020_329,1460,CTS3,42,36.5,43,9,30.8,5.7,529,51
Prata,PR_2020_329,1460,CTS3,42,36.5,43,9,30.8,5.7,529,51
Prata,PR_2020_329,1460,CTS3,42,36.5,43,9,30.8,5.7,529,51
Prata,PR_2020_329,1460,CTS3,42,36.5,43,9,30.8,5.7,529,51
Prata,PR_2020_329,1460,CTS3,42,36.5,43,9,30.8,5.7,529,51
Prata,PR_2020_329,1460,CTS3,42,36.5,43,9,30.8,5.7,529,51
Prata,PR_2020_333,1436,CTS3,35,33.6,32,10,27.4,6.2,512,74
Prata,PR_2020_333,1436,CTS3,35,33.6,32,10,27.4,6.2,512,74
Prata,PR_2020_333,1436,CTS3,35,33.6,32,10,27.4,6.2,512,74
Prata,PR_2020_333,1436,CTS3,35,33.6,32,10,27.4,6.2,512,74
Prata,PR_2020_333,1436,CTS3,35,33.6,32,10,27.4,6.2,512,74
Prata,PR_2020_333,1436,CTS3,35,33.6,32,10,27.4,6.2,512,74
Prata,PR_2020_333,1436,CTS3,35,33.6,32,10,27.4,6.2,512,74
Prata,PR_2020_333,1436,CTS3,35,33.6,32,10,27.4,6.2,512,74
Prata,PR_2020_337,1410,CTS3,41,37.4,43,9,30.9,6.5,538,41
Prata,PR_2020_337,1410,CTS3,41,37.4,43,9,30.9,6.5,538,41
Prata,PR_2020_337,1410,CTS3,41,37.4,43,9,30.9,6.5,538,41
Prata,PR_2020_337,1410,CTS3,41,37.4,43,9,30.9,6.5,538,41
Prata,PR_2020_337,1410,CTS3,41,37.4,43,9,30.9,6.5,538,41
Prata,PR_2020_337,1410,CTS3,41,37.4,43,9,30.9,6.5,538,41
Prata,PR_2020_337,1410,CTS3,41,37.4,43,9,30.9,6.5,538,41
Prata,PR_2020_337,1410,CTS3,41,37.4,43,9,30.9,6.5,538,41
Prata,PR_2020_345,1356,CTS3,44,36.7,44,7,31.1,5.6,535,52
Prata,PR_2020_345,1356,CTS3,44,36.7,44,7,31.1,5.6,535,52
Prata,PR_2020_345,1356,CTS3,44,36.7,44,7,31.1,5.6,535,52
Prata,PR_2020_345,1356,CTS3,44,36.7,44,7,31.1,5.6,535,52
Prata,PR_2020_345,1356,CTS3,44,36.7,44,7,31.1,5.6,535,52
Prata,PR_2020_345,1356,CTS3,44,36.7,44,7,31.1,5.6,535,52
Prata,PR_2020_345,1356,CTS3,44,36.7,44,7,31.1,5.6,535,52
Prata,PR_2020_345,1356,CTS3,44,36.7,44,7,31.1,5.6,535,52
Prata,PR_2020_349,1329,CTS3,49,43.7,53,6,38.6,5.1,540,25
Prata,PR_2020_349,1329,CTS3,49,43.7,53,6,38.6,5.1,540,25
Prata,PR_2020_349,1329,CTS3,49,43.7,53,6,38.6,5.1,540,25
Prata,PR_2020_349,1329,CTS3,49,43.7,53,6,38.6,5.1,540,25
Prata,PR_2020_349,1329,CTS3,49,43.7,53,6,38.6,5.1,540,25
Prata,PR_2020_349,1329,CTS3,49,43.7,53,6,38.6,5.1,540,25
Prata,PR_2020_349,1329,CTS3,49,43.7,53,6,38.6,5.1,540,25
Prata,PR_2020_349,1329,CTS3,49,43.7,53,6,38.6,5.1,540,25
Prata,PR_2020_351,1315,CTS3,32,31.7,31,10,25.2,6.5,527,115
Prata,PR_2020_351,1315,CTS3,32,31.7,31,10,25.2,6.5,527,115
Prata,PR_2020_351,1315,CTS3,32,31.7,31,10,25.2,6.5,527,115
Prata,PR_2020_351,1315,CTS3,32,31.7,31,10,25.2,6.5,527,115
Prata,PR_2020_351,1315,CTS3,32,31.7,31,10,25.2,6.5,527,115
Prata,PR_2020_351,1315,CTS3,32,31.7,31,10,25.2,6.5,527,115
Prata,PR_2020_351,1315,CTS3,32,31.7,31,10,25.2,6.5,527,115
Prata,PR_2020_351,1315,CTS3,32,31.7,31,10,25.2,6.5,527,115
Prata,PR_2020_355,1290,CTS3,51,44.7,50,10,39.2,5.5,508,115
Prata,PR_2020_355,1290,CTS3,51,44.7,50,10,39.2,5.5,508,115
Prata,PR_2020_355,1290,CTS3,51,44.7,50,10,39.2,5.5,508,115
Prata,PR_2020_355,1290,CTS3,51,44.7,50,10,39.2,5.5,508,115
Prata,PR_2020_355,1290,CTS3,51,44.7,50,10,39.2,5.5,508,115
Prata,PR_2020_355,1290,CTS3,51,44.7,50,10,39.2,5.5,508,115
Prata,PR_2020_355,1290,CTS3,51,44.7,50,10,39.2,5.5,508,115
Prata,PR_2020_355,1290,CTS3,51,44.7,50,10,39.2,5.5,508,115
Prata,PR_2020_359,1262,CTS3,48,42.4,50,9,37.3,5.1,515,111
Prata,PR_2020_359,1262,CTS3,48,42.4,50,9,37.3,5.1,515,111
Prata,PR_2020_359,1262,CTS3,48,42.4,50,9,37.3,5.1,515,111
Prata,PR_2020_359,1262,CTS3,48,42.4,50,9,37.3,5.1,515,111
Prata,PR_2020_359,1262,CTS3,48,42.4,50,9,37.3,5.1,515,111
Prata,PR_2020_359,1262,CTS3,48,42.4,50,9,37.3,5.1,515,111
Prata,PR_2020_359,1262,CTS3,48,42.4,50,9,37.3,5.1,515,111
Prata,PR_2020_359,1262,CTS3,48,42.4,50,9,37.3,5.1,515,111
Prata,PR_2020_361,1247,CTS5,46,33.5,41,12,28.5,5,516,126
Prata,PR_2020_361,1247,CTS5,46,33.5,41,12,28.5,5,516,126
Prata,PR_2020_361,1247,CTS5,46,33.5,41,12,28.5,5,516,126
Prata,PR_2020_361,1247,CTS5,46,33.5,41,12,28.5,5,516,126
Prata,PR_2020_361,1247,CTS5,46,33.5,41,12,28.5,5,516,126
Prata,PR_2020_361,1247,CTS5,46,33.5,41,12,28.5,5,516,126
Prata,PR_2020_361,1247,CTS5,46,33.5,41,12,28.5,5,516,126
Prata,PR_2020_361,1247,CTS5,46,33.5,41,12,28.5,5,516,126
Prata,PR_2020_375,1218,CTS5,23,22.4,19,7,17.7,4.7,506,119
Prata,PR_2020_375,1218,CTS5,23,22.4,19,7,17.7,4.7,506,119
Prata,PR_2020_375,1218,CTS5,23,22.4,19,7,17.7,4.7,506,119
Prata,PR_2020_375,1218,CTS5,23,22.4,19,7,17.7,4.7,506,119
Prata,PR_2020_375,1218,CTS5,23,22.4,19,7,17.7,4.7,506,119
Prata,PR_2020_375,1218,CTS5,23,22.4,19,7,17.7,4.7,506,119
Prata,PR_2020_375,1218,CTS5,23,22.4,19,7,17.7,4.7,506,119
Prata,PR_2020_375,1218,CTS5,23,22.4,19,7,17.7,4.7,506,119
Prata,PR_2020_379,1188,CTS5,39,36,34,10,30.2,5.8,405,128
Prata,PR_2020_379,1188,CTS5,39,36,34,10,30.2,5.8,405,128
Prata,PR_2020_379,1188,CTS5,39,36,34,10,30.2,5.8,405,128
Prata,PR_2020_379,1188,CTS5,39,36,34,10,30.2,5.8,405,128
Prata,PR_2020_379,1188,CTS5,39,36,34,10,30.2,5.8,405,128
Prata,PR_2020_379,1188,CTS5,39,36,34,10,30.2,5.8,405,128
Prata,PR_2020_379,1188,CTS5,39,36,34,10,30.2,5.8,405,128
Prata,PR_2020_379,1188,CTS5,39,36,34,10,30.2,5.8,405,128
Prata,PR_2020_383,1156,CTS3,35,31.5,30,8,26,5.5,410,115
Prata,PR_2020_383,1156,CTS3,35,31.5,30,8,26,5.5,410,115
Prata,PR_2020_383,1156,CTS3,35,31.5,30,8,26,5.5,410,115
Prata,PR_2020_383,1156,CTS3,35,31.5,30,8,26,5.5,410,115
Prata,PR_2020_383,1156,CTS3,35,31.5,30,8,26,5.5,410,115
Prata,PR_2020_383,1156,CTS3,35,31.5,30,8,26,5.5,410,115
Prata,PR_2020_383,1156,CTS3,35,31.5,30,8,26,5.5,410,115
Prata,PR_2020_383,1156,CTS3,35,31.5,30,8,26,5.5,410,115
Prata,PR_2020_387,1126,CTS5,21,19,15,8,13.4,5.6,464,101
Prata,PR_2020_387,1126,CTS5,21,19,15,8,13.4,5.6,464,101
Prata,PR_2020_387,1126,CTS5,21,19,15,8,13.4,5.6,464,101
Prata,PR_2020_387,1126,CTS5,21,19,15,8,13.4,5.6,464,101
Prata,PR_2020_387,1126,CTS5,21,19,15,8,13.4,5.6,464,101
Prata,PR_2020_387,1126,CTS5,21,19,15,8,13.4,5.6,464,101
Prata,PR_2020_387,1126,CTS5,21,19,15,8,13.4,5.6,464,101
Prata,PR_2020_387,1126,CTS5,21,19,15,8,13.4,5.6,464,101
Prata,PR_2020_391,1092,CTS5,30,26.1,24,9,20.5,5.6,408,132
Prata,PR_2020_391,1092,CTS5,30,26.1,24,9,20.5,5.6,408,132
Prata,PR_2020_391,1092,CTS5,30,26.1,24,9,20.5,5.6,408,132
Prata,PR_2020_391,1092,CTS5,30,26.1,24,9,20.5,5.6,408,132
Prata,PR_2020_391,1092,CTS5,30,26.1,24,9,20.5,5.6,408,132
Prata,PR_2020_391,1092,CTS5,30,26.1,24,9,20.5,5.6,408,132
Prata,PR_2020_391,1092,CTS5,30,26.1,24,9,20.5,5.6,408,132
Prata,PR_2020_391,1092,CTS5,30,26.1,24,9,20.5,5.6,408,132
Prata,PR_2020_395,1046,CTS5,21,17.4,13,10,11.3,6.1,414,189
Prata,PR_2020_395,1046,CTS5,21,17.4,13,10,11.3,6.1,414,189
Prata,PR_2020_395,1046,CTS5,21,17.4,13,10,11.3,6.1,414,189
Prata,PR_2020_395,1046,CTS5,21,17.4,13,10,11.3,6.1,414,189
Prata,PR_2020_395,1046,CTS5,21,17.4,13,10,11.3,6.1,414,189
Prata,PR_2020_395,1046,CTS5,21,17.4,13,10,11.3,6.1,414,189
Prata,PR_2020_395,1046,CTS5,21,17.4,13,10,11.3,6.1,414,189
Prata,PR_2020_395,1046,CTS5,21,17.4,13,10,11.3,6.1,414,189
Prata,PR_2020_399,929,CTS5,34,28.4,29,10,23.5,4.9,517,153
Prata,PR_2020_399,929,CTS5,34,28.4,29,10,23.5,4.9,517,153
Prata,PR_2020_399,929,CTS5,34,28.4,29,10,23.5,4.9,517,153
Prata,PR_2020_399,929,CTS5,34,28.4,29,10,23.5,4.9,517,153
Prata,PR_2020_399,929,CTS5,34,28.4,29,10,23.5,4.9,517,153
Prata,PR_2020_399,929,CTS5,34,28.4,29,10,23.5,4.9,517,153
Prata,PR_2020_399,929,CTS5,34,28.4,29,10,23.5,4.9,517,153
Prata,PR_2020_399,929,CTS5,34,28.4,29,10,23.5,4.9,517,153
Prata,PR_2020_415,810,CTS3,36,27.5,29,11,22.3,5.2,516,145
Prata,PR_2020_415,810,CTS3,36,27.5,29,11,22.3,5.2,516,145
Prata,PR_2020_415,810,CTS3,36,27.5,29,11,22.3,5.2,516,145
Prata,PR_2020_415,810,CTS3,36,27.5,29,11,22.3,5.2,516,145
Prata,PR_2020_415,810,CTS3,36,27.5,29,11,22.3,5.2,516,145
Prata,PR_2020_415,810,CTS3,36,27.5,29,11,22.3,5.2,516,145
Prata,PR_2020_415,810,CTS3,36,27.5,29,11,22.3,5.2,516,145
Prata,PR_2020_415,810,CTS3,36,27.5,29,11,22.3,5.2,516,145
Prata,PR_2020_419,733,CTS3,25,22.8,23,8,17.5,5.3,521,140
Prata,PR_2020_419,733,CTS3,25,22.8,23,8,17.5,5.3,521,140
Prata,PR_2020_419,733,CTS3,25,22.8,23,8,17.5,5.3,521,140
Prata,PR_2020_419,733,CTS3,25,22.8,23,8,17.5,5.3,521,140
Prata,PR_2020_419,733,CTS3,25,22.8,23,8,17.5,5.3,521,140
Prata,PR_2020_419,733,CTS3,25,22.8,23,8,17.5,5.3,521,140
Prata,PR_2020_419,733,CTS3,25,22.8,23,8,17.5,5.3,521,140
Prata,PR_2020_419,733,CTS3,25,22.8,23,8,17.5,5.3,521,140
Santiago,SA11_02_145,1597,CTS1,22,17.9,15,8,12.7,5.2,404,164
Santiago,SA11_02_145,1597,CTS1,22,17.9,15,8,12.7,5.2,404,164
Santiago,SA11_02_145,1597,CTS1,22,17.9,15,8,12.7,5.2,404,164
Santiago,SA11_02_145,1597,CTS1,22,17.9,15,8,12.7,5.2,404,164
Santiago,SA11_02_145,1597,CTS1,22,17.9,15,8,12.7,5.2,404,164
Santiago,SA11_02_145,1597,CTS1,22,17.9,15,8,12.7,5.2,404,164
Santiago,SA11_02_145,1597,CTS1,22,17.9,15,8,12.7,5.2,404,164
Santiago,SA11_02_145,1597,CTS1,22,17.9,15,8,12.7,5.2,404,164
Santiago,SA11_02_143,1609,CTS1,20,17.1,14,7,12.1,5,421.5,64
Santiago,SA11_02_143,1609,CTS1,20,17.1,14,7,12.1,5,421.5,64
Santiago,SA11_02_143,1609,CTS1,20,17.1,14,7,12.1,5,421.5,64
Santiago,SA11_02_143,1609,CTS1,20,17.1,14,7,12.1,5,421.5,64
Santiago,SA11_02_143,1609,CTS1,20,17.1,14,7,12.1,5,421.5,64
Santiago,SA11_02_143,1609,CTS1,20,17.1,14,7,12.1,5,421.5,64
Santiago,SA11_02_143,1609,CTS1,20,17.1,14,7,12.1,5,421.5,64
Santiago,SA11_02_143,1609,CTS1,20,17.1,14,7,12.1,5,421.5,64
Santiago,SA11_02_141,1621,CTS4,17,14,12,7,9.8,4.2,457.5,110
Santiago,SA11_02_141,1621,CTS4,17,14,12,7,9.8,4.2,457.5,110
Santiago,SA11_02_141,1621,CTS4,17,14,12,7,9.8,4.2,457.5,110
Santiago,SA11_02_141,1621,CTS4,17,14,12,7,9.8,4.2,457.5,110
Santiago,SA11_02_141,1621,CTS4,17,14,12,7,9.8,4.2,457.5,110
Santiago,SA11_02_141,1621,CTS4,17,14,12,7,9.8,4.2,457.5,110
Santiago,SA11_02_141,1621,CTS4,17,14,12,7,9.8,4.2,457.5,110
Santiago,SA11_02_141,1621,CTS4,17,14,12,7,9.8,4.2,457.5,110
Santiago,SA11_02_139,1634,CTS4,27,20.4,21,7,16.2,4.2,423.5,106
Santiago,SA11_02_139,1634,CTS4,27,20.4,21,7,16.2,4.2,423.5,106
Santiago,SA11_02_139,1634,CTS4,27,20.4,21,7,16.2,4.2,423.5,106
Santiago,SA11_02_139,1634,CTS4,27,20.4,21,7,16.2,4.2,423.5,106
Santiago,SA11_02_139,1634,CTS4,27,20.4,21,7,16.2,4.2,423.5,106
Santiago,SA11_02_139,1634,CTS4,27,20.4,21,7,16.2,4.2,423.5,106
Santiago,SA11_02_139,1634,CTS4,27,20.4,21,7,16.2,4.2,423.5,106
Santiago,SA11_02_139,1634,CTS4,27,20.4,21,7,16.2,4.2,423.5,106
Santiago,SA11_02_137,1646,CTS1,16,12.1,8,10,6.8,5.3,427.5,154
Santiago,SA11_02_137,1646,CTS1,16,12.1,8,10,6.8,5.3,427.5,154
Santiago,SA11_02_137,1646,CTS1,16,12.1,8,10,6.8,5.3,427.5,154
Santiago,SA11_02_137,1646,CTS1,16,12.1,8,10,6.8,5.3,427.5,154
Santiago,SA11_02_137,1646,CTS1,16,12.1,8,10,6.8,5.3,427.5,154
Santiago,SA11_02_137,1646,CTS1,16,12.1,8,10,6.8,5.3,427.5,154
Santiago,SA11_02_137,1646,CTS1,16,12.1,8,10,6.8,5.3,427.5,154
Santiago,SA11_02_137,1646,CTS1,16,12.1,8,10,6.8,5.3,427.5,154
Santiago,SA11_02_135,1659,CTS1,17,13.100000000000001,12,7,8.9,4.2,421,98
Santiago,SA11_02_135,1659,CTS1,17,13.100000000000001,12,7,8.9,4.2,421,98
Santiago,SA11_02_135,1659,CTS1,17,13.100000000000001,12,7,8.9,4.2,421,98
Santiago,SA11_02_135,1659,CTS1,17,13.100000000000001,12,7,8.9,4.2,421,98
Santiago,SA11_02_135,1659,CTS1,17,13.100000000000001,12,7,8.9,4.2,421,98
Santiago,SA11_02_135,1659,CTS1,17,13.100000000000001,12,7,8.9,4.2,421,98
Santiago,SA11_02_135,1659,CTS1,17,13.100000000000001,12,7,8.9,4.2,421,98
Santiago,SA11_02_135,1659,CTS1,17,13.100000000000001,12,7,8.9,4.2,421,98
Santiago,SA11_02_133,1671,CTS1,20,14.600000000000001,13,9,10.8,3.8,400.5,140
Santiago,SA11_02_133,1671,CTS1,20,14.600000000000001,13,9,10.8,3.8,400.5,140
Santiago,SA11_02_133,1671,CTS1,20,14.600000000000001,13,9,10.8,3.8,400.5,140
Santiago,SA11_02_133,1671,CTS1,20,14.600000000000001,13,9,10.8,3.8,400.5,140
Santiago,SA11_02_133,1671,CTS1,20,14.600000000000001,13,9,10.8,3.8,400.5,140
Santiago,SA11_02_133,1671,CTS1,20,14.600000000000001,13,9,10.8,3.8,400.5,140
Santiago,SA11_02_133,1671,CTS1,20,14.600000000000001,13,9,10.8,3.8,400.5,140
Santiago,SA11_02_133,1671,CTS1,20,14.600000000000001,13,9,10.8,3.8,400.5,140
Santiago,SA11_02_131,1684,CTS1,16,14.899999999999999,12,6,10.2,4.7,418.5,66
Santiago,SA11_02_131,1684,CTS1,16,14.899999999999999,12,6,10.2,4.7,418.5,66
Santiago,SA11_02_131,1684,CTS1,16,14.899999999999999,12,6,10.2,4.7,418.5,66
Santiago,SA11_02_131,1684,CTS1,16,14.899999999999999,12,6,10.2,4.7,418.5,66
Santiago,SA11_02_131,1684,CTS1,16,14.899999999999999,12,6,10.2,4.7,418.5,66
Santiago,SA11_02_131,1684,CTS1,16,14.899999999999999,12,6,10.2,4.7,418.5,66
Santiago,SA11_02_131,1684,CTS1,16,14.899999999999999,12,6,10.2,4.7,418.5,66
Santiago,SA11_02_131,1684,CTS1,16,14.899999999999999,12,6,10.2,4.7,418.5,66
Santiago,SA11_02_129,1696,CTS1,14,12.899999999999999,11,5,9.1,3.8,407,62
Santiago,SA11_02_129,1696,CTS1,14,12.899999999999999,11,5,9.1,3.8,407,62
Santiago,SA11_02_129,1696,CTS1,14,12.899999999999999,11,5,9.1,3.8,407,62
Santiago,SA11_02_129,1696,CTS1,14,12.899999999999999,11,5,9.1,3.8,407,62
Santiago,SA11_02_129,1696,CTS1,14,12.899999999999999,11,5,9.1,3.8,407,62
Santiago,SA11_02_129,1696,CTS1,14,12.899999999999999,11,5,9.1,3.8,407,62
Santiago,SA11_02_129,1696,CTS1,14,12.899999999999999,11,5,9.1,3.8,407,62
Santiago,SA11_02_129,1696,CTS1,14,12.899999999999999,11,5,9.1,3.8,407,62
Santiago,SA11_02_127,1708,CTS1,24,20.7,19,7,15.7,5,430,168
Santiago,SA11_02_127,1708,CTS1,24,20.7,19,7,15.7,5,430,168
Santiago,SA11_02_127,1708,CTS1,24,20.7,19,7,15.7,5,430,168
Santiago,SA11_02_127,1708,CTS1,24,20.7,19,7,15.7,5,430,168
Santiago,SA11_02_127,1708,CTS1,24,20.7,19,7,15.7,5,430,168
Santiago,SA11_02_127,1708,CTS1,24,20.7,19,7,15.7,5,430,168
Santiago,SA11_02_127,1708,CTS1,24,20.7,19,7,15.7,5,430,168
Santiago,SA11_02_127,1708,CTS1,24,20.7,19,7,15.7,5,430,168
Santiago,SA11_02_125,1721,CTS1,23,17,17,8,12.2,4.8,415.5,66
Santiago,SA11_02_125,1721,CTS1,23,17,17,8,12.2,4.8,415.5,66
Santiago,SA11_02_125,1721,CTS1,23,17,17,8,12.2,4.8,415.5,66
Santiago,SA11_02_125,1721,CTS1,23,17,17,8,12.2,4.8,415.5,66
Santiago,SA11_02_125,1721,CTS1,23,17,17,8,12.2,4.8,415.5,66
Santiago,SA11_02_125,1721,CTS1,23,17,17,8,12.2,4.8,415.5,66
Santiago,SA11_02_125,1721,CTS1,23,17,17,8,12.2,4.8,415.5,66
Santiago,SA11_02_125,1721,CTS1,23,17,17,8,12.2,4.8,415.5,66
Santiago,SA11_02_123,1733,CTS1,22,16.2,15,9,11.9,4.3,445,106
Santiago,SA11_02_123,1733,CTS1,22,16.2,15,9,11.9,4.3,445,106
Santiago,SA11_02_123,1733,CTS1,22,16.2,15,9,11.9,4.3,445,106
Santiago,SA11_02_123,1733,CTS1,22,16.2,15,9,11.9,4.3,445,106
Santiago,SA11_02_123,1733,CTS1,22,16.2,15,9,11.9,4.3,445,106
Santiago,SA11_02_123,1733,CTS1,22,16.2,15,9,11.9,4.3,445,106
Santiago,SA11_02_123,1733,CTS1,22,16.2,15,9,11.9,4.3,445,106
Santiago,SA11_02_123,1733,CTS1,22,16.2,15,9,11.9,4.3,445,106
Santiago,SA11_02_121,1746,CTS1,16,13.4,10,8,7.9,5.5,404,106
Santiago,SA11_02_121,1746,CTS1,16,13.4,10,8,7.9,5.5,404,106
Santiago,SA11_02_121,1746,CTS1,16,13.4,10,8,7.9,5.5,404,106
Santiago,SA11_02_121,1746,CTS1,16,13.4,10,8,7.9,5.5,404,106
Santiago,SA11_02_121,1746,CTS1,16,13.4,10,8,7.9,5.5,404,106
Santiago,SA11_02_121,1746,CTS1,16,13.4,10,8,7.9,5.5,404,106
Santiago,SA11_02_121,1746,CTS1,16,13.4,10,8,7.9,5.5,404,106
Santiago,SA11_02_121,1746,CTS1,16,13.4,10,8,7.9,5.5,404,106
Santiago,SA11_02_119,1758,CTS4,22,16.8,15,9,12.1,4.7,412,106
Santiago,SA11_02_119,1758,CTS4,22,16.8,15,9,12.1,4.7,412,106
Santiago,SA11_02_119,1758,CTS4,22,16.8,15,9,12.1,4.7,412,106
Santiago,SA11_02_119,1758,CTS4,22,16.8,15,9,12.1,4.7,412,106
Santiago,SA11_02_119,1758,CTS4,22,16.8,15,9,12.1,4.7,412,106
Santiago,SA11_02_119,1758,CTS4,22,16.8,15,9,12.1,4.7,412,106
Santiago,SA11_02_119,1758,CTS4,22,16.8,15,9,12.1,4.7,412,106
Santiago,SA11_02_119,1758,CTS4,22,16.8,15,9,12.1,4.7,412,106
Santiago,SA11_02_117,1771,CTS1,15,14.600000000000001,12,5,10.3,4.3,403,36
Santiago,SA11_02_117,1771,CTS1,15,14.600000000000001,12,5,10.3,4.3,403,36
Santiago,SA11_02_117,1771,CTS1,15,14.600000000000001,12,5,10.3,4.3,403,36
Santiago,SA11_02_117,1771,CTS1,15,14.600000000000001,12,5,10.3,4.3,403,36
Santiago,SA11_02_117,1771,CTS1,15,14.600000000000001,12,5,10.3,4.3,403,36
Santiago,SA11_02_117,1771,CTS1,15,14.600000000000001,12,5,10.3,4.3,403,36
Santiago,SA11_02_117,1771,CTS1,15,14.600000000000001,12,5,10.3,4.3,403,36
Santiago,SA11_02_117,1771,CTS1,15,14.600000000000001,12,5,10.3,4.3,403,36
Santiago,SA11_02_115,1783,CTS1,21,17.4,14,9,11.7,5.7,409.5,140
Santiago,SA11_02_115,1783,CTS1,21,17.4,14,9,11.7,5.7,409.5,140
Santiago,SA11_02_115,1783,CTS1,21,17.4,14,9,11.7,5.7,409.5,140
Santiago,SA11_02_115,1783,CTS1,21,17.4,14,9,11.7,5.7,409.5,140
Santiago,SA11_02_115,1783,CTS1,21,17.4,14,9,11.7,5.7,409.5,140
Santiago,SA11_02_115,1783,CTS1,21,17.4,14,9,11.7,5.7,409.5,140
Santiago,SA11_02_115,1783,CTS1,21,17.4,14,9,11.7,5.7,409.5,140
Santiago,SA11_02_115,1783,CTS1,21,17.4,14,9,11.7,5.7,409.5,140
Santiago,SA11_02_113,1795,CTS1,21,15.2,13,10,10.6,4.6,407.5,138
Santiago,SA11_02_113,1795,CTS1,21,15.2,13,10,10.6,4.6,407.5,138
Santiago,SA11_02_113,1795,CTS1,21,15.2,13,10,10.6,4.6,407.5,138
Santiago,SA11_02_113,1795,CTS1,21,15.2,13,10,10.6,4.6,407.5,138
Santiago,SA11_02_113,1795,CTS1,21,15.2,13,10,10.6,4.6,407.5,138
Santiago,SA11_02_113,1795,CTS1,21,15.2,13,10,10.6,4.6,407.5,138
Santiago,SA11_02_113,1795,CTS1,21,15.2,13,10,10.6,4.6,407.5,138
Santiago,SA11_02_113,1795,CTS1,21,15.2,13,10,10.6,4.6,407.5,138
Santiago,SA11_02_111,1808,CTS1,21,17.8,15,8,12.4,5.4,414,96
Santiago,SA11_02_111,1808,CTS1,21,17.8,15,8,12.4,5.4,414,96
Santiago,SA11_02_111,1808,CTS1,21,17.8,15,8,12.4,5.4,414,96
Santiago,SA11_02_111,1808,CTS1,21,17.8,15,8,12.4,5.4,414,96
Santiago,SA11_02_111,1808,CTS1,21,17.8,15,8,12.4,5.4,414,96
Santiago,SA11_02_111,1808,CTS1,21,17.8,15,8,12.4,5.4,414,96
Santiago,SA11_02_111,1808,CTS1,21,17.8,15,8,12.4,5.4,414,96
Santiago,SA11_02_111,1808,CTS1,21,17.8,15,8,12.4,5.4,414,96
Santiago,SA11_02_109,1820,CTS1,21,19,17,6,15.1,3.9,403,98
Santiago,SA11_02_109,1820,CTS1,21,19,17,6,15.1,3.9,403,98
Santiago,SA11_02_109,1820,CTS1,21,19,17,6,15.1,3.9,403,98
Santiago,SA11_02_109,1820,CTS1,21,19,17,6,15.1,3.9,403,98
Santiago,SA11_02_109,1820,CTS1,21,19,17,6,15.1,3.9,403,98
Santiago,SA11_02_109,1820,CTS1,21,19,17,6,15.1,3.9,403,98
Santiago,SA11_02_109,1820,CTS1,21,19,17,6,15.1,3.9,403,98
Santiago,SA11_02_109,1820,CTS1,21,19,17,6,15.1,3.9,403,98
Santiago,SA11_02_106,1839,CTS1,30,24.8,23,8,19.6,5.2,410,276
Santiago,SA11_02_106,1839,CTS1,30,24.8,23,8,19.6,5.2,410,276
Santiago,SA11_02_106,1839,CTS1,30,24.8,23,8,19.6,5.2,410,276
Santiago,SA11_02_106,1839,CTS1,30,24.8,23,8,19.6,5.2,410,276
Santiago,SA11_02_106,1839,CTS1,30,24.8,23,8,19.6,5.2,410,276
Santiago,SA11_02_106,1839,CTS1,30,24.8,23,8,19.6,5.2,410,276
Santiago,SA11_02_106,1839,CTS1,30,24.8,23,8,19.6,5.2,410,276
Santiago,SA11_02_106,1839,CTS1,30,24.8,23,8,19.6,5.2,410,276
Santiago,SA11_02_104,1851,CTS1,28,20.7,22,7,16.8,3.9,411,122
Santiago,SA11_02_104,1851,CTS1,28,20.7,22,7,16.8,3.9,411,122
Santiago,SA11_02_104,1851,CTS1,28,20.7,22,7,16.8,3.9,411,122
Santiago,SA11_02_104,1851,CTS1,28,20.7,22,7,16.8,3.9,411,122
Santiago,SA11_02_104,1851,CTS1,28,20.7,22,7,16.8,3.9,411,122
Santiago,SA11_02_104,1851,CTS1,28,20.7,22,7,16.8,3.9,411,122
Santiago,SA11_02_104,1851,CTS1,28,20.7,22,7,16.8,3.9,411,122
Santiago,SA11_02_104,1851,CTS1,28,20.7,22,7,16.8,3.9,411,122
Santiago,SA11_02_102,1864,CTS1,28,22.8,22,8,18.6,4.2,402,134
Santiago,SA11_02_102,1864,CTS1,28,22.8,22,8,18.6,4.2,402,134
Santiago,SA11_02_102,1864,CTS1,28,22.8,22,8,18.6,4.2,402,134
Santiago,SA11_02_102,1864,CTS1,28,22.8,22,8,18.6,4.2,402,134
Santiago,SA11_02_102,1864,CTS1,28,22.8,22,8,18.6,4.2,402,134
Santiago,SA11_02_102,1864,CTS1,28,22.8,22,8,18.6,4.2,402,134
Santiago,SA11_02_102,1864,CTS1,28,22.8,22,8,18.6,4.2,402,134
Santiago,SA11_02_102,1864,CTS1,28,22.8,22,8,18.6,4.2,402,134
Santiago,SA11_02_100,1869.5,CTS1,35,26.1,28,8,21.6,4.5,408,102
Santiago,SA11_02_100,1869.5,CTS1,35,26.1,28,8,21.6,4.5,408,102
Santiago,SA11_02_100,1869.5,CTS1,35,26.1,28,8,21.6,4.5,408,102
Santiago,SA11_02_100,1869.5,CTS1,35,26.1,28,8,21.6,4.5,408,102
Santiago,SA11_02_100,1869.5,CTS1,35,26.1,28,8,21.6,4.5,408,102
Santiago,SA11_02_100,1869.5,CTS1,35,26.1,28,8,21.6,4.5,408,102
Santiago,SA11_02_100,1869.5,CTS1,35,26.1,28,8,21.6,4.5,408,102
Santiago,SA11_02_100,1869.5,CTS1,35,26.1,28,8,21.6,4.5,408,102
Santiago,SA11_02_98,1869.6,CTS1,24,20,20,6,15.7,4.3,403,52
Santiago,SA11_02_98,1869.6,CTS1,24,20,20,6,15.7,4.3,403,52
Santiago,SA11_02_98,1869.6,CTS1,24,20,20,6,15.7,4.3,403,52
Santiago,SA11_02_98,1869.6,CTS1,24,20,20,6,15.7,4.3,403,52
Santiago,SA11_02_98,1869.6,CTS1,24,20,20,6,15.7,4.3,403,52
Santiago,SA11_02_98,1869.6,CTS1,24,20,20,6,15.7,4.3,403,52
Santiago,SA11_02_98,1869.6,CTS1,24,20,20,6,15.7,4.3,403,52
Santiago,SA11_02_98,1869.6,CTS1,24,20,20,6,15.7,4.3,403,52
Santiago,SA11_02_96,1869.7,CTS1,31,NA,30,2,23.2,NA,411,6
Santiago,SA11_02_96,1869.7,CTS1,31,NA,30,2,23.2,NA,411,6
Santiago,SA11_02_96,1869.7,CTS1,31,NA,30,2,23.2,NA,411,6
Santiago,SA11_02_96,1869.7,CTS1,31,NA,30,2,23.2,NA,411,6
Santiago,SA11_02_96,1869.7,CTS1,31,NA,30,2,23.2,NA,411,6
Santiago,SA11_02_96,1869.7,CTS1,31,NA,30,2,23.2,NA,411,6
Santiago,SA11_02_96,1869.7,CTS1,31,NA,30,2,23.2,NA,411,6
Santiago,SA11_02_96,1869.7,CTS1,31,NA,30,2,23.2,NA,411,6
Santiago,SA11_02_94,1869.8,CTS1,32,NA,32,2,23.5,NA,402,2
Santiago,SA11_02_94,1869.8,CTS1,32,NA,32,2,23.5,NA,402,2
Santiago,SA11_02_94,1869.8,CTS1,32,NA,32,2,23.5,NA,402,2
Santiago,SA11_02_94,1869.8,CTS1,32,NA,32,2,23.5,NA,402,2
Santiago,SA11_02_94,1869.8,CTS1,32,NA,32,2,23.5,NA,402,2
Santiago,SA11_02_94,1869.8,CTS1,32,NA,32,2,23.5,NA,402,2
Santiago,SA11_02_94,1869.8,CTS1,32,NA,32,2,23.5,NA,402,2
Santiago,SA11_02_94,1869.8,CTS1,32,NA,32,2,23.5,NA,402,2
Santiago,SA11_02_92,1869.9,CTS1,28,21.700000000000003,23,6,17.1,4.6,408,28
Santiago,SA11_02_92,1869.9,CTS1,28,21.700000000000003,23,6,17.1,4.6,408,28
Santiago,SA11_02_92,1869.9,CTS1,28,21.700000000000003,23,6,17.1,4.6,408,28
Santiago,SA11_02_92,1869.9,CTS1,28,21.700000000000003,23,6,17.1,4.6,408,28
Santiago,SA11_02_92,1869.9,CTS1,28,21.700000000000003,23,6,17.1,4.6,408,28
Santiago,SA11_02_92,1869.9,CTS1,28,21.700000000000003,23,6,17.1,4.6,408,28
Santiago,SA11_02_92,1869.9,CTS1,28,21.700000000000003,23,6,17.1,4.6,408,28
Santiago,SA11_02_92,1869.9,CTS1,28,21.700000000000003,23,6,17.1,4.6,408,28
Santiago,SA11_02_90,1871,CTS1,29,25.3,25,5,20.3,5,408,10
Santiago,SA11_02_90,1871,CTS1,29,25.3,25,5,20.3,5,408,10
Santiago,SA11_02_90,1871,CTS1,29,25.3,25,5,20.3,5,408,10
Santiago,SA11_02_90,1871,CTS1,29,25.3,25,5,20.3,5,408,10
Santiago,SA11_02_90,1871,CTS1,29,25.3,25,5,20.3,5,408,10
Santiago,SA11_02_90,1871,CTS1,29,25.3,25,5,20.3,5,408,10
Santiago,SA11_02_90,1871,CTS1,29,25.3,25,5,20.3,5,408,10
Santiago,SA11_02_90,1871,CTS1,29,25.3,25,5,20.3,5,408,10
Santiago,SA11_02_88,1874,CTS1,25,NA,23,4,18,NA,403,8
Santiago,SA11_02_88,1874,CTS1,25,NA,23,4,18,NA,403,8
Santiago,SA11_02_88,1874,CTS1,25,NA,23,4,18,NA,403,8
Santiago,SA11_02_88,1874,CTS1,25,NA,23,4,18,NA,403,8
Santiago,SA11_02_88,1874,CTS1,25,NA,23,4,18,NA,403,8
Santiago,SA11_02_88,1874,CTS1,25,NA,23,4,18,NA,403,8
Santiago,SA11_02_88,1874,CTS1,25,NA,23,4,18,NA,403,8
Santiago,SA11_02_88,1874,CTS1,25,NA,23,4,18,NA,403,8
Santiago,SA11_02_86,1876,CTS1,26,21.8,22,6,16.5,5.3,412.5,42
Santiago,SA11_02_86,1876,CTS1,26,21.8,22,6,16.5,5.3,412.5,42
Santiago,SA11_02_86,1876,CTS1,26,21.8,22,6,16.5,5.3,412.5,42
Santiago,SA11_02_86,1876,CTS1,26,21.8,22,6,16.5,5.3,412.5,42
Santiago,SA11_02_86,1876,CTS1,26,21.8,22,6,16.5,5.3,412.5,42
Santiago,SA11_02_86,1876,CTS1,26,21.8,22,6,16.5,5.3,412.5,42
Santiago,SA11_02_86,1876,CTS1,26,21.8,22,6,16.5,5.3,412.5,42
Santiago,SA11_02_86,1876,CTS1,26,21.8,22,6,16.5,5.3,412.5,42
Santiago,SA11_02_84,1879,CTS1,25,22.8,24,3,19.8,3,407.5,18
Santiago,SA11_02_84,1879,CTS1,25,22.8,24,3,19.8,3,407.5,18
Santiago,SA11_02_84,1879,CTS1,25,22.8,24,3,19.8,3,407.5,18
Santiago,SA11_02_84,1879,CTS1,25,22.8,24,3,19.8,3,407.5,18
Santiago,SA11_02_84,1879,CTS1,25,22.8,24,3,19.8,3,407.5,18
Santiago,SA11_02_84,1879,CTS1,25,22.8,24,3,19.8,3,407.5,18
Santiago,SA11_02_84,1879,CTS1,25,22.8,24,3,19.8,3,407.5,18
Santiago,SA11_02_84,1879,CTS1,25,22.8,24,3,19.8,3,407.5,18
Santiago,SA11_02_82,1881,CTS1,27,24.3,21,7,18,6.3,454.5,18
Santiago,SA11_02_82,1881,CTS1,27,24.3,21,7,18,6.3,454.5,18
Santiago,SA11_02_82,1881,CTS1,27,24.3,21,7,18,6.3,454.5,18
Santiago,SA11_02_82,1881,CTS1,27,24.3,21,7,18,6.3,454.5,18
Santiago,SA11_02_82,1881,CTS1,27,24.3,21,7,18,6.3,454.5,18
Santiago,SA11_02_82,1881,CTS1,27,24.3,21,7,18,6.3,454.5,18
Santiago,SA11_02_82,1881,CTS1,27,24.3,21,7,18,6.3,454.5,18
Santiago,SA11_02_82,1881,CTS1,27,24.3,21,7,18,6.3,454.5,18
Santiago,SA11_02_80,1884,CTS1,34,27.5,28,6,22.9,4.6,404.5,26
Santiago,SA11_02_80,1884,CTS1,34,27.5,28,6,22.9,4.6,404.5,26
Santiago,SA11_02_80,1884,CTS1,34,27.5,28,6,22.9,4.6,404.5,26
Santiago,SA11_02_80,1884,CTS1,34,27.5,28,6,22.9,4.6,404.5,26
Santiago,SA11_02_80,1884,CTS1,34,27.5,28,6,22.9,4.6,404.5,26
Santiago,SA11_02_80,1884,CTS1,34,27.5,28,6,22.9,4.6,404.5,26
Santiago,SA11_02_80,1884,CTS1,34,27.5,28,6,22.9,4.6,404.5,26
Santiago,SA11_02_80,1884,CTS1,34,27.5,28,6,22.9,4.6,404.5,26
Santiago,SA11_02_78,1886,CTS1,18,16.2,15,5,12.3,3.9,425.5,24
Santiago,SA11_02_78,1886,CTS1,18,16.2,15,5,12.3,3.9,425.5,24
Santiago,SA11_02_78,1886,CTS1,18,16.2,15,5,12.3,3.9,425.5,24
Santiago,SA11_02_78,1886,CTS1,18,16.2,15,5,12.3,3.9,425.5,24
Santiago,SA11_02_78,1886,CTS1,18,16.2,15,5,12.3,3.9,425.5,24
Santiago,SA11_02_78,1886,CTS1,18,16.2,15,5,12.3,3.9,425.5,24
Santiago,SA11_02_78,1886,CTS1,18,16.2,15,5,12.3,3.9,425.5,24
Santiago,SA11_02_78,1886,CTS1,18,16.2,15,5,12.3,3.9,425.5,24
Santiago,SA11_02_76,1889,CTS1,20,17.6,13,9,10.5,7.1,404,32
Santiago,SA11_02_76,1889,CTS1,20,17.6,13,9,10.5,7.1,404,32
Santiago,SA11_02_76,1889,CTS1,20,17.6,13,9,10.5,7.1,404,32
Santiago,SA11_02_76,1889,CTS1,20,17.6,13,9,10.5,7.1,404,32
Santiago,SA11_02_76,1889,CTS1,20,17.6,13,9,10.5,7.1,404,32
Santiago,SA11_02_76,1889,CTS1,20,17.6,13,9,10.5,7.1,404,32
Santiago,SA11_02_76,1889,CTS1,20,17.6,13,9,10.5,7.1,404,32
Santiago,SA11_02_76,1889,CTS1,20,17.6,13,9,10.5,7.1,404,32
Santiago,SA11_02_74,1891,CTS1,20,18.1,15,7,12.3,5.8,449,30
Santiago,SA11_02_74,1891,CTS1,20,18.1,15,7,12.3,5.8,449,30
Santiago,SA11_02_74,1891,CTS1,20,18.1,15,7,12.3,5.8,449,30
Santiago,SA11_02_74,1891,CTS1,20,18.1,15,7,12.3,5.8,449,30
Santiago,SA11_02_74,1891,CTS1,20,18.1,15,7,12.3,5.8,449,30
Santiago,SA11_02_74,1891,CTS1,20,18.1,15,7,12.3,5.8,449,30
Santiago,SA11_02_74,1891,CTS1,20,18.1,15,7,12.3,5.8,449,30
Santiago,SA11_02_74,1891,CTS1,20,18.1,15,7,12.3,5.8,449,30
Santiago,SA11_02_72,1893,CTS1,23,19.799999999999997,19,5,15.7,4.1,420.5,26
Santiago,SA11_02_72,1893,CTS1,23,19.799999999999997,19,5,15.7,4.1,420.5,26
Santiago,SA11_02_72,1893,CTS1,23,19.799999999999997,19,5,15.7,4.1,420.5,26
Santiago,SA11_02_72,1893,CTS1,23,19.799999999999997,19,5,15.7,4.1,420.5,26
Santiago,SA11_02_72,1893,CTS1,23,19.799999999999997,19,5,15.7,4.1,420.5,26
Santiago,SA11_02_72,1893,CTS1,23,19.799999999999997,19,5,15.7,4.1,420.5,26
Santiago,SA11_02_72,1893,CTS1,23,19.799999999999997,19,5,15.7,4.1,420.5,26
Santiago,SA11_02_72,1893,CTS1,23,19.799999999999997,19,5,15.7,4.1,420.5,26
Santiago,SA11_02_70,1896,CTS1,24,21.7,19,7,16.4,5.3,424,34
Santiago,SA11_02_70,1896,CTS1,24,21.7,19,7,16.4,5.3,424,34
Santiago,SA11_02_70,1896,CTS1,24,21.7,19,7,16.4,5.3,424,34
Santiago,SA11_02_70,1896,CTS1,24,21.7,19,7,16.4,5.3,424,34
Santiago,SA11_02_70,1896,CTS1,24,21.7,19,7,16.4,5.3,424,34
Santiago,SA11_02_70,1896,CTS1,24,21.7,19,7,16.4,5.3,424,34
Santiago,SA11_02_70,1896,CTS1,24,21.7,19,7,16.4,5.3,424,34
Santiago,SA11_02_70,1896,CTS1,24,21.7,19,7,16.4,5.3,424,34
Santiago,SA11_02_68,1898,CTS1,23,19.2,17,8,13.4,5.8,416,34
Santiago,SA11_02_68,1898,CTS1,23,19.2,17,8,13.4,5.8,416,34
Santiago,SA11_02_68,1898,CTS1,23,19.2,17,8,13.4,5.8,416,34
Santiago,SA11_02_68,1898,CTS1,23,19.2,17,8,13.4,5.8,416,34
Santiago,SA11_02_68,1898,CTS1,23,19.2,17,8,13.4,5.8,416,34
Santiago,SA11_02_68,1898,CTS1,23,19.2,17,8,13.4,5.8,416,34
Santiago,SA11_02_68,1898,CTS1,23,19.2,17,8,13.4,5.8,416,34
Santiago,SA11_02_68,1898,CTS1,23,19.2,17,8,13.4,5.8,416,34
Santiago,SA11_02_66,1901,CTS1,26,22,19,9,16.3,5.7,401.5,44
Santiago,SA11_02_66,1901,CTS1,26,22,19,9,16.3,5.7,401.5,44
Santiago,SA11_02_66,1901,CTS1,26,22,19,9,16.3,5.7,401.5,44
Santiago,SA11_02_66,1901,CTS1,26,22,19,9,16.3,5.7,401.5,44
Santiago,SA11_02_66,1901,CTS1,26,22,19,9,16.3,5.7,401.5,44
Santiago,SA11_02_66,1901,CTS1,26,22,19,9,16.3,5.7,401.5,44
Santiago,SA11_02_66,1901,CTS1,26,22,19,9,16.3,5.7,401.5,44
Santiago,SA11_02_66,1901,CTS1,26,22,19,9,16.3,5.7,401.5,44
Santiago,SA11_02_64,1903,CTS1,20,18.1,14,8,11.4,6.7,422,24
Santiago,SA11_02_64,1903,CTS1,20,18.1,14,8,11.4,6.7,422,24
Santiago,SA11_02_64,1903,CTS1,20,18.1,14,8,11.4,6.7,422,24
Santiago,SA11_02_64,1903,CTS1,20,18.1,14,8,11.4,6.7,422,24
Santiago,SA11_02_64,1903,CTS1,20,18.1,14,8,11.4,6.7,422,24
Santiago,SA11_02_64,1903,CTS1,20,18.1,14,8,11.4,6.7,422,24
Santiago,SA11_02_64,1903,CTS1,20,18.1,14,8,11.4,6.7,422,24
Santiago,SA11_02_64,1903,CTS1,20,18.1,14,8,11.4,6.7,422,24
Santiago,SA11_02_62,1906,CTS1,21,18.7,16,7,13.2,5.5,404.5,26
Santiago,SA11_02_62,1906,CTS1,21,18.7,16,7,13.2,5.5,404.5,26
Santiago,SA11_02_62,1906,CTS1,21,18.7,16,7,13.2,5.5,404.5,26
Santiago,SA11_02_62,1906,CTS1,21,18.7,16,7,13.2,5.5,404.5,26
Santiago,SA11_02_62,1906,CTS1,21,18.7,16,7,13.2,5.5,404.5,26
Santiago,SA11_02_62,1906,CTS1,21,18.7,16,7,13.2,5.5,404.5,26
Santiago,SA11_02_62,1906,CTS1,21,18.7,16,7,13.2,5.5,404.5,26
Santiago,SA11_02_62,1906,CTS1,21,18.7,16,7,13.2,5.5,404.5,26
Santiago,SA11_02_60,1908,CTS1,23,18.7,15,10,12.4,6.3,408.5,40
Santiago,SA11_02_60,1908,CTS1,23,18.7,15,10,12.4,6.3,408.5,40
Santiago,SA11_02_60,1908,CTS1,23,18.7,15,10,12.4,6.3,408.5,40
Santiago,SA11_02_60,1908,CTS1,23,18.7,15,10,12.4,6.3,408.5,40
Santiago,SA11_02_60,1908,CTS1,23,18.7,15,10,12.4,6.3,408.5,40
Santiago,SA11_02_60,1908,CTS1,23,18.7,15,10,12.4,6.3,408.5,40
Santiago,SA11_02_60,1908,CTS1,23,18.7,15,10,12.4,6.3,408.5,40
Santiago,SA11_02_60,1908,CTS1,23,18.7,15,10,12.4,6.3,408.5,40
Santiago,SA11_02_58,1911,CTS1,25,20.7,21,6,15.1,5.6,407.5,16
Santiago,SA11_02_58,1911,CTS1,25,20.7,21,6,15.1,5.6,407.5,16
Santiago,SA11_02_58,1911,CTS1,25,20.7,21,6,15.1,5.6,407.5,16
Santiago,SA11_02_58,1911,CTS1,25,20.7,21,6,15.1,5.6,407.5,16
Santiago,SA11_02_58,1911,CTS1,25,20.7,21,6,15.1,5.6,407.5,16
Santiago,SA11_02_58,1911,CTS1,25,20.7,21,6,15.1,5.6,407.5,16
Santiago,SA11_02_58,1911,CTS1,25,20.7,21,6,15.1,5.6,407.5,16
Santiago,SA11_02_58,1911,CTS1,25,20.7,21,6,15.1,5.6,407.5,16
Santiago,SA11_02_56,1913,CTS1,31,23.299999999999997,19,13,16.2,7.1,409,64
Santiago,SA11_02_56,1913,CTS1,31,23.299999999999997,19,13,16.2,7.1,409,64
Santiago,SA11_02_56,1913,CTS1,31,23.299999999999997,19,13,16.2,7.1,409,64
Santiago,SA11_02_56,1913,CTS1,31,23.299999999999997,19,13,16.2,7.1,409,64
Santiago,SA11_02_56,1913,CTS1,31,23.299999999999997,19,13,16.2,7.1,409,64
Santiago,SA11_02_56,1913,CTS1,31,23.299999999999997,19,13,16.2,7.1,409,64
Santiago,SA11_02_56,1913,CTS1,31,23.299999999999997,19,13,16.2,7.1,409,64
Santiago,SA11_02_56,1913,CTS1,31,23.299999999999997,19,13,16.2,7.1,409,64
Santiago,SA11_02_54,1916,CTS1,28,18.799999999999997,16,14,11.7,7.1,422.5,50
Santiago,SA11_02_54,1916,CTS1,28,18.799999999999997,16,14,11.7,7.1,422.5,50
Santiago,SA11_02_54,1916,CTS1,28,18.799999999999997,16,14,11.7,7.1,422.5,50
Santiago,SA11_02_54,1916,CTS1,28,18.799999999999997,16,14,11.7,7.1,422.5,50
Santiago,SA11_02_54,1916,CTS1,28,18.799999999999997,16,14,11.7,7.1,422.5,50
Santiago,SA11_02_54,1916,CTS1,28,18.799999999999997,16,14,11.7,7.1,422.5,50
Santiago,SA11_02_54,1916,CTS1,28,18.799999999999997,16,14,11.7,7.1,422.5,50
Santiago,SA11_02_54,1916,CTS1,28,18.799999999999997,16,14,11.7,7.1,422.5,50
Santiago,SA11_02_53,1917,CTS1,30,19.7,16,15,13,6.7,411.5,88
Santiago,SA11_02_53,1917,CTS1,30,19.7,16,15,13,6.7,411.5,88
Santiago,SA11_02_53,1917,CTS1,30,19.7,16,15,13,6.7,411.5,88
Santiago,SA11_02_53,1917,CTS1,30,19.7,16,15,13,6.7,411.5,88
Santiago,SA11_02_53,1917,CTS1,30,19.7,16,15,13,6.7,411.5,88
Santiago,SA11_02_53,1917,CTS1,30,19.7,16,15,13,6.7,411.5,88
Santiago,SA11_02_53,1917,CTS1,30,19.7,16,15,13,6.7,411.5,88
Santiago,SA11_02_53,1917,CTS1,30,19.7,16,15,13,6.7,411.5,88
Santiago,SA11_02_52,1918,CTS1,32,18.5,17,17,12.1,6.4,428,134
Santiago,SA11_02_52,1918,CTS1,32,18.5,17,17,12.1,6.4,428,134
Santiago,SA11_02_52,1918,CTS1,32,18.5,17,17,12.1,6.4,428,134
Santiago,SA11_02_52,1918,CTS1,32,18.5,17,17,12.1,6.4,428,134
Santiago,SA11_02_52,1918,CTS1,32,18.5,17,17,12.1,6.4,428,134
Santiago,SA11_02_52,1918,CTS1,32,18.5,17,17,12.1,6.4,428,134
Santiago,SA11_02_52,1918,CTS1,32,18.5,17,17,12.1,6.4,428,134
Santiago,SA11_02_52,1918,CTS1,32,18.5,17,17,12.1,6.4,428,134
Santiago,SA11_02_51,1919,CTS1,23,18.9,17,8,13.8,5.1,408,38
Santiago,SA11_02_51,1919,CTS1,23,18.9,17,8,13.8,5.1,408,38
Santiago,SA11_02_51,1919,CTS1,23,18.9,17,8,13.8,5.1,408,38
Santiago,SA11_02_51,1919,CTS1,23,18.9,17,8,13.8,5.1,408,38
Santiago,SA11_02_51,1919,CTS1,23,18.9,17,8,13.8,5.1,408,38
Santiago,SA11_02_51,1919,CTS1,23,18.9,17,8,13.8,5.1,408,38
Santiago,SA11_02_51,1919,CTS1,23,18.9,17,8,13.8,5.1,408,38
Santiago,SA11_02_51,1919,CTS1,23,18.9,17,8,13.8,5.1,408,38
Santiago,SA11_02_50,1921,CTS1,28,21.4,19,11,14.6,6.8,419,52
Santiago,SA11_02_50,1921,CTS1,28,21.4,19,11,14.6,6.8,419,52
Santiago,SA11_02_50,1921,CTS1,28,21.4,19,11,14.6,6.8,419,52
Santiago,SA11_02_50,1921,CTS1,28,21.4,19,11,14.6,6.8,419,52
Santiago,SA11_02_50,1921,CTS1,28,21.4,19,11,14.6,6.8,419,52
Santiago,SA11_02_50,1921,CTS1,28,21.4,19,11,14.6,6.8,419,52
Santiago,SA11_02_50,1921,CTS1,28,21.4,19,11,14.6,6.8,419,52
Santiago,SA11_02_50,1921,CTS1,28,21.4,19,11,14.6,6.8,419,52
Santiago,SA11_02_49,1922,CTS1,27,19.9,16,13,13.4,6.5,411.5,48
Santiago,SA11_02_49,1922,CTS1,27,19.9,16,13,13.4,6.5,411.5,48
Santiago,SA11_02_49,1922,CTS1,27,19.9,16,13,13.4,6.5,411.5,48
Santiago,SA11_02_49,1922,CTS1,27,19.9,16,13,13.4,6.5,411.5,48
Santiago,SA11_02_49,1922,CTS1,27,19.9,16,13,13.4,6.5,411.5,48
Santiago,SA11_02_49,1922,CTS1,27,19.9,16,13,13.4,6.5,411.5,48
Santiago,SA11_02_49,1922,CTS1,27,19.9,16,13,13.4,6.5,411.5,48
Santiago,SA11_02_49,1922,CTS1,27,19.9,16,13,13.4,6.5,411.5,48
Santiago,SA11_02_48,1923,CTS1,24,20.8,16,10,13.9,6.9,413,38
Santiago,SA11_02_48,1923,CTS1,24,20.8,16,10,13.9,6.9,413,38
Santiago,SA11_02_48,1923,CTS1,24,20.8,16,10,13.9,6.9,413,38
Santiago,SA11_02_48,1923,CTS1,24,20.8,16,10,13.9,6.9,413,38
Santiago,SA11_02_48,1923,CTS1,24,20.8,16,10,13.9,6.9,413,38
Santiago,SA11_02_48,1923,CTS1,24,20.8,16,10,13.9,6.9,413,38
Santiago,SA11_02_48,1923,CTS1,24,20.8,16,10,13.9,6.9,413,38
Santiago,SA11_02_48,1923,CTS1,24,20.8,16,10,13.9,6.9,413,38
Santiago,SA11_02_47,1924,CTS1,30,24,25,7,18.1,5.9,403,30
Santiago,SA11_02_47,1924,CTS1,30,24,25,7,18.1,5.9,403,30
Santiago,SA11_02_47,1924,CTS1,30,24,25,7,18.1,5.9,403,30
Santiago,SA11_02_47,1924,CTS1,30,24,25,7,18.1,5.9,403,30
Santiago,SA11_02_47,1924,CTS1,30,24,25,7,18.1,5.9,403,30
Santiago,SA11_02_47,1924,CTS1,30,24,25,7,18.1,5.9,403,30
Santiago,SA11_02_47,1924,CTS1,30,24,25,7,18.1,5.9,403,30
Santiago,SA11_02_47,1924,CTS1,30,24,25,7,18.1,5.9,403,30
Santiago,SA11_02_46,1926,CTS1,22,20.4,18,6,15,5.4,408,16
Santiago,SA11_02_46,1926,CTS1,22,20.4,18,6,15,5.4,408,16
Santiago,SA11_02_46,1926,CTS1,22,20.4,18,6,15,5.4,408,16
Santiago,SA11_02_46,1926,CTS1,22,20.4,18,6,15,5.4,408,16
Santiago,SA11_02_46,1926,CTS1,22,20.4,18,6,15,5.4,408,16
Santiago,SA11_02_46,1926,CTS1,22,20.4,18,6,15,5.4,408,16
Santiago,SA11_02_46,1926,CTS1,22,20.4,18,6,15,5.4,408,16
Santiago,SA11_02_46,1926,CTS1,22,20.4,18,6,15,5.4,408,16
Santiago,SA11_02_45,1927,CTS1,23,19.9,19,6,15.5,4.4,404.5,32
Santiago,SA11_02_45,1927,CTS1,23,19.9,19,6,15.5,4.4,404.5,32
Santiago,SA11_02_45,1927,CTS1,23,19.9,19,6,15.5,4.4,404.5,32
Santiago,SA11_02_45,1927,CTS1,23,19.9,19,6,15.5,4.4,404.5,32
Santiago,SA11_02_45,1927,CTS1,23,19.9,19,6,15.5,4.4,404.5,32
Santiago,SA11_02_45,1927,CTS1,23,19.9,19,6,15.5,4.4,404.5,32
Santiago,SA11_02_45,1927,CTS1,23,19.9,19,6,15.5,4.4,404.5,32
Santiago,SA11_02_45,1927,CTS1,23,19.9,19,6,15.5,4.4,404.5,32
Santiago,SA11_02_44,1928,CTS1,25,21.099999999999998,20,5,17.4,3.7,445.5,32
Santiago,SA11_02_44,1928,CTS1,25,21.099999999999998,20,5,17.4,3.7,445.5,32
Santiago,SA11_02_44,1928,CTS1,25,21.099999999999998,20,5,17.4,3.7,445.5,32
Santiago,SA11_02_44,1928,CTS1,25,21.099999999999998,20,5,17.4,3.7,445.5,32
Santiago,SA11_02_44,1928,CTS1,25,21.099999999999998,20,5,17.4,3.7,445.5,32
Santiago,SA11_02_44,1928,CTS1,25,21.099999999999998,20,5,17.4,3.7,445.5,32
Santiago,SA11_02_44,1928,CTS1,25,21.099999999999998,20,5,17.4,3.7,445.5,32
Santiago,SA11_02_44,1928,CTS1,25,21.099999999999998,20,5,17.4,3.7,445.5,32
Santiago,SA11_02_43,1929,CTS1,24,21,19,7,15.4,5.6,424,42
Santiago,SA11_02_43,1929,CTS1,24,21,19,7,15.4,5.6,424,42
Santiago,SA11_02_43,1929,CTS1,24,21,19,7,15.4,5.6,424,42
Santiago,SA11_02_43,1929,CTS1,24,21,19,7,15.4,5.6,424,42
Santiago,SA11_02_43,1929,CTS1,24,21,19,7,15.4,5.6,424,42
Santiago,SA11_02_43,1929,CTS1,24,21,19,7,15.4,5.6,424,42
Santiago,SA11_02_43,1929,CTS1,24,21,19,7,15.4,5.6,424,42
Santiago,SA11_02_43,1929,CTS1,24,21,19,7,15.4,5.6,424,42
Santiago,SA11_02_42,1930,CTS1,24,20.9,18,8,15.4,5.5,439.5,40
Santiago,SA11_02_42,1930,CTS1,24,20.9,18,8,15.4,5.5,439.5,40
Santiago,SA11_02_42,1930,CTS1,24,20.9,18,8,15.4,5.5,439.5,40
Santiago,SA11_02_42,1930,CTS1,24,20.9,18,8,15.4,5.5,439.5,40
Santiago,SA11_02_42,1930,CTS1,24,20.9,18,8,15.4,5.5,439.5,40
Santiago,SA11_02_42,1930,CTS1,24,20.9,18,8,15.4,5.5,439.5,40
Santiago,SA11_02_42,1930,CTS1,24,20.9,18,8,15.4,5.5,439.5,40
Santiago,SA11_02_42,1930,CTS1,24,20.9,18,8,15.4,5.5,439.5,40
Santiago,SA11_02_41,1932,CTS1,32,22.599999999999998,21,13,16.4,6.2,439,82
Santiago,SA11_02_41,1932,CTS1,32,22.599999999999998,21,13,16.4,6.2,439,82
Santiago,SA11_02_41,1932,CTS1,32,22.599999999999998,21,13,16.4,6.2,439,82
Santiago,SA11_02_41,1932,CTS1,32,22.599999999999998,21,13,16.4,6.2,439,82
Santiago,SA11_02_41,1932,CTS1,32,22.599999999999998,21,13,16.4,6.2,439,82
Santiago,SA11_02_41,1932,CTS1,32,22.599999999999998,21,13,16.4,6.2,439,82
Santiago,SA11_02_41,1932,CTS1,32,22.599999999999998,21,13,16.4,6.2,439,82
Santiago,SA11_02_41,1932,CTS1,32,22.599999999999998,21,13,16.4,6.2,439,82
Santiago,SA11_02_40,1933,CTS1,31,24.9,26,6,20.7,4.2,426.5,34
Santiago,SA11_02_40,1933,CTS1,31,24.9,26,6,20.7,4.2,426.5,34
Santiago,SA11_02_40,1933,CTS1,31,24.9,26,6,20.7,4.2,426.5,34
Santiago,SA11_02_40,1933,CTS1,31,24.9,26,6,20.7,4.2,426.5,34
Santiago,SA11_02_40,1933,CTS1,31,24.9,26,6,20.7,4.2,426.5,34
Santiago,SA11_02_40,1933,CTS1,31,24.9,26,6,20.7,4.2,426.5,34
Santiago,SA11_02_40,1933,CTS1,31,24.9,26,6,20.7,4.2,426.5,34
Santiago,SA11_02_40,1933,CTS1,31,24.9,26,6,20.7,4.2,426.5,34
Santiago,SA11_02_39,1934,CTS1,21,19.8,17,6,13.8,6,405,12
Santiago,SA11_02_39,1934,CTS1,21,19.8,17,6,13.8,6,405,12
Santiago,SA11_02_39,1934,CTS1,21,19.8,17,6,13.8,6,405,12
Santiago,SA11_02_39,1934,CTS1,21,19.8,17,6,13.8,6,405,12
Santiago,SA11_02_39,1934,CTS1,21,19.8,17,6,13.8,6,405,12
Santiago,SA11_02_39,1934,CTS1,21,19.8,17,6,13.8,6,405,12
Santiago,SA11_02_39,1934,CTS1,21,19.8,17,6,13.8,6,405,12
Santiago,SA11_02_39,1934,CTS1,21,19.8,17,6,13.8,6,405,12
Santiago,SA11_02_37,1937,CTS1,27,22.3,21,7,16.1,6.2,402,20
Santiago,SA11_02_37,1937,CTS1,27,22.3,21,7,16.1,6.2,402,20
Santiago,SA11_02_37,1937,CTS1,27,22.3,21,7,16.1,6.2,402,20
Santiago,SA11_02_37,1937,CTS1,27,22.3,21,7,16.1,6.2,402,20
Santiago,SA11_02_37,1937,CTS1,27,22.3,21,7,16.1,6.2,402,20
Santiago,SA11_02_37,1937,CTS1,27,22.3,21,7,16.1,6.2,402,20
Santiago,SA11_02_37,1937,CTS1,27,22.3,21,7,16.1,6.2,402,20
Santiago,SA11_02_37,1937,CTS1,27,22.3,21,7,16.1,6.2,402,20
Santiago,SA11_02_36,1938,CTS1,24,19.200000000000003,16,10,13.8,5.4,405.5,34
Santiago,SA11_02_36,1938,CTS1,24,19.200000000000003,16,10,13.8,5.4,405.5,34
Santiago,SA11_02_36,1938,CTS1,24,19.200000000000003,16,10,13.8,5.4,405.5,34
Santiago,SA11_02_36,1938,CTS1,24,19.200000000000003,16,10,13.8,5.4,405.5,34
Santiago,SA11_02_36,1938,CTS1,24,19.200000000000003,16,10,13.8,5.4,405.5,34
Santiago,SA11_02_36,1938,CTS1,24,19.200000000000003,16,10,13.8,5.4,405.5,34
Santiago,SA11_02_36,1938,CTS1,24,19.200000000000003,16,10,13.8,5.4,405.5,34
Santiago,SA11_02_36,1938,CTS1,24,19.200000000000003,16,10,13.8,5.4,405.5,34
Santiago,SA11_02_35,1939,CTS1,19,18.2,17,4,14.2,4,434,10
Santiago,SA11_02_35,1939,CTS1,19,18.2,17,4,14.2,4,434,10
Santiago,SA11_02_35,1939,CTS1,19,18.2,17,4,14.2,4,434,10
Santiago,SA11_02_35,1939,CTS1,19,18.2,17,4,14.2,4,434,10
Santiago,SA11_02_35,1939,CTS1,19,18.2,17,4,14.2,4,434,10
Santiago,SA11_02_35,1939,CTS1,19,18.2,17,4,14.2,4,434,10
Santiago,SA11_02_35,1939,CTS1,19,18.2,17,4,14.2,4,434,10
Santiago,SA11_02_35,1939,CTS1,19,18.2,17,4,14.2,4,434,10
Santiago,SA11_02_34,1940,CTS1,19,17.299999999999997,16,5,12.7,4.6,403.5,20
Santiago,SA11_02_34,1940,CTS1,19,17.299999999999997,16,5,12.7,4.6,403.5,20
Santiago,SA11_02_34,1940,CTS1,19,17.299999999999997,16,5,12.7,4.6,403.5,20
Santiago,SA11_02_34,1940,CTS1,19,17.299999999999997,16,5,12.7,4.6,403.5,20
Santiago,SA11_02_34,1940,CTS1,19,17.299999999999997,16,5,12.7,4.6,403.5,20
Santiago,SA11_02_34,1940,CTS1,19,17.299999999999997,16,5,12.7,4.6,403.5,20
Santiago,SA11_02_34,1940,CTS1,19,17.299999999999997,16,5,12.7,4.6,403.5,20
Santiago,SA11_02_34,1940,CTS1,19,17.299999999999997,16,5,12.7,4.6,403.5,20
Santiago,SA11_02_33,1942,CTS1,24,21.200000000000003,19,7,16.8,4.4,461.5,42
Santiago,SA11_02_33,1942,CTS1,24,21.200000000000003,19,7,16.8,4.4,461.5,42
Santiago,SA11_02_33,1942,CTS1,24,21.200000000000003,19,7,16.8,4.4,461.5,42
Santiago,SA11_02_33,1942,CTS1,24,21.200000000000003,19,7,16.8,4.4,461.5,42
Santiago,SA11_02_33,1942,CTS1,24,21.200000000000003,19,7,16.8,4.4,461.5,42
Santiago,SA11_02_33,1942,CTS1,24,21.200000000000003,19,7,16.8,4.4,461.5,42
Santiago,SA11_02_33,1942,CTS1,24,21.200000000000003,19,7,16.8,4.4,461.5,42
Santiago,SA11_02_33,1942,CTS1,24,21.200000000000003,19,7,16.8,4.4,461.5,42
Santiago,SA11_02_32,1943,CTS1,25,21.1,19,8,15.9,5.2,409.5,42
Santiago,SA11_02_32,1943,CTS1,25,21.1,19,8,15.9,5.2,409.5,42
Santiago,SA11_02_32,1943,CTS1,25,21.1,19,8,15.9,5.2,409.5,42
Santiago,SA11_02_32,1943,CTS1,25,21.1,19,8,15.9,5.2,409.5,42
Santiago,SA11_02_32,1943,CTS1,25,21.1,19,8,15.9,5.2,409.5,42
Santiago,SA11_02_32,1943,CTS1,25,21.1,19,8,15.9,5.2,409.5,42
Santiago,SA11_02_32,1943,CTS1,25,21.1,19,8,15.9,5.2,409.5,42
Santiago,SA11_02_32,1943,CTS1,25,21.1,19,8,15.9,5.2,409.5,42
Santiago,SA11_02_31,1944,CTS1,18,NA,17,3,13.5,NA,458,4
Santiago,SA11_02_31,1944,CTS1,18,NA,17,3,13.5,NA,458,4
Santiago,SA11_02_31,1944,CTS1,18,NA,17,3,13.5,NA,458,4
Santiago,SA11_02_31,1944,CTS1,18,NA,17,3,13.5,NA,458,4
Santiago,SA11_02_31,1944,CTS1,18,NA,17,3,13.5,NA,458,4
Santiago,SA11_02_31,1944,CTS1,18,NA,17,3,13.5,NA,458,4
Santiago,SA11_02_31,1944,CTS1,18,NA,17,3,13.5,NA,458,4
Santiago,SA11_02_31,1944,CTS1,18,NA,17,3,13.5,NA,458,4
Santiago,SA11_02_30,1945,CTS1,26,21.5,20,8,16.2,5.3,462,42
Santiago,SA11_02_30,1945,CTS1,26,21.5,20,8,16.2,5.3,462,42
Santiago,SA11_02_30,1945,CTS1,26,21.5,20,8,16.2,5.3,462,42
Santiago,SA11_02_30,1945,CTS1,26,21.5,20,8,16.2,5.3,462,42
Santiago,SA11_02_30,1945,CTS1,26,21.5,20,8,16.2,5.3,462,42
Santiago,SA11_02_30,1945,CTS1,26,21.5,20,8,16.2,5.3,462,42
Santiago,SA11_02_30,1945,CTS1,26,21.5,20,8,16.2,5.3,462,42
Santiago,SA11_02_30,1945,CTS1,26,21.5,20,8,16.2,5.3,462,42
Santiago,SA11_02_29,1947,CTS1,20,19.1,16,6,14.1,5,409,28
Santiago,SA11_02_29,1947,CTS1,20,19.1,16,6,14.1,5,409,28
Santiago,SA11_02_29,1947,CTS1,20,19.1,16,6,14.1,5,409,28
Santiago,SA11_02_29,1947,CTS1,20,19.1,16,6,14.1,5,409,28
Santiago,SA11_02_29,1947,CTS1,20,19.1,16,6,14.1,5,409,28
Santiago,SA11_02_29,1947,CTS1,20,19.1,16,6,14.1,5,409,28
Santiago,SA11_02_29,1947,CTS1,20,19.1,16,6,14.1,5,409,28
Santiago,SA11_02_29,1947,CTS1,20,19.1,16,6,14.1,5,409,28
Santiago,SA11_02_28,1948,CTS1,28,23.6,24,5,18.6,5,517.5,12
Santiago,SA11_02_28,1948,CTS1,28,23.6,24,5,18.6,5,517.5,12
Santiago,SA11_02_28,1948,CTS1,28,23.6,24,5,18.6,5,517.5,12
Santiago,SA11_02_28,1948,CTS1,28,23.6,24,5,18.6,5,517.5,12
Santiago,SA11_02_28,1948,CTS1,28,23.6,24,5,18.6,5,517.5,12
Santiago,SA11_02_28,1948,CTS1,28,23.6,24,5,18.6,5,517.5,12
Santiago,SA11_02_28,1948,CTS1,28,23.6,24,5,18.6,5,517.5,12
Santiago,SA11_02_28,1948,CTS1,28,23.6,24,5,18.6,5,517.5,12
Santiago,SA11_02_27,1949,CTS1,23,19.5,18,6,14.5,5,405,34
Santiago,SA11_02_27,1949,CTS1,23,19.5,18,6,14.5,5,405,34
Santiago,SA11_02_27,1949,CTS1,23,19.5,18,6,14.5,5,405,34
Santiago,SA11_02_27,1949,CTS1,23,19.5,18,6,14.5,5,405,34
Santiago,SA11_02_27,1949,CTS1,23,19.5,18,6,14.5,5,405,34
Santiago,SA11_02_27,1949,CTS1,23,19.5,18,6,14.5,5,405,34
Santiago,SA11_02_27,1949,CTS1,23,19.5,18,6,14.5,5,405,34
Santiago,SA11_02_27,1949,CTS1,23,19.5,18,6,14.5,5,405,34
Santiago,SA11_02_26,1950,CTS1,28,24.1,24,6,18.6,5.5,445.5,16
Santiago,SA11_02_26,1950,CTS1,28,24.1,24,6,18.6,5.5,445.5,16
Santiago,SA11_02_26,1950,CTS1,28,24.1,24,6,18.6,5.5,445.5,16
Santiago,SA11_02_26,1950,CTS1,28,24.1,24,6,18.6,5.5,445.5,16
Santiago,SA11_02_26,1950,CTS1,28,24.1,24,6,18.6,5.5,445.5,16
Santiago,SA11_02_26,1950,CTS1,28,24.1,24,6,18.6,5.5,445.5,16
Santiago,SA11_02_26,1950,CTS1,28,24.1,24,6,18.6,5.5,445.5,16
Santiago,SA11_02_26,1950,CTS1,28,24.1,24,6,18.6,5.5,445.5,16
Santiago,SA11_02_25,1951,CTS1,25,22.2,21,6,17.2,5,415,22
Santiago,SA11_02_25,1951,CTS1,25,22.2,21,6,17.2,5,415,22
Santiago,SA11_02_25,1951,CTS1,25,22.2,21,6,17.2,5,415,22
Santiago,SA11_02_25,1951,CTS1,25,22.2,21,6,17.2,5,415,22
Santiago,SA11_02_25,1951,CTS1,25,22.2,21,6,17.2,5,415,22
Santiago,SA11_02_25,1951,CTS1,25,22.2,21,6,17.2,5,415,22
Santiago,SA11_02_25,1951,CTS1,25,22.2,21,6,17.2,5,415,22
Santiago,SA11_02_25,1951,CTS1,25,22.2,21,6,17.2,5,415,22
Santiago,SA11_02_24,1954,CTS1,21,20.3,17,6,15.4,4.9,408.5,36
Santiago,SA11_02_24,1954,CTS1,21,20.3,17,6,15.4,4.9,408.5,36
Santiago,SA11_02_24,1954,CTS1,21,20.3,17,6,15.4,4.9,408.5,36
Santiago,SA11_02_24,1954,CTS1,21,20.3,17,6,15.4,4.9,408.5,36
Santiago,SA11_02_24,1954,CTS1,21,20.3,17,6,15.4,4.9,408.5,36
Santiago,SA11_02_24,1954,CTS1,21,20.3,17,6,15.4,4.9,408.5,36
Santiago,SA11_02_24,1954,CTS1,21,20.3,17,6,15.4,4.9,408.5,36
Santiago,SA11_02_24,1954,CTS1,21,20.3,17,6,15.4,4.9,408.5,36
Santiago,SA11_02_22,1959,CTS1,25,22.900000000000002,21,6,17.1,5.8,441,16
Santiago,SA11_02_22,1959,CTS1,25,22.900000000000002,21,6,17.1,5.8,441,16
Santiago,SA11_02_22,1959,CTS1,25,22.900000000000002,21,6,17.1,5.8,441,16
Santiago,SA11_02_22,1959,CTS1,25,22.900000000000002,21,6,17.1,5.8,441,16
Santiago,SA11_02_22,1959,CTS1,25,22.900000000000002,21,6,17.1,5.8,441,16
Santiago,SA11_02_22,1959,CTS1,25,22.900000000000002,21,6,17.1,5.8,441,16
Santiago,SA11_02_22,1959,CTS1,25,22.900000000000002,21,6,17.1,5.8,441,16
Santiago,SA11_02_22,1959,CTS1,25,22.900000000000002,21,6,17.1,5.8,441,16
Santiago,SA11_02_21,1961,CTS1,23,20.799999999999997,17,8,14.7,6.1,411,26
Santiago,SA11_02_21,1961,CTS1,23,20.799999999999997,17,8,14.7,6.1,411,26
Santiago,SA11_02_21,1961,CTS1,23,20.799999999999997,17,8,14.7,6.1,411,26
Santiago,SA11_02_21,1961,CTS1,23,20.799999999999997,17,8,14.7,6.1,411,26
Santiago,SA11_02_21,1961,CTS1,23,20.799999999999997,17,8,14.7,6.1,411,26
Santiago,SA11_02_21,1961,CTS1,23,20.799999999999997,17,8,14.7,6.1,411,26
Santiago,SA11_02_21,1961,CTS1,23,20.799999999999997,17,8,14.7,6.1,411,26
Santiago,SA11_02_21,1961,CTS1,23,20.799999999999997,17,8,14.7,6.1,411,26
Santiago,SA11_02_20,1963,CTS1,25,21.2,21,6,16.5,4.7,406,24
Santiago,SA11_02_20,1963,CTS1,25,21.2,21,6,16.5,4.7,406,24
Santiago,SA11_02_20,1963,CTS1,25,21.2,21,6,16.5,4.7,406,24
Santiago,SA11_02_20,1963,CTS1,25,21.2,21,6,16.5,4.7,406,24
Santiago,SA11_02_20,1963,CTS1,25,21.2,21,6,16.5,4.7,406,24
Santiago,SA11_02_20,1963,CTS1,25,21.2,21,6,16.5,4.7,406,24
Santiago,SA11_02_20,1963,CTS1,25,21.2,21,6,16.5,4.7,406,24
Santiago,SA11_02_20,1963,CTS1,25,21.2,21,6,16.5,4.7,406,24
Santiago,SA11_02_19,1966,CTS1,25,21.7,23,4,17.7,4,454.5,16
Santiago,SA11_02_19,1966,CTS1,25,21.7,23,4,17.7,4,454.5,16
Santiago,SA11_02_19,1966,CTS1,25,21.7,23,4,17.7,4,454.5,16
Santiago,SA11_02_19,1966,CTS1,25,21.7,23,4,17.7,4,454.5,16
Santiago,SA11_02_19,1966,CTS1,25,21.7,23,4,17.7,4,454.5,16
Santiago,SA11_02_19,1966,CTS1,25,21.7,23,4,17.7,4,454.5,16
Santiago,SA11_02_19,1966,CTS1,25,21.7,23,4,17.7,4,454.5,16
Santiago,SA11_02_19,1966,CTS1,25,21.7,23,4,17.7,4,454.5,16
Santiago,SA11_02_18,1968,CTS1,21,19.2,16,7,13,6.2,418.5,18
Santiago,SA11_02_18,1968,CTS1,21,19.2,16,7,13,6.2,418.5,18
Santiago,SA11_02_18,1968,CTS1,21,19.2,16,7,13,6.2,418.5,18
Santiago,SA11_02_18,1968,CTS1,21,19.2,16,7,13,6.2,418.5,18
Santiago,SA11_02_18,1968,CTS1,21,19.2,16,7,13,6.2,418.5,18
Santiago,SA11_02_18,1968,CTS1,21,19.2,16,7,13,6.2,418.5,18
Santiago,SA11_02_18,1968,CTS1,21,19.2,16,7,13,6.2,418.5,18
Santiago,SA11_02_18,1968,CTS1,21,19.2,16,7,13,6.2,418.5,18
Santiago,SA11_02_17,1971,CTS1,20,18.8,18,4,15.2,3.6,436,16
Santiago,SA11_02_17,1971,CTS1,20,18.8,18,4,15.2,3.6,436,16
Santiago,SA11_02_17,1971,CTS1,20,18.8,18,4,15.2,3.6,436,16
Santiago,SA11_02_17,1971,CTS1,20,18.8,18,4,15.2,3.6,436,16
Santiago,SA11_02_17,1971,CTS1,20,18.8,18,4,15.2,3.6,436,16
Santiago,SA11_02_17,1971,CTS1,20,18.8,18,4,15.2,3.6,436,16
Santiago,SA11_02_17,1971,CTS1,20,18.8,18,4,15.2,3.6,436,16
Santiago,SA11_02_17,1971,CTS1,20,18.8,18,4,15.2,3.6,436,16
Santiago,SA11_02_16,1973,CTS1,27,24.299999999999997,23,6,19.4,4.9,411.5,22
Santiago,SA11_02_16,1973,CTS1,27,24.299999999999997,23,6,19.4,4.9,411.5,22
Santiago,SA11_02_16,1973,CTS1,27,24.299999999999997,23,6,19.4,4.9,411.5,22
Santiago,SA11_02_16,1973,CTS1,27,24.299999999999997,23,6,19.4,4.9,411.5,22
Santiago,SA11_02_16,1973,CTS1,27,24.299999999999997,23,6,19.4,4.9,411.5,22
Santiago,SA11_02_16,1973,CTS1,27,24.299999999999997,23,6,19.4,4.9,411.5,22
Santiago,SA11_02_16,1973,CTS1,27,24.299999999999997,23,6,19.4,4.9,411.5,22
Santiago,SA11_02_16,1973,CTS1,27,24.299999999999997,23,6,19.4,4.9,411.5,22
Santiago,SA11_02_15,1975,CTS1,32,22.400000000000002,22,11,16.6,5.8,484.5,60
Santiago,SA11_02_15,1975,CTS1,32,22.400000000000002,22,11,16.6,5.8,484.5,60
Santiago,SA11_02_15,1975,CTS1,32,22.400000000000002,22,11,16.6,5.8,484.5,60
Santiago,SA11_02_15,1975,CTS1,32,22.400000000000002,22,11,16.6,5.8,484.5,60
Santiago,SA11_02_15,1975,CTS1,32,22.400000000000002,22,11,16.6,5.8,484.5,60
Santiago,SA11_02_15,1975,CTS1,32,22.400000000000002,22,11,16.6,5.8,484.5,60
Santiago,SA11_02_15,1975,CTS1,32,22.400000000000002,22,11,16.6,5.8,484.5,60
Santiago,SA11_02_15,1975,CTS1,32,22.400000000000002,22,11,16.6,5.8,484.5,60
Santiago,SA11_02_14,1978,CTS1,20,15.799999999999999,15,7,11.2,4.6,417,36
Santiago,SA11_02_14,1978,CTS1,20,15.799999999999999,15,7,11.2,4.6,417,36
Santiago,SA11_02_14,1978,CTS1,20,15.799999999999999,15,7,11.2,4.6,417,36
Santiago,SA11_02_14,1978,CTS1,20,15.799999999999999,15,7,11.2,4.6,417,36
Santiago,SA11_02_14,1978,CTS1,20,15.799999999999999,15,7,11.2,4.6,417,36
Santiago,SA11_02_14,1978,CTS1,20,15.799999999999999,15,7,11.2,4.6,417,36
Santiago,SA11_02_14,1978,CTS1,20,15.799999999999999,15,7,11.2,4.6,417,36
Santiago,SA11_02_14,1978,CTS1,20,15.799999999999999,15,7,11.2,4.6,417,36
Santiago,SA11_02_13,1980,CTS1,31,21,22,10,14.5,6.5,862.5,34
Santiago,SA11_02_13,1980,CTS1,31,21,22,10,14.5,6.5,862.5,34
Santiago,SA11_02_13,1980,CTS1,31,21,22,10,14.5,6.5,862.5,34
Santiago,SA11_02_13,1980,CTS1,31,21,22,10,14.5,6.5,862.5,34
Santiago,SA11_02_13,1980,CTS1,31,21,22,10,14.5,6.5,862.5,34
Santiago,SA11_02_13,1980,CTS1,31,21,22,10,14.5,6.5,862.5,34
Santiago,SA11_02_13,1980,CTS1,31,21,22,10,14.5,6.5,862.5,34
Santiago,SA11_02_13,1980,CTS1,31,21,22,10,14.5,6.5,862.5,34
Santiago,SA11_02_12,1982,CTS1,16,15.1,13,5,10.1,5,415.5,10
Santiago,SA11_02_12,1982,CTS1,16,15.1,13,5,10.1,5,415.5,10
Santiago,SA11_02_12,1982,CTS1,16,15.1,13,5,10.1,5,415.5,10
Santiago,SA11_02_12,1982,CTS1,16,15.1,13,5,10.1,5,415.5,10
Santiago,SA11_02_12,1982,CTS1,16,15.1,13,5,10.1,5,415.5,10
Santiago,SA11_02_12,1982,CTS1,16,15.1,13,5,10.1,5,415.5,10
Santiago,SA11_02_12,1982,CTS1,16,15.1,13,5,10.1,5,415.5,10
Santiago,SA11_02_12,1982,CTS1,16,15.1,13,5,10.1,5,415.5,10
Santiago,SA11_02_11,1985,CTS1,24,19.4,21,4,15.4,4,428,12
Santiago,SA11_02_11,1985,CTS1,24,19.4,21,4,15.4,4,428,12
Santiago,SA11_02_11,1985,CTS1,24,19.4,21,4,15.4,4,428,12
Santiago,SA11_02_11,1985,CTS1,24,19.4,21,4,15.4,4,428,12
Santiago,SA11_02_11,1985,CTS1,24,19.4,21,4,15.4,4,428,12
Santiago,SA11_02_11,1985,CTS1,24,19.4,21,4,15.4,4,428,12
Santiago,SA11_02_11,1985,CTS1,24,19.4,21,4,15.4,4,428,12
Santiago,SA11_02_11,1985,CTS1,24,19.4,21,4,15.4,4,428,12
Santiago,SA11_02_10,1987,CTS1,15,NA,13,4,11.2,NA,448,8
Santiago,SA11_02_10,1987,CTS1,15,NA,13,4,11.2,NA,448,8
Santiago,SA11_02_10,1987,CTS1,15,NA,13,4,11.2,NA,448,8
Santiago,SA11_02_10,1987,CTS1,15,NA,13,4,11.2,NA,448,8
Santiago,SA11_02_10,1987,CTS1,15,NA,13,4,11.2,NA,448,8
Santiago,SA11_02_10,1987,CTS1,15,NA,13,4,11.2,NA,448,8
Santiago,SA11_02_10,1987,CTS1,15,NA,13,4,11.2,NA,448,8
Santiago,SA11_02_10,1987,CTS1,15,NA,13,4,11.2,NA,448,8
Santiago,SA11_02_9,1990,CTS1,16,NA,14,3,11.8,NA,409,8
Santiago,SA11_02_9,1990,CTS1,16,NA,14,3,11.8,NA,409,8
Santiago,SA11_02_9,1990,CTS1,16,NA,14,3,11.8,NA,409,8
Santiago,SA11_02_9,1990,CTS1,16,NA,14,3,11.8,NA,409,8
Santiago,SA11_02_9,1990,CTS1,16,NA,14,3,11.8,NA,409,8
Santiago,SA11_02_9,1990,CTS1,16,NA,14,3,11.8,NA,409,8
Santiago,SA11_02_9,1990,CTS1,16,NA,14,3,11.8,NA,409,8
Santiago,SA11_02_9,1990,CTS1,16,NA,14,3,11.8,NA,409,8
Santiago,SA11_02_8,1992,CTS1,22,NA,20,4,14.2,NA,497.5,8
Santiago,SA11_02_8,1992,CTS1,22,NA,20,4,14.2,NA,497.5,8
Santiago,SA11_02_8,1992,CTS1,22,NA,20,4,14.2,NA,497.5,8
Santiago,SA11_02_8,1992,CTS1,22,NA,20,4,14.2,NA,497.5,8
Santiago,SA11_02_8,1992,CTS1,22,NA,20,4,14.2,NA,497.5,8
Santiago,SA11_02_8,1992,CTS1,22,NA,20,4,14.2,NA,497.5,8
Santiago,SA11_02_8,1992,CTS1,22,NA,20,4,14.2,NA,497.5,8
Santiago,SA11_02_8,1992,CTS1,22,NA,20,4,14.2,NA,497.5,8
Santiago,SA11_02_7,1994,CTS1,27,21.8,23,5,17.5,4.3,458.5,26
Santiago,SA11_02_7,1994,CTS1,27,21.8,23,5,17.5,4.3,458.5,26
Santiago,SA11_02_7,1994,CTS1,27,21.8,23,5,17.5,4.3,458.5,26
Santiago,SA11_02_7,1994,CTS1,27,21.8,23,5,17.5,4.3,458.5,26
Santiago,SA11_02_7,1994,CTS1,27,21.8,23,5,17.5,4.3,458.5,26
Santiago,SA11_02_7,1994,CTS1,27,21.8,23,5,17.5,4.3,458.5,26
Santiago,SA11_02_7,1994,CTS1,27,21.8,23,5,17.5,4.3,458.5,26
Santiago,SA11_02_7,1994,CTS1,27,21.8,23,5,17.5,4.3,458.5,26
Santiago,SA11_02_6,1997,CTS1,22,18.6,20,4,15.1,3.5,430.5,28
Santiago,SA11_02_6,1997,CTS1,22,18.6,20,4,15.1,3.5,430.5,28
Santiago,SA11_02_6,1997,CTS1,22,18.6,20,4,15.1,3.5,430.5,28
Santiago,SA11_02_6,1997,CTS1,22,18.6,20,4,15.1,3.5,430.5,28
Santiago,SA11_02_6,1997,CTS1,22,18.6,20,4,15.1,3.5,430.5,28
Santiago,SA11_02_6,1997,CTS1,22,18.6,20,4,15.1,3.5,430.5,28
Santiago,SA11_02_6,1997,CTS1,22,18.6,20,4,15.1,3.5,430.5,28
Santiago,SA11_02_6,1997,CTS1,22,18.6,20,4,15.1,3.5,430.5,28
Santiago,SA11_02_5,1999,CTS1,23,20.1,18,7,14.6,5.5,410.5,42
Santiago,SA11_02_5,1999,CTS1,23,20.1,18,7,14.6,5.5,410.5,42
Santiago,SA11_02_5,1999,CTS1,23,20.1,18,7,14.6,5.5,410.5,42
Santiago,SA11_02_5,1999,CTS1,23,20.1,18,7,14.6,5.5,410.5,42
Santiago,SA11_02_5,1999,CTS1,23,20.1,18,7,14.6,5.5,410.5,42
Santiago,SA11_02_5,1999,CTS1,23,20.1,18,7,14.6,5.5,410.5,42
Santiago,SA11_02_5,1999,CTS1,23,20.1,18,7,14.6,5.5,410.5,42
Santiago,SA11_02_5,1999,CTS1,23,20.1,18,7,14.6,5.5,410.5,42
Santiago,SA11_02_4,2001,CTS1,27,21.200000000000003,20,8,15.3,5.9,407.5,46
Santiago,SA11_02_4,2001,CTS1,27,21.200000000000003,20,8,15.3,5.9,407.5,46
Santiago,SA11_02_4,2001,CTS1,27,21.200000000000003,20,8,15.3,5.9,407.5,46
Santiago,SA11_02_4,2001,CTS1,27,21.200000000000003,20,8,15.3,5.9,407.5,46
Santiago,SA11_02_4,2001,CTS1,27,21.200000000000003,20,8,15.3,5.9,407.5,46
Santiago,SA11_02_4,2001,CTS1,27,21.200000000000003,20,8,15.3,5.9,407.5,46
Santiago,SA11_02_4,2001,CTS1,27,21.200000000000003,20,8,15.3,5.9,407.5,46
Santiago,SA11_02_4,2001,CTS1,27,21.200000000000003,20,8,15.3,5.9,407.5,46
Santiago,SA11_02_3,2004,CTS1,27,23.1,21,7,18,5.1,409.5,32
Santiago,SA11_02_3,2004,CTS1,27,23.1,21,7,18,5.1,409.5,32
Santiago,SA11_02_3,2004,CTS1,27,23.1,21,7,18,5.1,409.5,32
Santiago,SA11_02_3,2004,CTS1,27,23.1,21,7,18,5.1,409.5,32
Santiago,SA11_02_3,2004,CTS1,27,23.1,21,7,18,5.1,409.5,32
Santiago,SA11_02_3,2004,CTS1,27,23.1,21,7,18,5.1,409.5,32
Santiago,SA11_02_3,2004,CTS1,27,23.1,21,7,18,5.1,409.5,32
Santiago,SA11_02_3,2004,CTS1,27,23.1,21,7,18,5.1,409.5,32
Santiago,SA11_02_2,2006,CTS1,30,24.2,24,8,18,6.2,409.5,26
Santiago,SA11_02_2,2006,CTS1,30,24.2,24,8,18,6.2,409.5,26
Santiago,SA11_02_2,2006,CTS1,30,24.2,24,8,18,6.2,409.5,26
Santiago,SA11_02_2,2006,CTS1,30,24.2,24,8,18,6.2,409.5,26
Santiago,SA11_02_2,2006,CTS1,30,24.2,24,8,18,6.2,409.5,26
Santiago,SA11_02_2,2006,CTS1,30,24.2,24,8,18,6.2,409.5,26
Santiago,SA11_02_2,2006,CTS1,30,24.2,24,8,18,6.2,409.5,26
Santiago,SA11_02_2,2006,CTS1,30,24.2,24,8,18,6.2,409.5,26
Santiago,SA11_02_1,2009,CTS1,33,25.7,23,11,18.9,6.8,415,38
Santiago,SA11_02_1,2009,CTS1,33,25.7,23,11,18.9,6.8,415,38
Santiago,SA11_02_1,2009,CTS1,33,25.7,23,11,18.9,6.8,415,38
Santiago,SA11_02_1,2009,CTS1,33,25.7,23,11,18.9,6.8,415,38
Santiago,SA11_02_1,2009,CTS1,33,25.7,23,11,18.9,6.8,415,38
Santiago,SA11_02_1,2009,CTS1,33,25.7,23,11,18.9,6.8,415,38
Santiago,SA11_02_1,2009,CTS1,33,25.7,23,11,18.9,6.8,415,38
Santiago,SA11_02_1,2009,CTS1,33,25.7,23,11,18.9,6.8,415,38
Santiago,SA11_02_0,2011,CTS1,25,21.3,20,7,15.5,5.8,451,24
Santiago,SA11_02_0,2011,CTS1,25,21.3,20,7,15.5,5.8,451,24
Santiago,SA11_02_0,2011,CTS1,25,21.3,20,7,15.5,5.8,451,24
Santiago,SA11_02_0,2011,CTS1,25,21.3,20,7,15.5,5.8,451,24
Santiago,SA11_02_0,2011,CTS1,25,21.3,20,7,15.5,5.8,451,24
Santiago,SA11_02_0,2011,CTS1,25,21.3,20,7,15.5,5.8,451,24
Santiago,SA11_02_0,2011,CTS1,25,21.3,20,7,15.5,5.8,451,24
Santiago,SA11_02_0,2011,CTS1,25,21.3,20,7,15.5,5.8,451,24
