age_ce,estimate,lower_ci,upper_ci
0,-0.5483871515500405,-1.0275962139708554,-0.06917808912922557
1,-0.5478277204186868,-1.025274379702838,-0.07038106113453557
2,-0.5472682892872114,-1.0229541890793579,-0.07158238949506496
3,-0.5467088581557448,-1.020635660420111,-0.07278205589137865
4,-0.5461494270243265,-1.018318812300525,-0.073980041748128
5,-0.5455899958928985,-1.0160036635554452,-0.07517632823035175
6,-0.5450305647614515,-1.0136902332837248,-0.07637089623917837
7,-0.544471133630051,-1.0113785408524643,-0.07756372640763765
8,-0.5439117024985781,-1.0090686059010168,-0.07875479909613947
9,-0.5433522713671736,-1.0067604483459442,-0.07994409438840289
10,-0.5427928402356991,-1.0044540883849211,-0.08113159208647691
11,-0.5422334091042689,-1.0021495465018162,-0.08231727170672148
12,-0.5416739779728341,-0.9998468434708836,-0.0835011124747847
13,-0.541114546841395,-0.9975460003618392,-0.08468309332095092
14,-0.5405551157099329,-0.9952470385444248,-0.08586319287544103
15,-0.5399956845785451,-0.9929499796935644,-0.0870413894635258
16,-0.5394362534471039,-0.9906548457938783,-0.08821766110032947
17,-0.538876822315606,-0.9883616591452073,-0.08939198548600452
18,-0.5383173911842388,-0.9860704423677293,-0.09056434000074837
19,-0.5377579600527965,-0.9837812184066033,-0.09173470169898973
20,-0.5371985289213419,-0.9814940105380774,-0.09290304730460647
21,-0.5366390977899097,-0.9792088423744192,-0.09406935320540016
22,-0.5360796666584738,-0.9769257378695195,-0.09523359544742815
23,-0.5355202355270214,-0.9746447213245051,-0.09639574972953774
24,-0.5349608043956258,-0.9723658173934608,-0.09755579139779069
25,-0.5344013732641754,-0.9700890510890365,-0.09871369543931419
26,-0.533841942132758,-0.967814447788672,-0.0998694364768441
27,-0.5332825110013099,-0.9655420332401787,-0.10102298876244098
28,-0.5327230798698931,-0.9632718335681743,-0.10217432617161198
29,-0.5321636487383772,-0.9610038752798941,-0.1033234221968603
30,-0.5316042176069786,-0.9587381852719967,-0.10447024994196058
31,-0.5310447864756043,-0.9564747908363664,-0.10561478211484215
32,-0.530485355344089,-0.954213719666781,-0.10675699102139702
33,-0.529925924212686,-0.9519549998660768,-0.10789684855929532
34,-0.5293664930812114,-0.9496986599518611,-0.10903432621056175
35,-0.52880706194984,-0.9474447288642672,-0.11016939503541268
36,-0.5282476308183257,-0.945193235972015,-0.11130202566463637
37,-0.5276881996869425,-0.9429442110805029,-0.11243218829338208
38,-0.5271287685555124,-0.9406976844377701,-0.11355985267325469
39,-0.5265693374241088,-0.9384536867427697,-0.11468498810544797
40,-0.5260099062926726,-0.9362122491520455,-0.11580756343329984
41,-0.5254504751611759,-0.9339734032876509,-0.11692754703470098
42,-0.5248910440297265,-0.9317371812448061,-0.11804490681464691
43,-0.524331612898321,-0.9295036155992664,-0.11915961019737548
44,-0.5237721817669062,-0.9272727394153173,-0.12027162411849518
45,-0.523212750635429,-0.9250445862539554,-0.12138091501690274
46,-0.5226533195040027,-0.9228191901808516,-0.12248744882715396
47,-0.5220938883725126,-0.9205965857744773,-0.12359119097054777
48,-0.5215344572411446,-0.9183768081347701,-0.12469210634751898
49,-0.5209750261097206,-0.9161598928910679,-0.12579015932837323
50,-0.5204155949782677,-0.9139458762111599,-0.1268853137453756
51,-0.519856163846828,-0.9117347948099714,-0.12797753288368452
52,-0.5192967327153829,-0.9095266859582405,-0.12906677947252532
53,-0.5187373015839114,-0.9073215874915526,-0.1301530156762702
54,-0.5181778704525363,-0.9051195378196581,-0.13123620308541445
55,-0.5176184393210821,-0.9029205759351868,-0.1323163027069773
56,-0.5170590081896697,-0.9007247414236945,-0.13339327495564474
57,-0.5164995770582341,-0.898532074472622,-0.1344670796438463
58,-0.5159401459267834,-0.8963426158811487,-0.13553767597241811
59,-0.5153807147953268,-0.8941564070700233,-0.13660502252063023
60,-0.5148212836638612,-0.8919734900911995,-0.13766907723652277
61,-0.5142618525324797,-0.8897939076381731,-0.13872979742678632
62,-0.5137024214010212,-0.8876177030556593,-0.13978713974638307
63,-0.5131429902695469,-0.885444920350344,-0.14084106018874987
64,-0.5125835591381693,-0.8832756042011487,-0.1418915140751899
65,-0.5120241280067157,-0.881109799969344,-0.14293845604408745
66,-0.5114646968752223,-0.8789475537097733,-0.14398184004067133
67,-0.5109052657438137,-0.8767889121814985,-0.14502161930612895
68,-0.51034583461243,-0.8746339228583266,-0.14605774636653335
69,-0.5097864034809948,-0.8724826339400606,-0.14709017302192895
70,-0.5092269723495528,-0.8703350943637982,-0.14811885033530747
71,-0.5086675412180869,-0.8681913538148849,-0.14914372862128888
72,-0.5081081100866627,-0.8660514627385445,-0.1501647574347808
73,-0.5075486789552097,-0.8639154723511104,-0.151181885559309
74,-0.5069892478237723,-0.8617834346517637,-0.1521950609957809
75,-0.5064298166923834,-0.8596554024342292,-0.1532042309505376
76,-0.5058703856259849,-0.8575314294513686,-0.15420934180060109
77,-0.5053109612043551,-0.8554115854865579,-0.15521033692215236
78,-0.5047515619855014,-0.8532959684887448,-0.15620715548225805
79,-0.5041922078138945,-0.8511846789462971,-0.15719973668149195
80,-0.5036329185344354,-0.8490778168193425,-0.15818802024952833
81,-0.5030737139916128,-0.8469754815181476,-0.15917194646507798
82,-0.5025146140301264,-0.844877771883165,-0.16015145617708787
83,-0.501955638494655,-0.8427847861638609,-0.161126490825449
84,-0.5013968072298548,-0.8406966219976252,-0.16209699246208442
85,-0.5008381400803548,-0.8386133763887573,-0.16306290377195226
86,-0.5002796568908415,-0.8365351456872423,-0.16402416809444076
87,-0.49972137750595735,-0.8344620255672996,-0.16498072944461512
88,-0.4991633217703664,-0.8323941110060457,-0.1659325325346871
89,-0.49860550952870386,-0.8303314962618491,-0.16687952279555868
90,-0.49804796062570056,-0.8282742748529746,-0.16782164639842656
91,-0.49749069490592485,-0.8262225395354594,-0.16875885027639032
92,-0.4969337322140885,-0.8241763822818914,-0.1696910821462856
93,-0.4963770923947806,-0.8221358942592745,-0.1706182905302867
94,-0.49582079529273787,-0.8201011658074211,-0.17154042477805465
95,-0.49526486427068944,-0.8180722924066862,-0.17245743613469267
96,-0.4947093367636673,-0.8160493924628007,-0.17336928106453386
97,-0.49415425372467275,-0.8140325890265573,-0.17427591842278822
98,-0.4935996561069098,-0.8120220037305055,-0.1751773084833141
99,-0.4930455848634762,-0.810017756754569,-0.17607341297238338
100,-0.49249208094743213,-0.808019966791991,-0.17696419510287337
101,-0.491939185311952,-0.8060287510154198,-0.17784961960848417
102,-0.49138693891009716,-0.8040442250426806,-0.17872965277751374
103,-0.4908353826949481,-0.8020665029029403,-0.17960426248695582
104,-0.49028455761967293,-0.8000956970029695,-0.18047341823637642
105,-0.48973450463731333,-0.7981319180932938,-0.1813370911813329
106,-0.4891852647010037,-0.7961752752347636,-0.1821952541672438
107,-0.4886368787638402,-0.7942258757652642,-0.18304788176241626
108,-0.48808938777896893,-0.7922838252665941,-0.18389495029134373
109,-0.48754283269940363,-0.7903492275316488,-0.1847364378671585
110,-0.4869972544783992,-0.7884221845321517,-0.1855723244246466
111,-0.48645269406890346,-0.786502796386098,-0.18640259175170898
112,-0.48590919242405956,-0.7845911613264229,-0.18722722352169613
113,-0.48536679049701836,-0.7826873756695947,-0.188046205324442
114,-0.4848255292408922,-0.7807915337846754,-0.18885952469710904
115,-0.48428544960871245,-0.7789037280629822,-0.18966717115444265
116,-0.4837465925536843,-0.7770240488885343,-0.19046913621883427
117,-0.4832089990288125,-0.7751525846086176,-0.19126541344900744
118,-0.4826727099872662,-0.7732894215055691,-0.19205599846896326
119,-0.4821377663821685,-0.7714346437687519,-0.19284088899558505
120,-0.4816042091665082,-0.7695883334674414,-0.19362008486557497
121,-0.4810720792935565,-0.7677505705249688,-0.19439358806214418
122,-0.48054141771621106,-0.7659214326926244,-0.19516140273979776
123,-0.48001226538783004,-0.7641009955260052,-0.19592353524965495
124,-0.47948466326132716,-0.762289332360484,-0.19667999416217036
125,-0.4789586522898216,-0.7604865142892904,-0.19743079029035282
126,-0.478434273426538,-0.7586926101419427,-0.19817593671113337
127,-0.4779115676244569,-0.7569076864634222,-0.1989154487854916
128,-0.4773905758367594,-0.7551318074954073,-0.19964934417811153
129,-0.4768713390164937,-0.7533650351578738,-0.20037764287511356
130,-0.47635389811687995,-0.7516074290326868,-0.2011003672010731
131,-0.4758382940907828,-0.7498590463476063,-0.20181754183395945
132,-0.4753245678915479,-0.7481199419631429,-0.20252919381995294
133,-0.4748127604721954,-0.7463901683590995,-0.20323535258529124
134,-0.47430291278580167,-0.7446697756239098,-0.2039360499476936
135,-0.47379506578556035,-0.7429588114451704,-0.20463132012595026
136,-0.4732892604243882,-0.7412573211013234,-0.205321199747453
137,-0.4727855376556214,-0.7395653474561406,-0.20600572785510235
138,-0.4722839384322377,-0.7378829309534439,-0.20668494591103148
139,-0.4717845037073717,-0.7362101096149494,-0.20735889779979405
140,-0.47128727443411433,-0.7345469190392232,-0.20802762982900547
141,-0.47079229156551755,-0.7328933924026367,-0.20869119072839837
142,-0.4702995960548383,-0.7312495604628931,-0.20934963164678344
143,-0.4698092288550452,-0.7296154515632955,-0.21000300614679485
144,-0.4693212309192597,-0.7279910916405604,-0.210651370197959
145,-0.4688356432006519,-0.7263765042338819,-0.21129478216742187
146,-0.46835250665228745,-0.7247717104963014,-0.21193330280827344
147,-0.46787186222720384,-0.7231767292084699,-0.2125669952459378
148,-0.4673937508786549,-0.7215915767949713,-0.21319592496233852
149,-0.466918213559576,-0.7200162673421473,-0.2138201597770048
150,-0.4664452912232357,-0.7184508126196106,-0.21443976982686075
151,-0.4659750248226805,-0.7168952221028964,-0.21505482754246463
152,-0.4655074553109094,-0.7153495029994792,-0.21566540762233966
153,-0.4650426236411581,-0.7138136602774421,-0.21627158700487414
154,-0.4645805707665503,-0.7122876966960932,-0.21687344483700746
155,-0.46412133764003916,-0.7107716128395944,-0.21747106244048384
156,-0.46366496521485917,-0.7092654071537815,-0.2180645232759368
157,-0.4632114944440563,-0.7077690759849004,-0.2186539129032122
158,-0.46276096628074526,-0.7062826136217755,-0.21923931893971507
159,-0.4623134216780748,-0.7048060123406741,-0.2198208310154755
160,-0.46186890158911975,-0.703339262452942,-0.2203985407252975
161,-0.46142744696696114,-0.7018823523557878,-0.2209725415781345
162,-0.4609890987647392,-0.7004352685860387,-0.2215429289434398
163,-0.4605538979355181,-0.6989979958767447,-0.2221097999942915
164,-0.46012188543246013,-0.6975705172172458,-0.2226732536476744
165,-0.4596931022086336,-0.6961528139158829,-0.22323339050138427
166,-0.45926758921710636,-0.6947448656662468,-0.22379031276796588
167,-0.4588453874111077,-0.69334665061672,-0.2243441242054954
168,-0.45842653774360465,-0.6919581454425612,-0.22489493004464808
169,-0.4580110811676587,-0.6905793254222227,-0.22544283691309472
170,-0.45759905863663797,-0.6892101645167193,-0.2259879527565566
171,-0.4571905111033916,-0.6878506354514482,-0.22653038675533496
172,-0.45678547952110704,-0.6865007098028735,-0.22707024923934066
173,-0.4563840048429564,-0.6851603580877759,-0.22760765159813687
174,-0.4559861280219523,-0.6838295498558989,-0.2281427061880057
175,-0.45559189001123185,-0.6825082537866705,-0.22867552623579324
176,-0.4552013317639116,-0.6811964377890939,-0.2292062257387293
177,-0.4548144942330855,-0.6798940691052743,-0.2297349193608967
178,-0.4544314183718568,-0.6786011144177033,-0.23026172232601028
179,-0.4540521451332899,-0.6773175399600361,-0.23078675030654372
180,-0.45367671547061417,-0.6760433116320331,-0.23131011930919518
181,-0.4533051703367844,-0.6747783951174238,-0.231831945556145
182,-0.45293755068499386,-0.6735227560064988,-0.23235234536348895
183,-0.45257389746833954,-0.6722763599219931,-0.23287143501468602
184,-0.4522142516398991,-0.671039172648898,-0.23338933063090017
185,-0.4518586541527811,-0.669811160268472,-0.23390614803709014
186,-0.45150714596010194,-0.6685922892959175,-0.2344220026242864
187,-0.4511597680149736,-0.6673825268223478,-0.23493700920759938
188,-0.4508165612705289,-0.6661818406606543,-0.2354512818804034
189,-0.45047756667982447,-0.6649901994955182,-0.23596493386413073
190,-0.450142825195954,-0.6638075730377406,-0.23647807735416743
191,-0.4498123777720055,-0.6626339321827239,-0.23699082336128705
192,-0.44948626536120023,-0.6614692491733598,-0.23750328154904068
193,-0.44916452891648356,-0.6603134977667448,-0.2380155600662224
194,-0.4488472097810791,-0.6591666553322151,-0.2385277642299431
195,-0.4485343551319454,-0.6580287299096901,-0.23903998035420068
196,-0.44822601663745193,-0.656899753678152,-0.23955227959675185
197,-0.44792224608138903,-0.6557797613423321,-0.240064730820446
198,-0.44762309524762756,-0.6546687895410611,-0.24057740095419403
199,-0.44732861592004325,-0.6535668768258945,-0.24109035501419196
200,-0.4470388598823336,-0.652474063640033,-0.24160365612463414
201,-0.4467538789184271,-0.6513903922981468,-0.24211736553870739
202,-0.4464737248121087,-0.6503159069657016,-0.2426315426585157
203,-0.4461984493472202,-0.6492506536393086,-0.24314624505513185
204,-0.44592810430759655,-0.6481946801270995,-0.24366152848809358
205,-0.44566274147704776,-0.647148036029598,-0.24417744692449753
206,-0.4454024126393845,-0.6461107727210985,-0.2446940525576705
207,-0.44514716957844963,-0.6450829433313756,-0.2452113958255237
208,-0.44489706407808005,-0.6440646027279309,-0.2457295254282292
209,-0.44465214792209795,-0.6430558074986849,-0.24624848834551102
210,-0.44441247289428676,-0.642056615935153,-0.24676832985342056
211,-0.44417809077852755,-0.641067088016298,-0.2472890935407571
212,-0.443949053358616,-0.6400872853927528,-0.2478108213244792
213,-0.4437254124183834,-0.6391172713716919,-0.24833355346507485
214,-0.4435072197416859,-0.638157110902282,-0.2488573285810898
215,-0.4432945271123204,-0.6372068705617042,-0.2493821836629366
216,-0.4430873863141256,-0.6362666185419035,-0.24990815408634776
217,-0.4428858491309006,-0.6353364246368388,-0.25043527362496243
218,-0.4426899673464745,-0.6344163602305187,-0.25096357446243023
219,-0.4424997927447126,-0.6335064982857663,-0.2514930872036588
220,-0.4423153771093806,-0.6326069133332946,-0.2520238408854667
221,-0.4421367722243916,-0.6317176814622416,-0.2525558629865416
222,-0.4419640298735043,-0.630838880310495,-0.25308917943651366
223,-0.44179720184056953,-0.6299705890567264,-0.25362381462441264
224,-0.4416363399065844,-0.6291128884472309,-0.2541597913659379
225,-0.44148149532949743,-0.6282658672059463,-0.2546971234530485
226,-0.44133271823231873,-0.6274296290543391,-0.25523580741029833
227,-0.4411900585893046,-0.6266042798713758,-0.25577583730723347
228,-0.44105356637468185,-0.6257899256822266,-0.2563172070671371
229,-0.44092329156280247,-0.6249866725276938,-0.2568599105979112
230,-0.4407992841279447,-0.6241946263353995,-0.25740394192049
231,-0.4406815940434637,-0.62341389279519,-0.2579492952917373
232,-0.44057027009316274,-0.6226445802931311,-0.2584959598931944
233,-0.4404653575260326,-0.6218868054407569,-0.25904390961130824
234,-0.44036690093760594,-0.6211406849430796,-0.2595931169321322
235,-0.4402749449233193,-0.6204063336473157,-0.26014355619932295
236,-0.44018953407868633,-0.6196838643355786,-0.260695203821794
237,-0.44011071299922766,-0.6189733875220779,-0.26124803847637745
238,-0.44003852628049983,-0.6182750112560975,-0.26180204130490214
239,-0.43997301851783405,-0.6175888409299924,-0.26235719610567565
240,-0.43991423430681054,-0.6169149790941515,-0.2629134895194696
241,-0.43986221824290866,-0.6162535252771748,-0.2634709112086425
242,-0.4398170149216363,-0.6156045758132146,-0.26402945403005795
243,-0.4397786689385404,-0.6149682236759751,-0.26458911420110565
244,-0.4397472248889637,-0.614344558319615,-0.2651498914583124
245,-0.43972272736853835,-0.613733665527997,-0.26571178920907973
246,-0.4397052209726737,-0.6131356272706827,-0.2662748146746647
247,-0.43969475029699695,-0.6125505215678432,-0.2668389790261507
248,-0.43969135993677,-0.6119784223629581,-0.267404297510582
249,-0.4396950944877069,-0.6114193994053311,-0.2679707895700827
250,-0.43970599854516634,-0.6108735181402335,-0.2685384789500992
251,-0.4397241167047262,-0.6103408396098237,-0.2691073937996288
252,-0.43974949356181636,-0.609821420362825,-0.2696775667608077
253,-0.4397821737119503,-0.6093153123748005,-0.27024903504910003
254,-0.43982220173617187,-0.6088225629745245,-0.2708218404978192
255,-0.43986961756505505,-0.6083432135948053,-0.27139602153530484
256,-0.4399244498364404,-0.607877298257836,-0.27197160141504484
257,-0.4399867255074792,-0.6074248462818221,-0.2725486047331362
258,-0.4400564715351609,-0.6069858826671102,-0.27312706040321166
259,-0.44013371487660863,-0.6065604280321993,-0.2737070017210179
260,-0.44021848248890944,-0.6061484985579693,-0.2742884664198496
261,-0.44031080132903194,-0.6057501059417206,-0.27487149671634326
262,-0.44041069835410424,-0.6053652573610208,-0.2754561393471877
263,-0.44051820052111806,-0.6049939554467649,-0.2760424455954712
264,-0.44063333478726413,-0.6046361982669172,-0.2766304713076111
265,-0.4407561281095166,-0.6042919793197715,-0.27722027689926165
266,-0.4408866074449028,-0.6039612875381241,-0.2778119273516816
267,-0.4410247997505316,-0.603644107304015,-0.27840549219704824
268,-0.44117073198351453,-0.6033404184738159,-0.27900104549321314
269,-0.44132443110085223,-0.6030501964144788,-0.2795986657872257
270,-0.4414859240595957,-0.6027734120508629,-0.2801984360683285
271,-0.4416552378168776,-0.6025100319241001,-0.280800443709655
272,-0.4418323993296125,-0.6022600182611856,-0.2814047803980394
273,-0.4420174355550253,-0.6020233290563444,-0.28201154205370627
274,-0.4422103734500788,-0.6017999181632036,-0.28262082873695404
275,-0.44241123997187026,-0.6015897353992413,-0.2832327445444992
276,-0.44262006207747256,-0.6013927266613979,-0.2838473974935473
277,-0.4428368667239343,-0.6012088340536359,-0.28446489939423275
278,-0.4430616808683341,-0.6010379960261649,-0.28508536571050325
279,-0.4432945314676706,-0.6008801475264671,-0.2857089154088741
280,-0.44353544547908874,-0.6007352201624216,-0.28633567079575584
281,-0.4437844498595922,-0.6006031423768203,-0.28696575734236407
282,-0.4440415715662367,-0.6004838396342271,-0.28759930349824625
283,-0.4443068375561713,-0.6003772346197049,-0.28823644049263764
284,-0.44458027478634565,-0.6002832474490598,-0.2888773021236315
285,-0.44486191021385385,-0.6002017958916415,-0.28952202453606624
286,-0.44515177079586515,-0.6001327956047838,-0.2901707459869465
287,-0.4454498834892441,-0.6000761603798043,-0.2908236065986839
288,-0.44575627525127726,-0.6000318024010365,-0.29148074810151803
289,-0.4460709730388101,-0.599999632515366,-0.29214231356225423
290,-0.446394003809069,-0.5999795605153053,-0.29280844710283277
291,-0.4467253918571495,-0.5999714956202977,-0.2934792880940012
292,-0.4470651397938242,-0.59997534850284,-0.2941549310848084
293,-0.4474132396157603,-0.5999910317455158,-0.29483544748600476
294,-0.44776967309720045,-0.6000184604618419,-0.29552088573255897
295,-0.4481343993630182,-0.6000575542564803,-0.29621124446955605
296,-0.4485073744735335,-0.6001082359818054,-0.2969065129652616
297,-0.44888855448901155,-0.6001704313462818,-0.2976066776317413
298,-0.4492778954698408,-0.6002440687605802,-0.2983117221791014
299,-0.4496753534762422,-0.6003290791849251,-0.29902162776755936
300,-0.45008088456858264,-0.6004253959781891,-0.29973637315897617
301,-0.4504944448071055,-0.6005329547482343,-0.30045593486597666
302,-0.450915990252146,-0.6006516932043279,-0.30118028729996416
303,-0.4513454769639959,-0.6007815510111028,-0.3019094029168891
304,-0.45178286100296533,-0.6009224696445676,-0.302643252361363
305,-0.4522280984294183,-0.6010743922500524,-0.30338180460878417
306,-0.45268114530354375,-0.6012372635021194,-0.30412502710496814
307,-0.45314195768574206,-0.6014110294671926,-0.3048728859042915
308,-0.45361049163621175,-0.6015956374677449,-0.30562534580467865
309,-0.45408670321536615,-0.6017910359496094,-0.30638237048112293
310,-0.45457054848344425,-0.6019971743510752,-0.30714392261581325
311,-0.4550619835007905,-0.6022140029752822,-0.3079099640262989
312,-0.455560964327712,-0.6024414728646217,-0.30868045579080233
313,-0.4560674470244278,-0.6026795356782895,-0.30945535837056615
314,-0.45658138765131545,-0.6029281435728434,-0.3102346317297875
315,-0.45710274226869035,-0.6031872490851722,-0.3110182354522085
316,-0.45763146693681106,-0.6034568050189324,-0.3118061288546897
317,-0.45816751771600583,-0.6037367643340523,-0.3125982710979593
318,-0.4587108506665246,-0.6040270800392927,-0.3133946212937565
319,-0.459261421848772,-0.6043277050883658,-0.3141951386091783
320,-0.45981918732299815,-0.6046385922791709,-0.31499978236682535
321,-0.4603841031494827,-0.6049596941565585,-0.3158085121424069
322,-0.460956125388586,-0.6052909629190452,-0.3166212878581268
323,-0.4615352101005486,-0.6056323503285127,-0.3174380698725845
324,-0.4621213133456913,-0.6059838076242754,-0.3182588190671071
325,-0.46271439118437774,-0.6063452854405831,-0.3190834969281724
326,-0.4633143996768061,-0.6067167337279851,-0.3199120656256272
327,-0.4639212948833775,-0.6070981016791102,-0.32074448808764483
328,-0.46453503286433073,-0.6074893376578844,-0.3215807280707771
329,-0.46515556968001404,-0.6078903891333733,-0.32242075022665473
330,-0.465782861390711,-0.6083012026175906,-0.32326452016383145
331,-0.46641686405671634,-0.6087217236075338,-0.32411200450589883
332,-0.4670575337383453,-0.6091518965317946,-0.3249631709448961
333,-0.4677048264958792,-0.6095916647012924,-0.32581798829046593
334,-0.46835869838963107,-0.6100409702647623,-0.3266764265144998
335,-0.469019105479952,-0.6104997541685587,-0.3275384567913453
336,-0.46968600382711745,-0.6109679561211007,-0.32840405153313423
337,-0.4703593494914015,-0.6114455145620579,-0.3292731844207452
338,-0.4710390985331378,-0.6119323666362452,-0.33014583043003043
339,-0.4717252070125743,-0.6124284481721042,-0.33102196585304444
340,-0.47241763099007406,-0.6129336936652897,-0.3319015683148584
341,-0.4731163265259563,-0.6134480362668785,-0.3327846167850341
342,-0.47382124968046474,-0.6139714077763838,-0.33367109158454566
343,-0.4745323565139707,-0.6145037386402329,-0.3345609743877085
344,-0.47524960308670106,-0.6150449579544905,-0.33545424821891157
345,-0.4759729454589862,-0.6155949934732826,-0.3363508974446898
346,-0.4767023396911665,-0.6161537716218524,-0.3372509077604806
347,-0.4774377418435108,-0.6167212175147905,-0.33815426617223115
348,-0.4781791079763237,-0.6172972549793934,-0.33906096097325406
349,-0.47892639414995214,-0.6178818065842635,-0.3399709817156408
350,-0.47967955642461835,-0.6184747936727653,-0.3408843191764714
351,-0.4804385508607042,-0.619076136402076,-0.3418009653193323
352,-0.4812033335184959,-0.6196857537869782,-0.34272091325001364
353,-0.4819738604582206,-0.6203035637491088,-0.34364415716733243
354,-0.4827500877403161,-0.620929483171589,-0.34457069230904314
355,-0.48353197142498705,-0.6215634279583377,-0.34550051489163636
356,-0.4843194675725596,-0.6222053130992152,-0.346433622045904
357,-0.48511252604645694,-0.622855051795052,-0.34737000029786197
358,-0.48591107038981196,-0.6235125520640987,-0.3483095887155252
359,-0.48671501715869314,-0.6241777189791939,-0.34925231533819234
360,-0.4875242829093721,-0.6248504555760372,-0.350198110242707
361,-0.4883387841979256,-0.62553066280451,-0.3511469055913412
362,-0.4891584375805263,-0.6262182394881142,-0.3520986356729385
363,-0.4899831596133301,-0.6269130822908461,-0.35305323693581414
364,-0.49081286685251857,-0.6276150856915526,-0.3540106480134846
365,-0.4916474758541497,-0.6283241419661488,-0.35497080974215056
366,-0.4924869031743995,-0.6290401411776512,-0.35593366517114794
367,-0.4933310653694899,-0.6297629711738386,-0.3568991595651411
368,-0.49417987899560406,-0.6304925175926835,-0.3578672403985246
369,-0.4950332606087155,-0.6312286638756233,-0.35883785734180773
370,-0.4958911267651092,-0.6319712912891237,-0.35981096224109477
371,-0.49675339402089635,-0.6327202789535706,-0.3607865090882221
372,-0.49761997893228677,-0.6334755038804005,-0.361764453984173
373,-0.49849079805534013,-0.634236841016947,-0.3627447550937332
374,-0.4993657679462371,-0.6350041632995763,-0.3637273725928979
375,-0.5002448051611932,-0.6357773417144974,-0.36471226860788897
376,-0.5011278262562656,-0.6365562453664315,-0.3656994071460997
377,-0.502014747787665,-0.63734074155566,-0.36668875401967
378,-0.5029054863115321,-0.6381306958626012,-0.36768027676046305
379,-0.5037999583839913,-0.6389259722405323,-0.3686739445274503
380,-0.5046980805611913,-0.639726433116345,-0.3696697280060375
381,-0.50559976939935,-0.6405319394991287,-0.3706675992995714
382,-0.506504941454548,-0.6413423510965439,-0.3716675318125522
383,-0.507413513282944,-0.6421575264396076,-0.37266950012628053
384,-0.5083254014407139,-0.6429773230148804,-0.3736734798665474
385,-0.5092405224839722,-0.6438015974048484,-0.374679447563096
386,-0.5101587929689912,-0.6446302054364061,-0.37568738050157635
387,-0.5110801294517678,-0.645463002336477,-0.37669725656705866
388,-0.5120044475560912,-0.646299842792275,-0.3777090523199073
389,-0.5129316489537611,-0.6471405795490256,-0.3787227183584966
390,-0.5138616245764194,-0.6479850635029389,-0.37973818564989986
391,-0.5147942650794833,-0.6488331448174458,-0.3807553853415209
392,-0.5157294611181764,-0.6496846730350978,-0.381774249201255
393,-0.5166671013876618,-0.6505394971026814,-0.3827947056726422
394,-0.5176070600949505,-0.6513974649037354,-0.3838166552861656
395,-0.5185492049536258,-0.6522584232185753,-0.38483998668867625
396,-0.5194934036466632,-0.6531222178636721,-0.3858645894296543
397,-0.520439523857001,-0.6539886937007062,-0.38689035401329575
398,-0.5213874332674518,-0.6548576946527633,-0.3879171718821404
399,-0.5223369995610373,-0.6557290637291144,-0.3889449353929602
400,-0.523288090420671,-0.6566026430573526,-0.38997353778398947
401,-0.5242405735293123,-0.6574782739243518,-0.39100287313427284
402,-0.525194316547771,-0.6583557968311118,-0.3920328362644303
403,-0.5261491824576697,-0.6592350528294477,-0.3930633120858917
404,-0.527105023800336,-0.6601158849606031,-0.3940941626400688
405,-0.5280616917047463,-0.6609981355412003,-0.3951252478682922
406,-0.5290190372996477,-0.6618816457273075,-0.396156428871988
407,-0.5299769117138459,-0.6627662554937791,-0.39718756793391263
408,-0.5309351660762605,-0.6636518036225294,-0.39821852852999146
409,-0.5318936515156271,-0.6645381276994042,-0.3992491753318499
410,-0.5328522191608003,-0.6654250641206624,-0.4002793742009382
411,-0.5338107201406589,-0.6663124481082575,-0.40130899217306026
412,-0.534769005583946,-0.6672001137340755,-0.40233789743381654
413,-0.5357269266195721,-0.6680878939538192,-0.40336595928532504
414,-0.5366843343763074,-0.6689756206494475,-0.4043930481031673
415,-0.5376410799829905,-0.6698631246813409,-0.4054190352846401
416,-0.538597014568455,-0.6707502359493769,-0.4064437931875331
417,-0.5395519890846894,-0.6716367839167862,-0.4074671942525926
418,-0.5405058514955263,-0.6725226048561872,-0.40848909813486545
419,-0.5414584472760333,-0.6734075404654662,-0.40950935408660044
420,-0.542409621825291,-0.6742914316215134,-0.4105278120290685
421,-0.5433592205425253,-0.6751741181790922,-0.4115443229059583
422,-0.5443070888268172,-0.6760554389738715,-0.41255873867976284
423,-0.545253072047385,-0.6769352323687992,-0.413570911725971
424,-0.5461970150234247,-0.6778133455223083,-0.414580684524541
425,-0.5471387620914628,-0.6786896330687018,-0.4155878911142239
426,-0.5480781575716508,-0.6795639486982349,-0.4165923664450667
427,-0.5490150457840236,-0.6804361448018298,-0.4175939467662174
428,-0.549949271048758,-0.6813060724186583,-0.41859246967885777
429,-0.5508806776859543,-0.6821735811931525,-0.41958777417875603
430,-0.5518091100157233,-0.6830385193418856,-0.42057970068956096
431,-0.552734412358212,-0.6839007336305155,-0.4215680910859084
432,-0.5536564290339797,-0.6847600693624635,-0.42255278870549595
433,-0.5545750056736651,-0.6856163759557432,-0.42353363539158706
434,-0.5554899920353904,-0.6864695189184092,-0.42451046515237156
435,-0.5564012388596072,-0.6873193662166195,-0.425483111502595
436,-0.5573086008246113,-0.6881657978726159,-0.42645140377660673
437,-0.5582119365464813,-0.6890087058374317,-0.42741516725553086
438,-0.5591111048126212,-0.6898479806809653,-0.428374228944277
439,-0.5600059644103595,-0.69068351083589,-0.4293284179848291
440,-0.5608963741270601,-0.691515182450996,-0.43027756580312415
441,-0.5617821927500607,-0.6923428792560643,-0.4312215062440571
442,-0.5626632790667189,-0.6931664824386568,-0.432160075694781
443,-0.5635394918643709,-0.6939858705325986,-0.4330931131961432
444,-0.5644106899303734,-0.6948009193184937,-0.43402046054225296
445,-0.5652767320520655,-0.6956115017359776,-0.4349419623681534
446,-0.5661374770168485,-0.6964174878083238,-0.4358574662253731
447,-0.5669927836120029,-0.6972187445786336,-0.43676682264537214
448,-0.5678425106249128,-0.6980151360586833,-0.4376698851911423
449,-0.5686865168429283,-0.6988065231895508,-0.4385665104963057
450,-0.5695246610533934,-0.6995927638146103,-0.43945655829217645
451,-0.5703568020436391,-0.7003737126647251,-0.4403398914225532
452,-0.5711827986010232,-0.7011492213558266,-0.44121637584621975
453,-0.5720025097924033,-0.7019191389689009,-0.4420858806159057
454,-0.5728158038444766,-0.7026833302208656,-0.4429482774680876
455,-0.5736225599819785,-0.70344167936522906,-0.443803440598728
456,-0.5744226580806285,-0.7041940691067843,-0.44465124705447284
457,-0.575215978015982,-0.7049403792255551,-0.44549157680640894
458,-0.5760023996637659,-0.7056804865389998,-0.4463243127885319
459,-0.5767818028995351,-0.7064142648749121,-0.447149340924158
460,-0.5775540675990116,-0.7071415850568268,-0.44796655014119646
461,-0.5783190736377665,-0.7078623149004104,-0.4487758323751226
462,-0.5790767008914771,-0.7085763192220823,-0.4495770825608719
463,-0.5798268292358302,-0.7092834598590476,-0.45037019861261274
464,-0.5805693385463897,-0.7099835957010138,-0.45115508139176563
465,-0.5813041086988509,-0.710676582733998,-0.4519316346637037
466,-0.5820310195688415,-0.7113622740955076,-0.45269976504217546
467,-0.5827499510319936,-0.7120405201416724,-0.4534593819223147
468,-0.5834607829639796,-0.7127111685261438,-0.45421039740181546
469,-0.5841633952403953,-0.7133740642904998,-0.4549527261902908
470,-0.5848576677369242,-0.7140290499668336,-0.4556862855070148
471,-0.5855434805709326,-0.7146759661261921,-0.45641099501567317
472,-0.5862207259250769,-0.7153146727975287,-0.4571267790526251
473,-0.5868893134020033,-0.7159450593974886,-0.45783356740651804
474,-0.5875491539623953,-0.7165670160001484,-0.45853129192464215
475,-0.5882001585670777,-0.7171804309231551,-0.45921988621100035
476,-0.5888422381767392,-0.7177851907600958,-0.45989928559338256
477,-0.5894753037521274,-0.7183811804230023,-0.46056942708125254
478,-0.5900992662539891,-0.7189682831940118,-0.4612302493139664
479,-0.5907140366431407,-0.7195463807867964,-0.46188169249948496
480,-0.591319525880185,-0.7201153534169442,-0.46252369834342577
481,-0.5919156449259704,-0.7206750798828876,-0.46315620996905316
482,-0.5925023047412251,-0.7212254376552758,-0.4637791718271744
483,-0.5930794162866638,-0.721766302976588,-0.46439252959673966
484,-0.5936468905230449,-0.7222975509700231,-0.46499623007606655
485,-0.5942046384110836,-0.722819055757973,-0.46559022106419423
486,-0.5947525709115642,-0.7233306905901525,-0.46617445123297585
487,-0.5952905989852079,-0.7238323279810486,-0.46674886998936715
488,-0.5958186335927746,-0.7243238398572558,-0.46731342732829345
489,-0.5963365858523141,-0.7248050979855175,-0.46786807371911066
490,-0.5968443877552448,-0.7252760098797931,-0.46841276563069656
491,-0.5973420171871474,-0.7257365621378415,-0.4689474722364533
492,-0.5978294585383739,-0.7261867524912329,-0.46947216458551494
493,-0.598306696199236,-0.7266265784583772,-0.4699868139400949
494,-0.5987737145601295,-0.7270560372189001,-0.4704913919013589
495,-0.5992304980114035,-0.7274751254962338,-0.47098587052657315
496,-0.5996770309433141,-0.7278838394489613,-0.47147022243766695
497,-0.6001132977462867,-0.7282821745709357,-0.4719444209216378
498,-0.6005392828106252,-0.7286701255993827,-0.47240844002186766
499,-0.6009549705267572,-0.7290476864322548,-0.47286225462125947
500,-0.6013603452849442,-0.7294148500535231,-0.47330584051636526
501,-0.601755391475563,-0.7297716084677752,-0.47373917448335084
502,-0.6021400934889269,-0.7301179526429173,-0.47416223433493654
503,-0.602514435715442,-0.7304538724620009,-0.4745749989688832
504,-0.6028784025454066,-0.7307793566831561,-0.4749774484076571
505,-0.6032319783691682,-0.7310943929088829,-0.4753695638294535
506,-0.6035751475771134,-0.7313989675636264,-0.47575132759060035
507,-0.6039078946252099,-0.7316930659905725,-0.47612272325984734
508,-0.6042302149100084,-0.7319766907109256,-0.47648373910909114
509,-0.6045421269120619,-0.732249881672855,-0.4768343721512688
510,-0.6048436520397833,-0.7325126821638007,-0.4771746219157659
511,-0.605134811701644,-0.7327651337630504,-0.4775044896402375
512,-0.6054156273060884,-0.7330072762317549,-0.477823978380422
513,-0.605686120261493,-0.7332391474133402,-0.47813309310964586
514,-0.6059463119763356,-0.7334607831445858,-0.47843184080808543
515,-0.6061962238590333,-0.7336722171768328,-0.47872023054123375
516,-0.6064358773180288,-0.7338734811078534,-0.47899827352820423
517,-0.6066652937617604,-0.7340646043242682,-0.47926598319925245
518,-0.6068844945985994,-0.734245613954335,-0.4795233752428638
519,-0.6070935012370838,-0.7344165348317134,-0.47977046764245423
520,-0.607292335085568,-0.734577389469161,-0.48000728070197507
521,-0.6074810175525346,-0.734728198043642,-0.48023383706142714
522,-0.6076595700463759,-0.7348689783913885,-0.48045016170136334
523,-0.6078280139755177,-0.7349997460141579,-0.4806562819368775
524,-0.6079863707484461,-0.7351205140959667,-0.4808522274009255
525,-0.6081346617916804,-0.7352312935611302,-0.48103803002223067
526,-0.6082729166171914,-0.7353321067933378,-0.481213726441045
527,-0.6084011855229342,-0.735423009092343,-0.4813793619535254
528,-0.6085195221009877,-0.7355040588398174,-0.481534985362158
529,-0.6086279799434335,-0.7355753118537564,-0.4816806480331107
530,-0.6087266126422985,-0.7356368213531453,-0.48181640393145175
531,-0.6088154737896438,-0.7356886379343031,-0.4819423096449847
532,-0.6088946169775914,-0.7357308095588166,-0.48205842439636615
533,-0.6089640957981816,-0.7357633815528152,-0.48216481004354794
534,-0.6090239638434566,-0.7357863966181034,-0.48226153106880976
535,-0.6090742747055093,-0.7357998948549287,-0.48234865455609
536,-0.6091150819764417,-0.7358039137962912,-0.48242625015659224
537,-0.6091464392482285,-0.735798488453731,-0.4824943900427261
538,-0.6091684001130199,-0.7357836513754132,-0.48255314885062645
539,-0.6091810181628405,-0.7357594327150763,-0.48260260361060486
540,-0.6091843469897962,-0.7357258603133475,-0.48264283366624483
541,-0.6091784401858934,-0.7356829597902768,-0.48267392058151004
542,-0.6091633513432552,-0.7356307546500402,-0.48269594803647004
543,-0.6091391340558967,-0.7355692664006933,-0.4827090017111001
544,-0.6091058467626519,-0.7354985240118367,-0.4827131695134671
545,-0.6090635639692153,-0.7354185856825711,-0.4827085422558596
546,-0.6090123751530347,-0.735329537225615,-0.4826952130804545
547,-0.6089523790073998,-0.7352314808751738,-0.48267327713962593
548,-0.6088836744628813,-0.735124517593557,-0.48264283133220554
549,-0.6088063604499243,-0.735008746557302,-0.48260397434254665
550,-0.6087205358989953,-0.734884265120087,-0.4825568066779037
551,-0.6086262997405721,-0.734751168786096,-0.48250143069504825
552,-0.6085237509051672,-0.7346095511938243,-0.48243795061651007
553,-0.6084129883231907,-0.7344595041103382,-0.48236647253604314
554,-0.608294110925175,-0.7343011174364965,-0.4822871044138536
555,-0.6081672177269478,-0.7341344794287223,-0.4821999560251733
556,-0.6080324133953239,-0.7339596901973846,-0.48210513659326315
557,-0.6078898116742875,-0.7337768700759737,-0.4820027532726012
558,-0.6077395271270866,-0.7335861396456289,-0.4818929146085442
559,-0.6075816743168908,-0.7333876176952021,-0.48177573093857945
560,-0.6074163678069623,-0.733181421170928,-0.4816513144429965
561,-0.60724372216048494,-0.7329676651359646,-0.4815197791850053
562,-0.6070638519407037,-0.7327464627406104,-0.48138124114079694
563,-0.6068768717108282,-0.7325179252026102,-0.48123581821904615
564,-0.6066828960340512,-0.7322821617978774,-0.48108363027022505
565,-0.6064820394736722,-0.7320392798617992,-0.48092479908554514
566,-0.6062744167747547,-0.7317893855041107,-0.4807594480453987
567,-0.6060601466776957,-0.7315325984057346,-0.4805876949496568
568,-0.6058393518148971,-0.7312690515379965,-0.4804096520917977
569,-0.6056121549802461,-0.7309988767209347,-0.4802254332395576
570,-0.6053786789675757,-0.7307222039271588,-0.4800351540079926
571,-0.6051390465707954,-0.7304391612187748,-0.479838931922816
572,-0.6048933805837223,-0.7301498746940565,-0.4796368864733882
573,-0.6046418038002515,-0.7298544684443755,-0.4794291391561274
574,-0.6043844390142086,-0.7295530645209405,-0.47921581350747666
575,-0.6041214090195212,-0.7292457829117824,-0.47899703512725983
576,-0.6038528366099957,-0.7289327415285387,-0.4787729316914526
577,-0.6035788445795094,-0.7286140562036502,-0.4785436329553686
578,-0.6032995557219406,-0.7282898406974495,-0.47830927074643176
579,-0.6030150928114406,-0.7279602076167782,-0.478069978006103
580,-0.6027255783271853,-0.7276252810587455,-0.47782587559562517
581,-0.6024311345213376,-0.72728519361742,-0.4775770754252552
582,-0.6021318836402281,-0.7269400762394573,-0.47732369104099875
583,-0.6018279479301144,-0.7265900578803365,-0.4770658379798924
584,-0.6015194496373708,-0.7262352654370547,-0.47680363383768687
585,-0.6012065110082401,-0.7258758236902261,-0.4765371983262541
586,-0.6008892542890891,-0.72551185525674,-0.47626665332143825
587,-0.6005678017261933,-0.7251434805517532,-0.4759921229006334
588,-0.6002422755659012,-0.7247708177611013,-0.475713733370701
589,-0.5999127980544586,-0.724393982823297,-0.47543161328562017
590,-0.5995794914381811,-0.7240130894219672,-0.475145893454395
591,-0.5992424779634336,-0.7236282489880488,-0.4748567069388184
592,-0.5989018798765188,-0.723239570712017,-0.4745641890410205
593,-0.5985578194236898,-0.7228471615662324,-0.4742684772811472
594,-0.5982104188512931,-0.722451126337617,-0.4739697113649693
595,-0.5978598004056476,-0.7220515676700919,-0.4736680331412032
596,-0.5975060863330206,-0.7216485861172811,-0.4733635865487601
597,-0.5971493988797532,-0.7212422802054962,-0.4730565175540101
598,-0.5967898602921748,-0.7208327465067383,-0.47274697407761135
599,-0.5964275928165462,-0.7204200797218498,-0.47243510591124266
600,-0.5960627186992172,-0.7200043727741312,-0.47212106462430325
601,-0.5956953601864733,-0.7195857169128335,-0.47180500346011306
602,-0.5953256379431225,-0.7191642034991149,-0.47148707238713017
603,-0.5949536638146208,-0.7187399317651877,-0.4711673958640539
604,-0.5945795465902038,-0.7183130027596663,-0.47084609042074144
605,-0.5942033950561961,-0.7178835161187234,-0.4705232739936689
606,-0.5938253179988929,-0.7174515700675876,-0.47019906593019817
607,-0.5934454242045915,-0.7170172614345508,-0.46987358697463205
608,-0.5930638224595776,-0.7165806856743279,-0.4695469592448273
609,-0.5926806215502172,-0.7161419369009286,-0.4692193061995057
610,-0.5922959302627484,-0.7157011079295695,-0.4688907525959273
611,-0.5919098573834758,-0.7152582903284723,-0.4685614244384792
612,-0.5915225116987404,-0.7148135744798596,-0.46823144891762114
613,-0.591134001994806,-0.71436704965036,-0.4679009543392521
614,-0.5907444370579839,-0.7139188040712099,-0.46757007004475787
615,-0.59035392567458,-0.7134689250278109,-0.46723892632134906
616,-0.5899625766308884,-0.7130174989589061,-0.4669076543028707
617,-0.5895704987132011,-0.7125646115654263,-0.4665763858609759
618,-0.5891778007078676,-0.7121103479290409,-0.4662452534866943
619,-0.5887845914011346,-0.7116547926402468,-0.46591439016202246
620,-0.588390979578942,-0.7111980299366614,-0.46558392922122277
621,-0.5879970702800036,-0.7107401452227307,-0.46525399533727646
622,-0.5876029533324666,-0.710281229265215,-0.4649246773997182
623,-0.5872087029351429,-0.7098213779588537,-0.4645960279114322
624,-0.5868143888330434,-0.7093606881624542,-0.4642680895036325
625,-0.5864200807668187,-0.7088992560219581,-0.46394090551167927
626,-0.5860258484771327,-0.7084371768671766,-0.46361452008708887
627,-0.5856317585437235,-0.7079745459854632,-0.4632889711019839
628,-0.5852378641203643,-0.7075114612387204,-0.4629642670020081
629,-0.5848442147968829,-0.7070480200277328,-0.46264040956603286
630,-0.5844508601631496,-0.7065843180957363,-0.46231740223056295
631,-0.584057849808996,-0.7061204493432631,-0.4619952502747288
632,-0.5836652333242165,-0.7056565056556671,-0.4616739609927659
633,-0.5832730602986974,-0.7051925767434252,-0.4613535438539696
634,-0.5828813803222529,-0.7047287499947995,-0.4610340106497063
635,-0.5824902429846974,-0.7042651103415118,-0.46071537562788295
636,-0.5820996978758896,-0.7038017401371794,-0.4603976556145997
637,-0.581709794585651,-0.7033387190485155,-0.4600808701227864
638,-0.5813205827037861,-0.7028761239596459,-0.4597650414479262
639,-0.5809321118202068,-0.7024140288894768,-0.45945019475093674
640,-0.5805444315246779,-0.7019525049218506,-0.4591363581275053
641,-0.5801575914070308,-0.7014916201493595,-0.45882356266470214
642,-0.5797716410571261,-0.7010314396301001,-0.4585118424841521
643,-0.5793866300647983,-0.7005720253577647,-0.4582012347718318
644,-0.5790026080198919,-0.7001134362452803,-0.45789177979450346
645,-0.5786196245121982,-0.6996557281216642,-0.4575835209027322
646,-0.5782377291315983,-0.699198953742759,-0.45727650452043767
647,-0.5778569710849286,-0.6987431629144405,-0.45697077925541674
648,-0.5774773907713666,-0.6982884047055296,-0.4566663768372037
649,-0.5770990197822812,-0.6978347274267506,-0.4563633121378118
650,-0.5767218893261358,-0.6973821763981445,-0.45606160225412706
651,-0.5763460306113473,-0.696930793815994,-0.45576126740670053
652,-0.5759714748463923,-0.6964806187329294,-0.45546233095985517
653,-0.5755982532396576,-0.6960316870513451,-0.45516481942797016
654,-0.5752263969996358,-0.6955840315308964,-0.45486876246837527
655,-0.5748559373347704,-0.6951376818093249,-0.45457419286021583
656,-0.5744869054534794,-0.6946926644372999,-0.4542811464696587
657,-0.574119332564193,-0.6942490029271167,-0.45398966220126935
658,-0.5737532498753881,-0.6938067178152828,-0.45369978193549343
659,-0.5733886885954957,-0.6933658267390039,-0.45341155045198756
660,-0.5730256799329618,-0.6929263445267988,-0.45312501533912486
661,-0.5726642550962168,-0.6924882833031311,-0.4528402268893025
662,-0.572304445293693,-0.6920516526072161,-0.4525572379801698
663,-0.5719462817338756,-0.6916164595260148,-0.45227610394173645
664,-0.5715897956251818,-0.6911827088413456,-0.4519968824090179
665,-0.5712350181760513,-0.6907504031914697,-0.45171963316063285
666,-0.5708819803218981,-0.6903195434940917,-0.45144441714970435
667,-0.570530703642931,-0.6898901374577809,-0.4511712698280811
668,-0.5701811961164709,-0.6894622038763263,-0.4509001883566155
669,-0.5698334644216129,-0.689035761506973,-0.45063116733625275
670,-0.5694875152373984,-0.6886108278398069,-0.45036420263498983
671,-0.5691433552429134,-0.6881874190642966,-0.45009929142153016
672,-0.5688009911172215,-0.6877655500458567,-0.44983643218858627
673,-0.5684604295393885,-0.687345234312787,-0.4495756247659899
674,-0.5681216771126659,-0.6869264841806046,-0.44931687004472715
675,-0.5677847368955673,-0.6865093165997369,-0.44906015719139775
676,-0.5674496069625515,-0.6860937556752523,-0.44880545824985074
677,-0.5671162850138061,-0.6856798249136932,-0.44855274511391896
678,-0.5667847687495934,-0.6852675464946474,-0.4483019910045394
679,-0.5664550558701601,-0.6848569411769715,-0.4480531705633487
680,-0.5661271440757387,-0.6844480282152494,-0.4478062599362281
681,-0.5658010310665413,-0.6840408252863862,-0.44756123684669646
682,-0.5654767145428344,-0.683635348426548,-0.44731808065912076
683,-0.5651541922048472,-0.6832316119782276,-0.4470767724314669
684,-0.5648334617527978,-0.6828296285478139,-0.4468372949577817
685,-0.5645145208869505,-0.6824294089735526,-0.4465996328003484
686,-0.5641973673075336,-0.682030962303867,-0.44636377231120017
687,-0.5638819987142257,-0.6816342957899185,-0.44612970163853294
688,-0.5635684120823512,-0.6812394196411008,-0.4458974045236016
689,-0.5632566022346938,-0.6808463564545562,-0.44566684801483136
690,-0.5629465635960984,-0.6804551296883872,-0.4454379975038096
691,-0.5626382905914592,-0.680065760942164,-0.4452108202407544
692,-0.5623317776456002,-0.6796782698513492,-0.44498528543985116
693,-0.562027019183407,-0.6792926739926111,-0.444761364374203
694,-0.5617240096297208,-0.6789089887995893,-0.4445390304598523
695,-0.5614227434094209,-0.6785272274896978,-0.4443182593291439
696,-0.5611232149473474,-0.6781474010015335,-0.44409902889316133
697,-0.5608254186683421,-0.6777695179434005,-0.4438813193932838
698,-0.5605293489973111,-0.6773935845527794,-0.4436651134418428
699,-0.5602350003590645,-0.6770196046666455,-0.4434503960514835
700,-0.559942367178494,-0.6766475797032279,-0.44323715465376007
701,-0.5596514438804271,-0.676277508654632,-0.4430253791062222
702,-0.5593622248897505,-0.6759093880909249,-0.44281506168857604
703,-0.5590747046313083,-0.675543212175324,-0.44260619708729254
704,-0.5587888775299588,-0.6751789726908719,-0.4423987823690457
705,-0.5585047380990119,-0.6748166598202775,-0.4421928163777463
706,-0.5582222825495146,-0.6744562756942931,-0.441988289404736
707,-0.5579415086219159,-0.6740978330035114,-0.4417851842403205
708,-0.5576624141113844,-0.6737413425767802,-0.4415834856459886
709,-0.5573849968130576,-0.6733868128593975,-0.4413831807667178
710,-0.557109254522079,-0.6730342498610575,-0.4411842591831005
711,-0.5568351850335986,-0.6726836571150251,-0.44098671295217223
712,-0.5565627861427583,-0.67233503564867525,-0.44079053663684137
713,-0.5562920556447116,-0.6719883839655264,-0.44059572732389685
714,-0.5560229913345939,-0.6716436980386452,-0.4404022846305425
715,-0.5557555910075619,-0.6713009713157105,-0.4402102106994132
716,-0.5554898524587718,-0.6709601947355829,-0.4400195101819607
717,-0.5552257734833457,-0.6706213567564983,-0.4398301902101931
718,-0.5549633518764219,-0.6702844433960273,-0.43964226035681636
719,-0.5547025854331874,-0.6699494382827683,-0.4394557325836065
720,-0.5544434719487503,-0.6696163227196111,-0.4392706211778895
721,-0.5541860092182734,-0.6692850757590957,-0.4390869426774512
722,-0.5539301955466496,-0.6689556765150412,-0.43890471457825797
723,-0.553676033679383,-0.6686281214022868,-0.43872394595647923
724,-0.5534235305176505,-0.6683024227307262,-0.43854463830457474
725,-0.5531726977920867,-0.6679786113036944,-0.4383667842804789
726,-0.552923547995688,-0.6676567189333537,-0.4381903770580224
727,-0.5526760936214562,-0.6673367750485346,-0.4380154121943778
728,-0.5524303471624205,-0.6670188065679648,-0.4378418877568761
729,-0.5521863211115777,-0.6667028377861993,-0.4376698044369561
730,-0.5519440279619257,-0.6663888902723701,-0.43749916565148117
731,-0.5517034802064655,-0.6660769827818299,-0.4373299776311012
732,-0.551464690338231,-0.6657671311807587,-0.4371622494957032
733,-0.551227670850222,-0.6654593483836404,-0.4369959933168035
734,-0.5509924342354361,-0.6651536443039845,-0.43683122416688763
735,-0.5507589929868817,-0.6648500258180629,-0.4366679601557005
736,-0.5505273595975553,-0.6645484967419045,-0.43650622245320597
737,-0.5502975465604867,-0.6642490578214986,-0.43634603529947485
738,-0.5500695663686742,-0.6639517067362624,-0.4361874260010861
739,-0.5498434315151387,-0.6636564381158874,-0.43603042491439004
740,-0.5496191544928533,-0.6633632435705102,-0.43587506541519627
741,-0.5493967477948574,-0.6630721117344426,-0.43572138385527215
742,-0.5491762239141492,-0.6627830283231329,-0.4355694195051656
743,-0.5489575953437194,-0.6624959762037766,-0.43541921448366205
744,-0.5487408745765959,-0.6622109354794421,-0.43527081367374976
745,-0.5485260741057923,-0.6619278835866647,-0.43512426462492004
746,-0.5483132064242868,-0.6616467954066039,-0.4349796174419698
747,-0.5481022840251183,-0.6613676433899826,-0.43483692466025403
748,-0.5478933194012721,-0.6610903976953975,-0.4346962411071467
749,-0.5476863250457575,-0.6608150263414833,-0.4345576237500319
750,-0.5474813134515952,-0.6605414953727218,-0.43442113153046863
751,-0.5472782971117777,-0.6602697690388795,-0.4342868251846759
752,-0.5470772888542478,-0.6599998117272057,-0.4341547659812899
753,-0.5468783049646437,-0.6597316043945717,-0.4340250055347158
754,-0.5466813640273085,-0.6594651388563009,-0.4338975891983161
755,-0.5464864877363435,-0.6592004231688054,-0.43377255230388145
756,-0.5462936998108017,-0.658937475694238,-0.43364992392736534
757,-0.5461030240051329,-0.6586763140242741,-0.43352973398599176
758,-0.5459144840737811,-0.6584169547565312,-0.43341201339103097
759,-0.5457281037712264,-0.6581594134783681,-0.4332967940640846
760,-0.5455439075073562,-0.6579037095653181,-0.43318410544939423
761,-0.5453619223138857,-0.6576498806067267,-0.4330739640210447
762,-0.545182175878004,-0.6573979679581792,-0.4329663837978288
763,-0.5450046958868461,-0.6571480118271467,-0.43286137994654544
764,-0.5448295100275933,-0.656900051164536,-0.4327589688906505
765,-0.544656645987446,-0.6566541235675635,-0.43265916840732854
766,-0.5444861314535162,-0.6564102651938017,-0.4325619977132307
767,-0.5443179941129884,-0.6561685106870411,-0.4324674775389358
768,-0.5441522616530595,-0.6559288931143059,-0.43237563019181313
769,-0.5439889617611862,-0.6556914439240139,-0.4322864795983585
770,-0.543828122317729,-0.6554561991148967,-0.43220004552056135
771,-0.543669771728419,-0.6552232099194435,-0.43211633353739454
772,-0.5435139384875431,-0.654992528633233,-0.4320353483418533
773,-0.5433606510894115,-0.6547642056167362,-0.4319570965620867
774,-0.5432099380283089,-0.6545382891604232,-0.43188158689619455
775,-0.5430618277985683,-0.65431482536269725,-0.4318088302344393
776,-0.5429163488944305,-0.6540938580202447,-0.4317388397686164
777,-0.5427735298102554,-0.6538754285316004,-0.4316716310889103
778,-0.5426333990402993,-0.6536595758130419,-0.4316072222675566
779,-0.5424959850788847,-0.6534463362278827,-0.4315456339298867
780,-0.5423613164202793,-0.6532357435283839,-0.43148688931217466
781,-0.5422294215588248,-0.653027828811012,-0.43143101430663766
782,-0.5421003289887611,-0.6528226204845042,-0.4313780374930181
783,-0.5419740672044479,-0.6526201442515102,-0.43132799015738554
784,-0.5418506647001585,-0.6524204231030375,-0.43128090629727955
785,-0.5417301499701718,-0.652223477326562,-0.43123682261378143
786,-0.5416125515088229,-0.6520293245273808,-0.4311957784902651
787,-0.5414978978103855,-0.6518379796632963,-0.43115781595747465
788,-0.5413862173691554,-0.6516494550929308,-0.43112297964537993
789,-0.541277538679453,-0.6514637606375532,-0.431091316721353
790,-0.5411718902355573,-0.6512809036563764,-0.4310628768147383
791,-0.5410693005317775,-0.651100889135674,-0.43103771192788104
792,-0.5409697980624013,-0.6509237197914644,-0.4310158763333383
793,-0.540873411321747,-0.6507493961860504,-0.4309974264574437
794,-0.5407801688040884,-0.6505779168582448,-0.430982420749932
795,-0.5406900990037324,-0.6504092784676343,-0.4309709195398305
796,-0.5406032304149824,-0.6502434759526122,-0.4309629848773526
797,-0.5405195915321381,-0.6500805027024841,-0.4309586803617922
798,-0.5404392103447292,-0.6499203517016965,-0.43095806898776196
799,-0.5403621096313331,-0.6497630246502116,-0.43096119461245463
800,-0.540288307549009,-0.6496085307411483,-0.4309680843568698
801,-0.5402178160257332,-0.6494568890765902,-0.4309787429748761
802,-0.5401506454421044,-0.6493081204139782,-0.43099317047023067
803,-0.5400868061788091,-0.6491622443929685,-0.4310113679646497
804,-0.5400263086164436,-0.6490192794849947,-0.4310333377478926
805,-0.5399691631356593,-0.6488792429547033,-0.4310590833166153
806,-0.5399153801170873,-0.6487421508328509,-0.43108860940132365
807,-0.539864969941371,-0.6486080179010023,-0.43112192198173976
808,-0.5398179414593595,-0.6484768596473149,-0.431159023271404
809,-0.5397742961932565,-0.6483486996552875,-0.4311998927312254
810,-0.5397340334732503,-0.6482235628891603,-0.43124450405734033
811,-0.5396971526290946,-0.6481014727615041,-0.4312928324966851
812,-0.539663652990579,-0.6479824510262892,-0.4313448549548687
813,-0.5396335338874716,-0.6478665176850837,-0.43140055008985945
814,-0.5396067946495361,-0.6477536909060623,-0.43145989839300997
815,-0.5395834346065808,-0.6476439869559678,-0.4315228822571937
816,-0.5395634530883382,-0.6475374201447982,-0.4315894860318782
817,-0.5395468491388677,-0.6474340030741408,-0.4316596952035947
818,-0.5395336158086128,-0.6473337523852922,-0.4317334792319334
819,-0.5395237404591589,-0.6472366883052474,-0.4318107926130703
820,-0.5395172102273694,-0.6471428289349889,-0.43189159151975
821,-0.539514012250069,-0.6470521898903051,-0.4319758346098329
822,-0.5395141336641064,-0.6469647841858999,-0.43206348314231297
823,-0.539517561606339,-0.6468806221340606,-0.4321545010786174
824,-0.5395242832136155,-0.6467997112578919,-0.432248855169339
825,-0.539534285622758,-0.6467220562194154,-0.43234651502610055
826,-0.5395475559706399,-0.6466476587625801,-0.4324474531786996
827,-0.5395640813940844,-0.6465765176710668,-0.432551645117102
828,-0.5395838490299548,-0.6465086287413832,-0.4326590693185265
829,-0.5396068460150905,-0.6464439847709349,-0.432769707259246
830,-0.539633059486341,-0.6463825755615076,-0.4328835434111744
831,-0.539662476580553,-0.6463243879380267,-0.43300056522307934
832,-0.5396950844345733,-0.6462694057827871,-0.4331207630863594
833,-0.5397308701852348,-0.64621761008521,-0.4332441302852596
834,-0.5397698209693922,-0.6461689790072842,-0.4333706629315002
835,-0.5398119239239108,-0.6461234879646492,-0.43350035988317226
836,-0.5398571661856094,-0.6460811097234271,-0.43363322264779175
837,-0.539905534891337,-0.6460418145130827,-0.4337692552695912
838,-0.5399570153513813,-0.6460055722552902,-0.4339084584474724
839,-0.5400115855696629,-0.6459723589873202,-0.4340508121520056
840,-0.5400692217235692,-0.6459421506209583,-0.4341962928261801
841,-0.5401298999723707,-0.6459149209031855,-0.43434487904155594
842,-0.5401935934639928,-0.645890645378817,-0.4344965415491685
843,-0.5402602689924103,-0.6458693057962739,-0.43465123218854673
844,-0.5403298925457218,-0.645850882826523,-0.4348089022649207
845,-0.5404024301120098,-0.6458353549637166,-0.4349695052603031
846,-0.5404778476793753,-0.6458226984926652,-0.43513299686608553
847,-0.5405561112358905,-0.6458128874707016,-0.4352993350010794
848,-0.5406371867696661,-0.6458058937242166,-0.4354684798151156
849,-0.5407210402687868,-0.6458016868597068,-0.43564039367786667
850,-0.5408076377213326,-0.6458002342896584,-0.4358150411530067
851,-0.5408969451154005,-0.6458015012732342,-0.43599238895756687
852,-0.5409889282887976,-0.6458054513111774,-0.4361724052664179
853,-0.5410835496227336,-0.6458120536823855,-0.4363550455630818
854,-0.5411807680418252,-0.6458212834978467,-0.43654025258580376
855,-0.5412805423204154,-0.6458331142168932,-0.4367279704239378
856,-0.5413828312328169,-0.6458475172778165,-0.43691814518781735
857,-0.5414875935533774,-0.645864462081916,-0.43711072502483883
858,-0.5415947880564427,-0.6458839159919889,-0.4373056601208965
859,-0.5417043735163214,-0.6459058443453809,-0.43750290268726194
860,-0.5418163087073565,-0.6459302104818088,-0.4377024069329043
861,-0.5419305524038717,-0.6459569757858863,-0.43790412902185705
862,-0.5420470633802279,-0.6459860997445751,-0.4381080270158807
863,-0.5421658004107159,-0.646017540019446,-0.43831406080198587
864,-0.5422867222697141,-0.6460512525342103,-0.43852219200521797
865,-0.5424097874072358,-0.6460871941151736,-0.438732380699298
866,-0.5425349525193185,-0.646125333787904,-0.43894457125073294
867,-0.5426621737117016,-0.6461656437170058,-0.4391587037063973
868,-0.5427914070896626,-0.6462080945880866,-0.4393747195912386
869,-0.5429226087584882,-0.6462526556105845,-0.43959256190639184
870,-0.5430557346970977,-0.6462992983296264,-0.43981217106456894
871,-0.5431907403790205,-0.6463480080109183,-0.4400334727471227
872,-0.5433275811513972,-0.6463987722008603,-0.4402563901019342
873,-0.5434662123614045,-0.6464515768424862,-0.44048084788032266
874,-0.5436065893561899,-0.6465064061952408,-0.44070677251713897
875,-0.5437486675988799,-0.6465632450334905,-0.44093409016426915
876,-0.5438924033566989,-0.6466220920090682,-0.44116271470432955
877,-0.5440377532375257,-0.6466829504481547,-0.44139255602689664
878,-0.5441846738504712,-0.646745821545448,-0.4416235261554944
879,-0.5443331218046512,-0.6468107041787013,-0.4418555394306011
880,-0.5444830537091585,-0.6468775947626739,-0.44208851265564303
881,-0.5446344261731184,-0.6469464871188743,-0.44232236522736257
882,-0.5447871958056377,-0.6470173723609608,-0.44255701925031465
883,-0.5449413192158313,-0.6470902387961583,-0.44279239963550426
884,-0.5450967530127857,-0.6471650718426952,-0.44302843418287613
885,-0.5452534538056353,-0.6472418539635294,-0.4432650536477412
886,-0.5454113782034881,-0.6473205646162759,-0.4435021917907003
887,-0.5455704828154313,-0.6474011802196503,-0.4437397854112123
888,-0.5457307242505999,-0.6474836741365467,-0.443977774364653
889,-0.5458920591180927,-0.6475680166736658,-0.44421610156251956
890,-0.546054444027021,-0.647654175098021,-0.4444547129560209
891,-0.5462178355864968,-0.6477421136703386,-0.44469355750265505
892,-0.5463821904056257,-0.6478317936954048,-0.44493258711584666
893,-0.546547465093523,-0.6479231735895363,-0.44517175659750974
894,-0.5467136162592945,-0.6480162089651667,-0.4454110235534223
895,-0.5468806005120455,-0.6481108527327204,-0.44565034829137046
896,-0.5470483744608964,-0.6482070552197596,-0.44588969370203313
897,-0.5472168947149401,-0.6483047643075062,-0.446129025122374
898,-0.5473861178833092,-0.6484039255848429,-0.4463683101817753
899,-0.5475560020331242,-0.6485044876675822,-0.44660751639866614
900,-0.5477265110636442,-0.6486064177631781,-0.4468466043641104
901,-0.5478976103321066,-0.6487096862438828,-0.4470855344203304
902,-0.5480692652687694,-0.6488142617985284,-0.44732426873901043
903,-0.5482414449460823,-0.6489201233873358,-0.44756276650482874
904,-0.5484141236951259,-0.6490272655838064,-0.4478009818064454
905,-0.5485872762569589,-0.6491356823466308,-0.44803887016728705
906,-0.5487608773726264,-0.6492453656233633,-0.44827638912188933
907,-0.5489349017832128,-0.6493563053371587,-0.44851349822926695
908,-0.5491093242309933,-0.64946848939294,-0.4487501590690467
909,-0.5492841216174997,-0.6495819104340423,-0.44898633280095707
910,-0.5494592774511454,-0.6496965796628462,-0.4492219752394447
911,-0.5496347764996339,-0.6498125099685981,-0.4494570430306697
912,-0.5498106035718102,-0.6499297120223719,-0.44969149512124845
913,-0.5499867469333984,-0.6500482046687438,-0.4499252891980531
914,-0.5501632008702836,-0.6501680225815798,-0.4501583791589874
915,-0.5503399602721428,-0.6502891994067466,-0.4503907211375391
916,-0.5505170200286512,-0.6504117657369375,-0.45062227432036495
917,-0.5506943750294869,-0.6505357489609416,-0.4508530010980323
918,-0.5508720201643182,-0.6506611731318116,-0.4510828671968249
919,-0.5510499503228509,-0.650788058854084,-0.45131184179161776
920,-0.551228160394727,-0.6509164231900127,-0.45153989759944124
921,-0.5514066452696332,-0.6510462795853305,-0.451767010953936
922,-0.5515853998372615,-0.6511776378142062,-0.45199316186031685
923,-0.5517644189872651,-0.6513105039437496,-0.4522183340307807
924,-0.5519436976093467,-0.6514448803182181,-0.4524425149004753
925,-0.5521232305931507,-0.6515807655627194,-0.45266569562358205
926,-0.5523030128283956,-0.6517181546069133,-0.45288787104987777
927,-0.5524830406242431,-0.6518570434098195,-0.4531090378386667
928,-0.5526633159680887,-0.6519974429924894,-0.453329188943688
929,-0.552843842266792,-0.6521393652817365,-0.45354831925184735
930,-0.5530246229272452,-0.6522828183815166,-0.4537664274729738
931,-0.5532056613563373,-0.6524278065579733,-0.45398351615470134
932,-0.5533869609609425,-0.6525743302448272,-0.45419959167705787
933,-0.5535685251479616,-0.6527223860692267,-0.4544146642266965
934,-0.5537503573242676,-0.6528719668978944,-0.45462874775064077
935,-0.5539324608967474,-0.6530230619038361,-0.4548418598896588
936,-0.5541148392722922,-0.6531756566534732,-0.4550540218911112
937,-0.5542974958577845,-0.6533297332142217,-0.4552652585013473
938,-0.5544804340601037,-0.6534852702825811,-0.4554755978376264
939,-0.5546636572861382,-0.6536422433326694,-0.45568507123960694
940,-0.5548471689427776,-0.6538006247851593,-0.45589371310039595
941,-0.5550309726971212,-0.6539603856276232,-0.4561015597666193
942,-0.5552150747513592,-0.6541215081222665,-0.4563086413804519
943,-0.555399484127268,-0.6542839883414364,-0.4565149799130996
944,-0.5555842119102969,-0.6544478324098886,-0.4567205914107053
945,-0.5557692693455871,-0.6546130447974433,-0.45692549389373094
946,-0.5559546676782852,-0.6547796273359019,-0.45712970802066843
947,-0.5561404181535233,-0.6549475792355562,-0.4573332570714904
948,-0.5563265321130956,-0.6551168985786112,-0.45753616564757993
949,-0.5565130217124546,-0.655287593162175,-0.4577384502627343
950,-0.5566998995146323,-0.6554596743116183,-0.4579401247176463
951,-0.5568871780856939,-0.6556331507167681,-0.45814120545461967
952,-0.5570748699917077,-0.6558080283522045,-0.45834171163121096
953,-0.557262987798745,-0.6559843104625832,-0.4585416651349067
954,-0.5574515438602733,-0.6561620004338196,-0.458741087286727
955,-0.5576405496792337,-0.6563411103713409,-0.45893998898712657
956,-0.5578300165459495,-0.6565216523984685,-0.4591383806934306
957,-0.5580199557507709,-0.6567036357051357,-0.4593362757964061
958,-0.5582103785840212,-0.656887066487464,-0.4595336906805785
959,-0.5584012963360255,-0.6570719479073038,-0.45973064476474723
960,-0.558592720297131,-0.6572582800717424,-0.4599271605225197
961,-0.5587846617576625,-0.657446060032463,-0.4601232634828621
962,-0.5589771320079471,-0.6576352818050839,-0.4603189822108103
963,-0.5591701423383213,-0.6578259364084306,-0.460514348268212
964,-0.5593637040391146,-0.6580180119236663,-0.46070939615456297
965,-0.5595578284006584,-0.6582114935733165,-0.46090416322800026
966,-0.5597525267132862,-0.6584063638201293,-0.4610986896064432
967,-0.5599478102673314,-0.6586026024857216,-0.4612930180489413
968,-0.560143690353124,-0.6588001868889763,-0.46148719381727155
969,-0.5603401782585457,-0.6589990920069602,-0.4616812645101311
970,-0.5605372832901633,-0.6591992929462634,-0.46187527363406305
971,-0.5607350092006363,-0.6594007692317834,-0.46206924916948927
972,-0.5609333587768592,-0.65960349956334,-0.46226321799037856
973,-0.5611323348056904,-0.6598074607817931,-0.4624572088295876
974,-0.5613319400740203,-0.6600126279747905,-0.4626512521732501
975,-0.5615321773437648,-0.6602189746178213,-0.4628453800697083
976,-0.5617330426061231,-0.6604264773707271,-0.4630396078415191
977,-0.5619345106398959,-0.6606351260074522,-0.4632338952723395
978,-0.5621365515646274,-0.6608449117764008,-0.4634281913528539
979,-0.5623391354997658,-0.6610558239495118,-0.46362244705001976
980,-0.5625422325647463,-0.6612678495922525,-0.4638166155372402
981,-0.5627458128790033,-0.6614809733539264,-0.4640106524040801
982,-0.5629498444168581,-0.6616951782048359,-0.46420451062888035
983,-0.563154286572196,-0.6619104480119227,-0.46439812513246936
984,-0.5633590965937662,-0.662126764485839,-0.4645914287016933
985,-0.5635642317303379,-0.6623441059876577,-0.46478435747301805
986,-0.5637696492306696,-0.6625624472871238,-0.4649768511742155
987,-0.5639753063435236,-0.6627817593440569,-0.4651688533429902
988,-0.5641811603176595,-0.6630020091128883,-0.46536031152243074
989,-0.5643871684018502,-0.6632231593703228,-0.4655511774333776
990,-0.5645932878448516,-0.6634451685661586,-0.4657414071235446
991,-0.5647994758954207,-0.663667990697343,-0.4659309610934984
992,-0.5650056898023191,-0.6638915752051687,-0.46611980439946954
993,-0.5652118868143227,-0.6641158668956345,-0.4663079067330108
994,-0.5654180241801737,-0.6643408058829245,-0.4664952424774229
995,-0.5656240591486524,-0.664566327556056,-0.4666817907412488
996,-0.5658299489685027,-0.6647923625684312,-0.46686753536857417
997,-0.5660356508885094,-0.6650188368505421,-0.4670524649264767
998,-0.5662411221574104,-0.6652456716453818,-0.46723657266943897
999,-0.5664463200239757,-0.6654727835668431,-0.4674198564811082
1000,-0.5666512017369767,-0.6657000846807077,-0.4676023187932457
1001,-0.5668557245451644,-0.6659274826082527,-0.4677839664820761
1002,-0.5670598456973093,-0.6661548806523936,-0.46796481074222496
1003,-0.5672635224421629,-0.6663821779461093,-0.46814486693821655
1004,-0.5674667120284941,-0.6666092696231584,-0.4683241544338298
1005,-0.567669371705067,-0.666836047010839,-0.4685026963992951
1006,-0.5678714587206385,-0.6670623978447228,-0.46868051959655427
1007,-0.5680729303234369,-0.6672882065054373,-0.46885765414143643
1008,-0.5682737407739332,-0.6675133553870746,-0.4690341261607918
1009,-0.5684738343437183,-0.6677377278186112,-0.46920994086882556
1010,-0.5686731507660694,-0.6679612064590131,-0.46938509507312565
1011,-0.5688716199614147,-0.6681836758667983,-0.469559564056031
1012,-0.5690691693969536,-0.6684050195696558,-0.46973331922425143
1013,-0.5692657265398927,-0.6686251191027409,-0.46990633397704445
1014,-0.5694612188574341,-0.6688438540876813,-0.4700785836271868
1015,-0.5696555738167852,-0.6690611023288148,-0.47025004530475567
1016,-0.5698487187561089,-0.6692767400138291,-0.47042069749838866
1017,-0.5700405756871199,-0.6694906453730081,-0.47059050600123165
1018,-0.5702310593029359,-0.6697027002288719,-0.47075941837699997
1019,-0.5704200780910113,-0.6699127899196754,-0.4709273662623471
1020,-0.5706075343618771,-0.6701208033739479,-0.47109426534980625
1021,-0.5707933301181084,-0.6703266284461485,-0.47126003179006826
1022,-0.5709773673622746,-0.6705301515783078,-0.4714245831462414
1023,-0.5711595480969397,-0.6707312577190284,-0.471587838474851
1024,-0.5713397743246853,-0.6709298302593675,-0.4717497183900031
1025,-0.571517948048078,-0.6711257509854143,-0.47191014511074164
1026,-0.5716939697193871,-0.671318902332299,-0.4720690371064753
1027,-0.5718677335897272,-0.6715091742227464,-0.47222629295670804
1028,-0.5720391323599434,-0.6716964571440088,-0.472381807575878
1029,-0.5722080587308362,-0.6718806397362705,-0.47253547772540194
1030,-0.5723744054032404,-0.6720616086762753,-0.4726872021302054
1031,-0.5725380650779681,-0.6722392485786968,-0.4728368815772395
1032,-0.5726989304558622,-0.672413441915334,-0.47298441899639027
1033,-0.5728568942377258,-0.6725840689519853,-0.4731297195234662
1034,-0.5730118491243972,-0.67275100770319,-0.4732726905456044
1035,-0.5731636878166972,-0.6729141339044984,-0.47341324172889604
1036,-0.5733123023620976,-0.6730733243095601,-0.4735512804146351
1037,-0.5734575821947213,-0.6732284665858155,-0.47368669780362715
1038,-0.5735994160953464,-0.6733794492923395,-0.4738193828983532
1039,-0.5737376928447337,-0.6735261584642002,-0.47394922722526733
1040,-0.5738723012236665,-0.6736684775234006,-0.47407612492393236
1041,-0.5740031300129124,-0.6738062872083117,-0.4741999728175131
1042,-0.574130067993238,-0.6739394655218824,-0.4743206704645935
1043,-0.574253003945417,-0.6740678876984064,-0.4744381201924276
1044,-0.5743718266502363,-0.6741914261888787,-0.47455222711159395
1045,-0.5744864248884531,-0.6743099506648753,-0.47466289911203097
1046,-0.5745966874408466,-0.6744233280410769,-0.47477004684061624
1047,-0.574702503088189,-0.6745314225161827,-0.47487358366019544
1048,-0.5748037606112447,-0.6746340956324257,-0.4749734255900638
1049,-0.5749003487908005,-0.6747312063535398,-0.4750694912280613
1050,-0.5749921564076199,-0.6748226111611555,-0.47516170165408433
1051,-0.5750790722424757,-0.6749081641697192,-0.47524998031523213
1052,-0.5751609850761409,-0.6749877172598209,-0.47533425289246095
1053,-0.575237783689388,-0.6750611202299991,-0.475414447148777
1054,-0.5753093568629987,-0.6751282209670011,-0.47549049275899624
1055,-0.5753755934939802,-0.6751888660886617,-0.4755623208992986
1056,-0.5754363860892672,-0.6752429147662293,-0.475629857412305
1057,-0.5754916313780403,-0.6752902411382458,-0.47569302161783483
1058,-0.5755412263291173,-0.6753307187844673,-0.47575173387376735
1059,-0.5755850679113449,-0.6753642198909666,-0.47580591593172317
1060,-0.5756230530935486,-0.6753906153704637,-0.47585549081663336
1061,-0.5756550788445651,-0.6754097750001256,-0.47590038268900475
1062,-0.5756810434884462,-0.6754215715654659,-0.47594051541142646
1063,-0.5757008531423545,-0.6754258998671988,-0.47597580641751025
1064,-0.5757144167036454,-0.6754226618423732,-0.47600617156491765
1065,-0.5757216453106094,-0.6754117644383244,-0.47603152618289446
1066,-0.5757224590514823,-0.6753931376223561,-0.47605178048060853
1067,-0.575716780252023,-0.6753667160087163,-0.47606684449532966
1068,-0.5757045312379597,-0.6753324327308509,-0.47607662974506865
1069,-0.5756856343350568,-0.6752902194000091,-0.47608104927010453
1070,-0.575660011869036,-0.6752400060819562,-0.47608001765611585
1071,-0.5756275861656608,-0.6751817212922547,-0.4760734510390669
1072,-0.5755882795506643,-0.6751152920097322,-0.47606126709159635
1073,-0.5755420159676733,-0.6750406473649931,-0.47604338457035345
1074,-0.5754887302293774,-0.6749577394581011,-0.4760197210006537
1075,-0.5754283616246556,-0.6748665285845727,-0.47599019466473846
1076,-0.5753608524440733,-0.6747669794779088,-0.47595472541023787
1077,-0.5752861569294284,-0.674659080393793,-0.47591323346506387
1078,-0.5752042323103099,-0.6745428233312596,-0.47586564128936026
1079,-0.575115035816302,-0.6744181973957696,-0.47581187423683435
1080,-0.5750185246770162,-0.6742851886768207,-0.4757518606772117
1081,-0.5749146561220426,-0.674143780148249,-0.47568553209583625
1082,-0.5748033873809708,-0.6739939515912761,-0.47561282317066556
1083,-0.574684675683394,-0.6738356795404888,-0.47553367182629913
1084,-0.5745584782589087,-0.6736689372526263,-0.47544801926519115
1085,-0.5744247523371099,-0.6734936946984349,-0.47535580997578486
1086,-0.5742834551475945,-0.6733099185775617,-0.4752569917176272
1087,-0.5741345439199476,-0.673117572356579,-0.4751515154833162
1088,-0.5739779764095411,-0.6729166173290186,-0.47503933549006344
1089,-0.5738137204634901,-0.6727070307884442,-0.47492041013853603
1090,-0.573641753020246,-0.6724888038768875,-0.4747947021636045
1091,-0.5734620513432741,-0.6722619248291646,-0.4746621778573836
1092,-0.5732745926960443,-0.6720263783834173,-0.4745228070086713
1093,-0.5730793600660479,-0.6717821564513456,-0.4743765636807501
1094,-0.5728763627359962,-0.6715292960302215,-0.47422342944177087
1095,-0.572665617691815,-0.6712678441130249,-0.4740633912706052
1096,-0.5724471419227605,-0.6709978432123934,-0.47389644063312747
1097,-0.5722209524180696,-0.6707193312727266,-0.4737225735634125
1098,-0.5719870661669815,-0.6704323416172371,-0.4735417907167258
1099,-0.5717455001587468,-0.6701369029239334,-0.4733540973935603
1100,-0.571496271382601,-0.6698330392305675,-0.47315950353463443
1101,-0.5712393968277999,-0.6695207699688649,-0.4729580236867349
1102,-0.5709748934835733,-0.669200110027913,-0.4727496769392336
1103,-0.570702780013842,-0.6688710729679065,-0.4725344870597775
1104,-0.5704230863332405,-0.6685336888978991,-0.4723124837685818
1105,-0.5701358469897037,-0.6681879920388522,-0.4720837019405551
1106,-0.5698410965455787,-0.667834012149699,-0.47184818094145836
1107,-0.5695388695631923,-0.6674717746020618,-0.47160596452432285
1108,-0.5692292006048876,-0.6671013005124145,-0.47135710069736064
1109,-0.5689121243063018,-0.6667226070496692,-0.4711016415629343
1110,-0.5685876805417336,-0.6663357178142033,-0.4708396432692639
1111,-0.5682559178293454,-0.665940669645711,-0.47057116601297977
1112,-0.5679168854956954,-0.6655374972360353,-0.47029627375535554
1113,-0.567570635028901,-0.6651262362116456,-0.4700150338461565
1114,-0.5672172267230505,-0.6647069371424182,-0.46972751630368287
1115,-0.5668567297843701,-0.6642796663557846,-0.4694337932129556
1116,-0.5664892274416649,-0.6638445172925077,-0.46913393759082206
1117,-0.5661148057529396,-0.6634015860645581,-0.46882802544132113
1118,-0.565733550777219,-0.6629509652469983,-0.46851613630743966
1119,-0.5653455485734962,-0.6624927438890341,-0.4681983532579582
1120,-0.5649508852008089,-0.6620270075581045,-0.46787476284351337
1121,-0.5645496467181446,-0.6615538384147157,-0.46754545502157346
1122,-0.5641419191845284,-0.6610733153185323,-0.46721052305052446
1123,-0.5637277886589721,-0.6605855139655724,-0.4668700633523718
1124,-0.5633073413015344,-0.6600905074234865,-0.4665241751795823
1125,-0.5628806657092735,-0.6595883748003526,-0.4661729566181944
1126,-0.5624478529806739,-0.6590792016570793,-0.46581650430426846
1127,-0.5620089945070242,-0.6585630724819052,-0.4654549165321433
1128,-0.5615641834641157,-0.6580400792707668,-0.4650882876574647
1129,-0.5611135144817336,-0.6575103212183427,-0.4647167077451245
1130,-0.5606570833388351,-0.6569739053904669,-0.4643402612872034
1131,-0.5601949860002767,-0.6564309384553677,-0.46395903354518575
1132,-0.5597273184309153,-0.6558815251133435,-0.46357311174848703
1133,-0.5592541765956026,-0.6553257681658935,-0.4631825850253118
1134,-0.558775656045463,-0.6547637705047716,-0.4627875415861543
1135,-0.5582918499994521,-0.6541956430607966,-0.4623880569381077
1136,-0.5578028492423995,-0.6536215036373326,-0.46198419484746645
1137,-0.5573087442034216,-0.6530414695748413,-0.4615760188320019
1138,-0.5568096253116658,-0.652455656539072,-0.4611635940842595
1139,-0.5563055829959941,-0.6518641784988357,-0.4607469874931524
1140,-0.555796706248957,-0.6512671489407353,-0.46032626355717876
1141,-0.5552830779131147,-0.6506646846044853,-0.459901471221744
1142,-0.5547647743639574,-0.6500569049168364,-0.45947264381107844
1143,-0.5542418669878132,-0.6494439299143343,-0.4590398040612921
1144,-0.5537144219137843,-0.64882587988558,-0.4586029639419885
1145,-0.5531825048611085,-0.6482028731207085,-0.4581621366015086
1146,-0.5526461799396057,-0.6475750256846212,-0.45771733419459026
1147,-0.5521055032182886,-0.6469424518937763,-0.45726855454280074
1148,-0.5515605232945221,-0.6463052635479756,-0.4568157830410686
1149,-0.5510112813171909,-0.6456635694190331,-0.4563589932153487
1150,-0.5504578178052131,-0.645017474862197,-0.4558981607482292
1151,-0.5499001687360731,-0.6443670808614297,-0.45543325661071643
1152,-0.5493383605049043,-0.6437124830448613,-0.4549642379649472
1153,-0.5487724182914935,-0.6430537724809082,-0.4544910641020787
1154,-0.5482023672756061,-0.6423910354784599,-0.4540136990727523
1155,-0.5476282326370239,-0.6417243532517329,-0.45353211202231486
1156,-0.5470500395555175,-0.6410538016181909,-0.453046277492844
1157,-0.5464678132108672,-0.6403794507299697,-0.45255617569176476
1158,-0.5458815787828473,-0.6397013648390923,-0.4520617927266022
1159,-0.5452913614512296,-0.6390196020969003,-0.45156312080555877
1160,-0.5446971863957943,-0.6383342143879053,-0.4510601584036834
1161,-0.5440990787963151,-0.6376452471984944,-0.450552910394136
1162,-0.5434970638325682,-0.6369527395207704,-0.45004138814436606
1163,-0.5428911666843311,-0.6362567237918003,-0.44952560957686194
1164,-0.5422814125313732,-0.6355572258685472,-0.44900559919419913
1165,-0.5416678265534761,-0.6348542650388398,-0.44848138806811244
1166,-0.5410504336398048,-0.6341478539523528,-0.4479530133272567
1167,-0.5404292486108787,-0.6334379948286674,-0.44742050239309
1168,-0.5398042738771321,-0.632724678764918,-0.4468838689893463
1169,-0.5391755086855825,-0.6320078895522595,-0.4463431278189055
1170,-0.538542932591524,-0.6312875971448663,-0.44579826803818173
1171,-0.5379065025840689,-0.6305637568167584,-0.44524924835137947
1172,-0.5372661715564898,-0.6298363167797031,-0.4446960263332765
1173,-0.5366218924020553,-0.6291052197909752,-0.44413856501313537
1174,-0.5359736180140492,-0.6283704031119709,-0.4435768329161275
1175,-0.5353213012857481,-0.6276317984991862,-0.44301080407230997
1176,-0.534664895110427,-0.626889332227742,-0.44244045799311205
1177,-0.5340043523813617,-0.6261429251476794,-0.4418657796150439
1178,-0.533339625991824,-0.6253924927730897,-0.44128675921055843
1179,-0.5326706688351018,-0.6246379454043338,-0.4407033922658698
1180,-0.5319974338044614,-0.6238791882833501,-0.4401156793255728
1181,-0.5313198737931817,-0.6231161217823337,-0.43952362580402965
1182,-0.5306379416945336,-0.622348641625782,-0.43892724176328524
1183,-0.5299515889878088,-0.6215766386952577,-0.43832653928035986
1184,-0.5292607525547377,-0.6207999951912937,-0.4377215099181817
1185,-0.528565360665272,-0.6200185870482204,-0.43711213428232365
1186,-0.5278653372143435,-0.6192322857491946,-0.4364983886794923
1187,-0.5271605900348603,-0.6184409554346161,-0.43588022463510445
1188,-0.5264510231781128,-0.617644456726073,-0.43525758963015254
1189,-0.5257365406953799,-0.616842647963612,-0.4346304334271478
1190,-0.5250170464156958,-0.6160353853399813,-0.43399870749141034
1191,-0.5242924349943725,-0.6152225214325188,-0.4333623485562263
1192,-0.523562588851732,-0.614403905015608,-0.432721272687856
1193,-0.5228273895576284,-0.613579383472518,-0.43207539564273884
1194,-0.5220867186819043,-0.6127488030876553,-0.4314246342761532
1195,-0.5213404577944178,-0.6119120091974839,-0.43076890639135174
1196,-0.5205884884650065,-0.6110688463667151,-0.4301081305632979
1197,-0.5198306922635246,-0.6102191585900695,-0.4294422259369798
1198,-0.5190669501022216,-0.6093627895607614,-0.4287711106436818
1199,-0.5182971298515063,-0.6084995838353373,-0.42809467586767536
1200,-0.5175210676374516,-0.6076293894556295,-0.4274127458192738
1201,-0.5167385761747263,-0.6067520580835414,-0.4267250942659112
1202,-0.5159494661015843,-0.6058674423535556,-0.42603148984961303
1203,-0.5151535480563024,-0.604975395281837,-0.4253317008307679
1204,-0.5143506326771304,-0.6040757699501442,-0.42462549540411665
1205,-0.5135405306023447,-0.6031684192124568,-0.42391264199223266
1206,-0.5127230524702036,-0.6022531954242126,-0.42319290951619454
1207,-0.5118980089189722,-0.6013299501944694,-0.4224660676434749
1208,-0.5110652087776842,-0.6003985357306373,-0.4217318818247312
1209,-0.510224453638436,-0.5994588093598094,-0.42099009791706266
1210,-0.5093755432840886,-0.5985106285941219,-0.42024045797405535
1211,-0.5085182774975098,-0.5975538492568102,-0.41948270573820934
1212,-0.5076524560615603,-0.5965883251909676,-0.41871658693215297
1213,-0.5067778787591075,-0.595613907993388,-0.4179418495248271
1214,-0.5058943453730136,-0.5946304467737036,-0.4171582439723236
1215,-0.5050016556861345,-0.5936377879391131,-0.41636552343315586
1216,-0.5040996094813499,-0.592635775004889,-0.41556344395781086
1217,-0.5031880065415105,-0.5916242484308997,-0.4147517646521213
1218,-0.5022666466494892,-0.5906030454845316,-0.41393024781444676
1219,-0.5013353295881439,-0.5895720001300593,-0.4130986590462285
1220,-0.5003938551403414,-0.588530942944962,-0.4122567673357208
1221,-0.4994420230889415,-0.5874797010632311,-0.4114043451146518
1222,-0.4984796332168137,-0.5864180981460977,-0.4105411682875297
1223,-0.4975064853068187,-0.5853459543803032,-0.4096670162333341
1224,-0.49652237969490337,-0.5842630894607931,-0.40878166992901366
1225,-0.4955271198014157,-0.583169336143005,-0.4078849034598265
1226,-0.4945205101154873,-0.5820645294157667,-0.406976490815208
1227,-0.49350235512730806,-0.5809485007415577,-0.40605620951305843
1228,-0.49247245932706124,-0.5798210780284511,-0.4051238406256714
1229,-0.4914306288028439,-0.5786820906115135,-0.4041791669941742
1230,-0.4903766760343831,-0.5775313841566727,-0.4032219679120936
1231,-0.4893104152826841,-0.5763688061070427,-0.4022520244583255
1232,-0.48823166620952085,-0.5751942145313476,-0.4012691178876941
1233,-0.48714025463052035,-0.5740074799516356,-0.4002730293094051
1234,-0.48603600669605096,-0.572808469615698,-0.39926354377640394
1235,-0.4849187485564985,-0.5715970464526835,-0.39824045066031355
1236,-0.4837883067311205,-0.570373069757645,-0.39720354370459593
1237,-0.4826445158378411,-0.5691364119670116,-0.3961526197086707
1238,-0.4814872183847086,-0.5678869579701851,-0.39508747879923206
1239,-0.480316257206926,-0.5666245883556877,-0.3940079260581643
1240,-0.4791314751397084,-0.5653491785350653,-0.39291377174435144
1241,-0.4779327150182602,-0.5640605986136713,-0.3918048314228491
1242,-0.47671981967778665,-0.562758713292753,-0.3906809260628204
1243,-0.4754926319535006,-0.5614433818031732,-0.38954188210382795
1244,-0.47425099468060583,-0.5601144578709245,-0.3883875314902871
1245,-0.4729947506943096,-0.5587717897149109,-0.3872177116737082
1246,-0.47172374282982277,-0.5574152200770537,-0.3860322655825919
1247,-0.47043781392235035,-0.5560445862851101,-0.3848310415595906
1248,-0.46913680680710035,-0.5546597203483565,-0.3836138932658441
1249,-0.46782056431928204,-0.5532604490862968,-0.3823806795522673
1250,-0.4664889292940985,-0.5518465942906826,-0.3811312642975144
1251,-0.4651417445667623,-0.5504179729209194,-0.3798655162126052
1252,-0.4637788529724798,-0.5489743973330042,-0.3785833086119553
1253,-0.4624000973464605,-0.5475156755421909,-0.37728451915073
1254,-0.46100532052390325,-0.5460416115194493,-0.3759690295283572
1255,-0.4595943658270818,-0.5445520062953614,-0.3746367253588022
1256,-0.45816709628976304,-0.54304668876924,-0.373287503810286
1257,-0.45672340992874105,-0.5415255398876868,-0.37192127996979535
1258,-0.45526321472417963,-0.5399884527727178,-0.3705379766756415
1259,-0.4537864392377963,-0.5384353491113112,-0.36913752936428146
1260,-0.45229301717671033,-0.5368661550154941,-0.36771987933792655
1261,-0.45078288224804125,-0.5352807930432144,-0.36628497145286815
1262,-0.4492559681588943,-0.5336791822826977,-0.36483275403509086
1263,-0.44771220861639593,-0.5320612384695896,-0.36336317876320223
1264,-0.446151538085755,-0.5304268752721855,-0.3618762008993245
1265,-0.444573906934094,-0.5287760270936234,-0.3603717867745646
1266,-0.44297928062194536,-0.5271086478015845,-0.3588499134423062
1267,-0.44136762520610956,-0.5254246890452372,-0.35731056136698197
1268,-0.439738906743391,-0.5237240994934704,-0.3557537139933115
1269,-0.4380930919260629,-0.5220068259345283,-0.35417935791759747
1270,-0.4364301627721367,-0.5202728349876499,-0.35258749055662353
1271,-0.4347501170304393,-0.5185221136604841,-0.35097812040039456
1272,-0.4330529531663044,-0.5167546473541754,-0.34935125897843333
1273,-0.43133866964506584,-0.5149704189688912,-0.34770692032124056
1274,-0.42960726493204926,-0.5131694090984387,-0.34604512076565985
1275,-0.427858737492591,-0.5113515962604838,-0.3443658787246982
1276,-0.4260930857920189,-0.5095169571625503,-0.34266921442148746
1277,-0.4243103082956622,-0.5076654670039911,-0.3409551495873333
1278,-0.42251040347384494,-0.5057970998212888,-0.339223707126401
1279,-0.4206933813837237,-0.503911845651612,-0.33747491711583544
1280,-0.4188592965248851,-0.5020097583126761,-0.3357088347370941
1281,-0.41700823639974005,-0.5000909386358336,-0.33392553416364645
1282,-0.4151403126504394,-0.49815552142024655,-0.3321251038806322
1283,-0.41325564173005414,-0.4962036471418464,-0.3303076363182619
1284,-0.41135434460928993,-0.49423546155594633,-0.32847322766263354
1285,-0.40943656473719564,-0.4922511420101643,-0.326621987464227
1286,-0.40750246771150833,-0.49025089677477807,-0.3247540386482386
1287,-0.4055522277083704,-0.4882349448555804,-0.3228695105611604
1288,-0.40358603588029246,-0.4862035283741679,-0.320968543386417
1289,-0.4016041016461148,-0.48415691446091946,-0.3190512888313102
1290,-0.39960666639648135,-0.4820954157745382,-0.3171179170184245
1291,-0.3975939913026914,-0.48001937170393116,-0.31516861090145165
1292,-0.39556634130986246,-0.47792912340364346,-0.31320355921608145
1293,-0.3935239815269544,-0.47582500784026394,-0.31122295521364485
1294,-0.3914671847250347,-0.4737073694785321,-0.30922699997153735
1295,-0.38939623444847765,-0.4715765648948221,-0.3072159040021332
1296,-0.3873114150504604,-0.4694329463273825,-0.3051898837735383
1297,-0.38521301088418064,-0.46727686001511637,-0.3031491617532449
1298,-0.38310130630281397,-0.46510864588813794,-0.30109396671749
1299,-0.3809765856595518,-0.46292863730805195,-0.2990245340110516
1300,-0.3788391335089048,-0.4607371612539573,-0.2969411057638523
1301,-0.37668924003705345,-0.4585345488532673,-0.29484393122083963
1302,-0.37452720168157727,-0.4563211365457957,-0.29273326681735884
1303,-0.3723533168267229,-0.45409725798107364,-0.29060937567237216
1304,-0.3701678903407397,-0.45186325429375107,-0.28847252638772836
1305,-0.36797122871287563,-0.44961946310686635,-0.2863229943188849
1306,-0.36576363879251156,-0.4473662158645938,-0.2841610617204293
1307,-0.3635454310198707,-0.44510384779397194,-0.28198701424576944
1308,-0.3613169178970872,-0.4428326932627767,-0.2798011425313977
1309,-0.3590784119508279,-0.4405530794170067,-0.2776037444846491
1310,-0.3568302257077726,-0.43826532603329027,-0.27539512538225497
1311,-0.3545726716945947,-0.4359697454955156,-0.27317559789367385
1312,-0.35230606238008005,-0.43366664372317004,-0.27094548103699007
1313,-0.35003070930068786,-0.43135633173853694,-0.2687050868628388
1314,-0.34774692298544446,-0.4290391255134014,-0.2664547204574875
1315,-0.34545501389098093,-0.42671533524688665,-0.2641946925350752
1316,-0.34315529247391013,-0.4243852645769616,-0.2619253203708587
1317,-0.340848069190861,-0.4220492105572534,-0.25964692782446863
1318,-0.3385336544984531,-0.41970746367760053,-0.2573598453193056
1319,-0.33621235885330186,-0.41736030792850365,-0.2550644097781001
1320,-0.33388449271203824,-0.41500802090945926,-0.2527609645146172
1321,-0.33155036653128117,-0.41265087398115297,-0.2504498590814094
1322,-0.3292102888389804,-0.41028913321123733,-0.24813144446672347
1323,-0.32686456044840156,-0.4079230619978601,-0.245806058898943
1324,-0.3245134802148986,-0.4055529192670956,-0.24347404116270166
1325,-0.32215734263868057,-0.40317895961605454,-0.2411357256613066
1326,-0.31979643328208146,-0.4008014344053449,-0.23879143215881804
1327,-0.3174310366102782,-0.39842059081269043,-0.23644148240786597
1328,-0.3150614370884528,-0.39603667176819535,-0.23408620240871025
1329,-0.3126879191817723,-0.3936499160846897,-0.23172592227885488
1330,-0.3103107673554262,-0.39126055862443326,-0.2293609760864191
1331,-0.307930266074584,-0.3888688305020063,-0.2269917016471617
1332,-0.3055466998044243,-0.38647495932340925,-0.22461844028543929
1333,-0.3031603530101236,-0.38407916946115694,-0.22224153655909032
1334,-0.30077150900490934,-0.3816816821379577,-0.21986133587186096
1335,-0.29838043787133867,-0.3792827134251924,-0.21747816231748499
1336,-0.2959874011986624,-0.3768824756076108,-0.21509232678971402
1337,-0.2935926534291578,-0.3744811773970219,-0.21270412946129372
1338,-0.2911964333663474,-0.3720790221305032,-0.21031384460219155
1339,-0.28879897769771307,-0.36967621127514605,-0.2079217441202801
1340,-0.28640052311075365,-0.36727294506150193,-0.20552810116000536
1341,-0.2840012997009716,-0.36486942058912997,-0.20313317881281323
1342,-0.28160150227881275,-0.36246582310021097,-0.20073718145741454
1343,-0.27920131257085135,-0.3600623328192323,-0.1983402923224704
1344,-0.27680091224009845,-0.35765912882794043,-0.19594269565225647
1345,-0.2744004829495826,-0.35525638894167133,-0.1935445769574938
1346,-0.272000206362325,-0.3528542895971226,-0.19114612312752743
1347,-0.26960026046841257,-0.35045300440219795,-0.18874751653462718
1348,-0.2672008033918607,-0.34805269799169897,-0.18634890879202243
1349,-0.26480198657083387,-0.3456535307221779,-0.18395044241948982
1350,-0.2624039614384631,-0.3432556609756449,-0.18155226190128132
1351,-0.2600068794278742,-0.34085924501764275,-0.17915451383810566
1352,-0.2576108876070442,-0.33846443510018165,-0.17675734011390679
1353,-0.25521611120291393,-0.3360713721354699,-0.174360850270358
1354,-0.2528226528198617,-0.33368018492747165,-0.17196512071225178
1355,-0.2504306010671761,-0.3312909932917012,-0.16957020884265092
1356,-0.24804004410352243,-0.3289039133271839,-0.16717617487986097
1357,-0.2456510700875444,-0.3265190573162764,-0.16478308285881238
1358,-0.24326376717789472,-0.32413653347752297,-0.16239100087826647
1359,-0.2408782235332304,-0.3217564457583847,-0.1600000013080761
1360,-0.2384945273122056,-0.3193788936679134,-0.15761016095649782
1361,-0.23611276667347117,-0.31700397214943415,-0.15522156119750818
1362,-0.23373302977567806,-0.31463177149327176,-0.15283428805808436
1363,-0.23135540477748126,-0.3122623772894795,-0.15044843226548305
1364,-0.2289799798375345,-0.3098958704206004,-0.14806408925446857
1365,-0.22660684311449233,-0.3075323270944338,-0.1456813591345509
1366,-0.22423608276700335,-0.3051718189167105,-0.14330034661729615
1367,-0.22186778436538399,-0.3028144118824747,-0.14092115684829326
1368,-0.21950201286629065,-0.3004601586625435,-0.13854386707003777
1369,-0.21713879601545116,-0.2981090914692269,-0.13616850056167545
1370,-0.21477813325461542,-0.2957612256096326,-0.13379504089959826
1371,-0.21242002262241186,-0.29341657072801103,-0.1314234745168127
1372,-0.21006446215748167,-0.29107513126401796,-0.1290537930509454
1373,-0.2077114490405667,-0.2887369060180436,-0.12668599206308986
1374,-0.20536096595706174,-0.28640188270117023,-0.12432004921295327
1375,-0.20301298351947844,-0.2840700387268533,-0.12195592831210356
1376,-0.20066747197202467,-0.28174134568070464,-0.11959359826334472
1377,-0.19832440155889172,-0.2794157693914412,-0.11723303372634222
1378,-0.19598374252430142,-0.2770932699000579,-0.11487421514854493
1379,-0.1936454651124484,-0.2747738014715517,-0.11251712875334507
1380,-0.19130953555507954,-0.2724573114347046,-0.11016175967545448
1381,-0.18897590403412845,-0.2701437366008546,-0.10780807146740227
1382,-0.18664451671905385,-0.26783300692101736,-0.10545602651709035
1383,-0.18431531954815664,-0.2655250466835017,-0.10310559241281159
1384,-0.1819882494729241,-0.26321977265633345,-0.10075672628951475
1385,-0.17966323177067187,-0.2609170935658897,-0.098409369975454
1386,-0.17734019093848907,-0.2586169125335518,-0.09606346934342634
1387,-0.1750190507923496,-0.2563191272339471,-0.09371897435075209
1388,-0.17269972495653946,-0.2540236290590724,-0.09137582085400651
1389,-0.17038211920977903,-0.2517303034384446,-0.08903393498111344
1390,-0.1680661391289482,-0.24943903062822448,-0.08669324762967191
1391,-0.16575169029094894,-0.24714968579227417,-0.0843536947896237
1392,-0.16343867827266828,-0.24486213910272908,-0.08201521744260748
1393,-0.16112700865100182,-0.24257625587999354,-0.0796777614220101
1394,-0.15881658700283674,-0.2402918967718239,-0.07734127723384958
1395,-0.15650731890507474,-0.238008917971476,-0.07500571983867349
1396,-0.15419910991118715,-0.23572717148703276,-0.07267104833534153
1397,-0.15189186007882763,-0.23344650840816827,-0.07033721174948698
1398,-0.1495854547386795,-0.23116678429503473,-0.06800412518232431
1399,-0.1472797765601136,-0.2288878527844126,-0.06567170033581458
1400,-0.1449747082124922,-0.22660956420707218,-0.0633398522179122
1401,-0.14267013101480477,-0.22433176733592494,-0.061008494693684606
1402,-0.1403659208845251,-0.22205431444519325,-0.05867752732385696
1403,-0.1380619523887676,-0.2197770564655595,-0.056346848311975686
1404,-0.13575810009462247,-0.2174998413857737,-0.05401635880347125
1405,-0.1334542385692065,-0.2152225143244248,-0.0516859628139882
1406,-0.1311502423796062,-0.21294491763550255,-0.049355567123709865
1407,-0.1288459859756682,-0.2106668916577863,-0.04702508029355014
1408,-0.12654134109632686,-0.20838828849438185,-0.044694393698271884
1409,-0.1242361766388371,-0.20610897283627733,-0.04236338044139687
1410,-0.1219303613272181,-0.20382880835346281,-0.04003191430097339
1411,-0.11962376348860043,-0.2015476657727866,-0.03769986120441428
1412,-0.11731625116028692,-0.199265420131322,-0.03536708218925183
1413,-0.11500769237299986,-0.19698194372460792,-0.033033441021391816
1414,-0.11269795515744055,-0.19469710580257843,-0.030698804512302683
1415,-0.11038690754430167,-0.19241077246166916,-0.02836304262693419
1416,-0.10807441756429927,-0.19012280657256306,-0.026026028556035474
1417,-0.10576035324815251,-0.18783306774346603,-0.023687638752838983
1418,-0.10344458262655011,-0.18554141231886986,-0.021347752934230357
1419,-0.10112697373020595,-0.18324769341377406,-0.019006254046637833
1420,-0.09880739458981912,-0.18095176098316157,-0.01666302819647665
1421,-0.0964857132361054,-0.17865346192675308,-0.014317964545457723
1422,-0.09416179849291396,-0.17635264300110667,-0.011970953984721255
1423,-0.09183552388784445,-0.17404916461390202,-0.009621883161786901
1424,-0.0895067646758148,-0.1717428904553941,-0.0072706388962354845
1425,-0.08717539766552478,-0.16943368622670757,-0.004917109104341996
1426,-0.08484130918287862,-0.1671214435017162,-0.0025611748640410326
1427,-0.08250439213465681,-0.16480607055814328,-2.027137111703381e-4
1428,-0.08016454271276068,-0.16248748173165736,0.0021583963061360123
1429,-0.07782166358536312,-0.16016560584202533,0.0045222786712990765
1430,-0.07547565829692023,-0.1578403706260367,0.006889054032196251
1431,-0.07312643039188281,-0.15551170014323124,0.009258839359465615
1432,-0.07077388543508158,-0.1531795195718143,0.011631748701651165
1433,-0.06841793707293778,-0.15084376988597564,0.014007895740100085
1434,-0.06605850097221647,-0.1485043927329389,0.016387390788505957
1435,-0.0636954927997043,-0.14616132527593312,0.01877033967652454
1436,-0.06132883048243389,-0.1438145052068492,0.021156844241981436
1437,-0.05895844098836211,-0.1414638860781667,0.023547004101442483
1438,-0.056584253545698765,-0.13910942155964084,0.0259409144682433
1439,-0.054206197382652664,-0.13675106008203458,0.028338665316729246
1440,-0.051824201727421006,-0.13438874469714687,0.030740341242304854
1441,-0.04943819580822852,-0.1320224129799237,0.033146021363466664
1442,-0.04704810885326596,-0.12965199697237684,0.035555779265844925
1443,-0.044653870090742766,-0.12727742316947932,0.037969682987993796
1444,-0.04225540874886584,-0.12489861254683982,0.04038779504910814
1445,-0.0398526540558397,-0.12251548063011405,0.04281017251843466
1446,-0.037445535239871215,-0.12012793760607735,0.04523686712633491
1447,-0.03503398152916808,-0.11773588847526628,0.04766792541693012
1448,-0.03261792482046533,-0.11533923879796698,0.05010338915703633
1449,-0.030197307684551238,-0.11293791155593835,0.05254329618683587
1450,-0.027772078053883285,-0.11053183623122068,0.05498768012345411
1451,-0.0253421946333077,-0.10812096012545469,0.0574365708588393
1452,-0.0229076188207963,-0.10570523170654479,0.0598899940649522
1453,-0.020468313923435434,-0.10328459906202395,0.06234797121515307
1454,-0.018024253894879362,-0.10085902806190367,0.06481052027214493
1455,-0.015575416378023305,-0.0984284880275467,0.06727765527150009
1456,-0.013121779061419566,-0.09599294424280312,0.069749386119964
1457,-0.010663324722443066,-0.09355236849324654,0.0722257190483604
1458,-0.00820004602173127,-0.09110674907441411,0.07470665703095157
1459,-0.005731936755404985,-0.08865607265148154,0.07719219914067157
1460,-0.003258990719623427,-0.08620032193175499,0.07968234049250812
1461,-7.812017105297127e-4,-0.08373947572997283,0.0821770723089134
1462,0.0017014364757413035,-0.08127350907057895,0.08467638202206157
1463,0.0041889300117983665,-0.07880239339314536,0.08718025341674208
1464,0.006681280417277002,-0.07632610653371782,0.08968866736827183
1465,0.009178479662672373,-0.07384464325182546,0.09220160257717022
1466,0.01168051854630366,-0.07135799753183848,0.0947190346244458
1467,0.014187387866469376,-0.06886616021071064,0.0972409359436494
1468,0.016699077174142006,-0.0663691218399885,0.09976727618827252
1469,0.01921556680164183,-0.06386689014605132,0.10229802374933497
1470,0.021736832949464154,-0.06135947903126983,0.10483314493019814
1471,0.024262851798635035,-0.05884689971802211,0.10737260331529218
1472,0.02679359723316721,-0.056329165942487755,0.10991636040882218
1473,0.029329033949212036,-0.05380630937312411,0.11246437727154818
1474,0.03186912434592077,-0.05127836424699695,0.1150166129388385
1475,0.03441382864962989,-0.04874536724970047,0.11757302454896026
1476,0.036963098395339726,-0.0462073723623261,0.12013356915300555
1477,0.039516882945227094,-0.04366443590559767,0.12269820179605186
1478,0.04207513166146399,-0.04111661156757974,0.12526687489050772
1479,0.044637793906236706,-0.03856395042956284,0.12783953824203625
1480,0.0472048190416964,-0.036006501027173,0.1304161391105658
1481,0.04977615572731799,-0.03344431114603639,0.13299662260067238
1482,0.05235174585331569,-0.03087744256147866,0.13558093426811002
1483,0.05493152733084807,-0.02830596422897979,0.13816901889067593
1484,0.057515433068341594,-0.025729955033591136,0.14076082117027433
1485,0.06010338974535147,-0.023149506745070866,0.1433562862357738
1486,0.06269531727109261,-0.020564725454330773,0.145955359996516
1487,0.06529113294454846,-0.017975720773688156,0.14855798666278508
1488,0.06789075372838603,-0.015382599952068546,0.15116410740884062
1489,0.07049409016190489,-0.012785483947368823,0.1537736642711786
1490,0.07310104156973538,-0.010184519984962587,0.15638660312443334
1491,0.07571149991241902,-0.00757987095605446,0.15900287078089248
1492,0.07832535570744188,-0.004971698802824387,0.16162241021770815
1493,0.08094249947231469,-0.002360160190984506,0.16424515913561388
1494,0.0835628217245398,2.545938139305731e-4,0.16687104963514904
1495,0.08618621298160196,0.002872418022022219,0.1695000079411817
1496,0.08881256376101264,0.0054931733461656,0.1721319541758597
1497,0.09144176458027471,0.00811672698064636,0.17476680217990306
1498,0.0940737059568774,0.010742952531365757,0.17740445938238905
1499,0.09670827840832794,0.01337173009753477,0.1800448267191211
1500,0.09934537245211511,0.016002946304777665,0.18268779859945256
1501,0.10198487860575803,0.018636494289775568,0.1853332629217405
1502,0.10462668738674005,0.02127227363623957,0.18798110113724054
1503,0.10727068931256407,0.02391019026252071,0.19063118836260745
1504,0.1099167749007313,0.026550156260681593,0.193283393540781
1505,0.11256483466873966,0.029192089687212527,0.1959375796502668
1506,0.11521475848332417,0.031835911277502404,0.19859360568914594
1507,0.11786643360813856,0.03448153505316276,0.20125133216311436
1508,0.1205197454829115,0.03712887092041409,0.2039106200454089
1509,0.12317457373040953,0.03977780263816409,0.206571344822655
1510,0.1258307951410395,0.04242820318390887,0.20923338709817013
1511,0.12848828638982898,0.045079949395672725,0.21189662338398524
1512,0.13114692389821972,0.04773292074975985,0.2145609270466796
1513,0.13380658258405723,0.050386990101887366,0.2172261750662271
1514,0.13646713681299297,0.05304203058816309,0.21989224303782284
1515,0.13912846094983145,0.0556979196792913,0.2225590022203716
1516,0.14179042935188582,0.05835453907301483,0.22522631963075682
1517,0.14445291590935166,0.061011768578023984,0.22789406324067935
1518,0.147115793411115,0.0636694765882814,0.2305621102339486
1519,0.14977893398826084,0.0663275251256214,0.23323034285090027
1520,0.15244220972004935,0.06898577924191919,0.23589864019817952
1521,0.15510549268575075,0.07164410791025981,0.23856687746124167
1522,0.1577686549646275,0.07430238406385448,0.24123492586540052
1523,0.16043156864294686,0.0769604819253622,0.24390265536053152
1524,0.16309410583485953,0.0796182688795625,0.24656994279015657
1525,0.1657561386615172,0.08227561335022501,0.24923666397280939
1526,0.16841753924407588,0.08493238748662175,0.25190269100153
1527,0.17107817970367376,0.08758846716832198,0.25456789223902554
1528,0.1737379321628587,0.09024373195228105,0.25723213237343634
1529,0.17639666904037624,0.09289806053001176,0.2598952775507407
1530,0.1790542634158439,0.0955513249978868,0.26255720183380105
1531,0.18171058845831803,0.09820339937118033,0.2652177775454557
1532,0.18436551733681825,0.10085416091607101,0.26787687375756547
1533,0.18701892323781652,0.10350348994681774,0.2705343565288153
1534,0.18967068006658253,0.1061512634252363,0.27319009670792876
1535,0.19232066270038392,0.10879735249962118,0.27584397290114665
1536,0.1949687468459465,0.11144162459877768,0.2784958690931153
1537,0.19761480937137826,0.11408394084635758,0.28114567789639894
1538,0.20025872724234778,0.11672416434509479,0.28379329013960075
1539,0.2029003774245099,0.11936216102833243,0.28643859382068737
1540,0.20553963731002745,0.12199779710116336,0.2890814775188915
1541,0.208176385997121,0.12463093116644954,0.29172184082779246
1542,0.21081050301052778,0.12726142212250982,0.2943595838985458
1543,0.21344186787497774,0.1298891319155405,0.296994603834415
1544,0.21607036011521724,0.1325139256516271,0.29962679457880736
1545,0.21869585925596868,0.1351356716762231,0.3022560468357143
1546,0.22131824482196977,0.1377542416211998,0.3048822480227397
1547,0.22393739633796972,0.14036951041937804,0.3075052822565614
1548,0.22655319332868354,0.14298135628651126,0.3101250303708558
1549,0.22916551629871826,0.14558965629618253,0.312741376301254
1550,0.23177425031187543,0.14819427033786947,0.3153542302858814
1551,0.2343792817902294,0.15079505547241462,0.3179635081080442
1552,0.23698049715657643,0.1533918721776268,0.3205691221355261
1553,0.23957778283374814,0.15598458452225483,0.32317098114524145
1554,0.2421710252445537,0.15857306030289514,0.32576899018621225
1555,0.2447601108118128,0.16115717114749561,0.32836305047612996
1556,0.24734492595834823,0.16373679258529183,0.3309530593314046
1557,0.24992535778378494,0.1663118016106556,0.33353891395691426
1558,0.2525012960949603,0.16888206930730854,0.33612052288261207
1559,0.2550726313755078,0.17144746837878425,0.33869779437223135
1560,0.2576392541090836,0.17400787572531662,0.3412706324928506
1561,0.2602010547793196,0.1765631725122564,0.3438389370463828
1562,0.2627579238698669,0.17911324420400515,0.34640260353572866
1563,0.2653097518643548,0.18165798056328142,0.34896152316542817
1564,0.2678564292464455,0.18419727561589277,0.3515155828769982
1565,0.2703978465018835,0.18673102757440957,0.3540646654293574
1566,0.27293389525012834,0.18925913529504101,0.3566086552052157
1567,0.2754644701100233,0.19178149254038024,0.35914744767966633
1568,0.27798946619075776,0.19429799561005384,0.3616809367714617
1569,0.2805087790127508,0.1968085436166475,0.36420901440885406
1570,0.28302230713570875,0.19931303094140718,0.3667315833300103
1571,0.28552995048155355,0.20181135207109646,0.36924854889201064
1572,0.2880316089786238,0.20430340549492504,0.37175981246232254
1573,0.29052718339395117,0.20678909146879926,0.3742652753191031
1574,0.2930165778494016,0.2092683053168168,0.37676485038198637
1575,0.2954996973055065,0.2117409442254828,0.3792584503855302
1576,0.29797644672282686,0.21420690952247498,0.3817459839231787
1577,0.30044673106190617,0.2166661066779454,0.38422735544586695
1578,0.30291045528329585,0.21911844527067306,0.3867024652959187
1579,0.3053675243475421,0.2215638389190142,0.38917120977607
1580,0.3078178432151906,0.22400220517672895,0.39163348125365227
1581,0.31026131684680686,0.2264334653937492,0.3940891682998645
1582,0.3126978502029216,0.22885754454187673,0.3965381558639665
1583,0.3151273482440885,0.23127437100561676,0.39898032548256024
1584,0.3175497168688495,0.23368387426154505,0.4014155594761539
1585,0.31996486574441557,0.2360859783953583,0.40384375309347287
1586,0.32237270801389933,0.2384806027874815,0.40626481324031716
1587,0.3247731640706588,0.24086765406458394,0.4086786740767337
1588,0.32716615596408843,0.2432470382590951,0.41108527366908176
1589,0.3295516059576001,0.24561866401508162,0.41348454790011857
1590,0.3319294395024655,0.24798243663000483,0.41587644237492616
1591,0.33429958550471556,0.25033825773359253,0.4182609132758386
1592,0.33666197693625455,0.25268602443648913,0.42063792943601996
1593,0.33901654776972806,0.25502563567765624,0.4230074598617999
1594,0.34136323197773194,0.25735699443714405,0.42536946951831983
1595,0.3437019635329044,0.25968000792828616,0.4277239191375226
1596,0.3460326764078498,0.2619945877524439,0.4300707650632557
1597,0.3483553045751805,0.26430065001660585,0.43240995913375513
1598,0.350669782007528,0.2665981154136888,0.43474144860136726
1599,0.3529760426775081,0.26888690926549813,0.43706517608951806
1600,0.35527402055772694,0.27116696152850334,0.43938107958695055
1601,0.3575636496208217,0.2734382067624289,0.4416890924792145
1602,0.35984486383939535,0.2757005840615695,0.4439891436172212
1603,0.3621175971860759,0.2779540369491384,0.4462811574230134
1604,0.3643817836334681,0.28019851323448863,0.4485650540324476
1605,0.3666373571542047,0.282433964833489,0.4508407494749204
1606,0.3688842517208994,0.28466034755200753,0.45310815588979125
1607,0.37112240130616975,0.28687762083270757,0.4553671817796319
1608,0.3733517410286205,0.28908574574133455,0.45761773631590646
1609,0.3755722106649419,0.2912846794368354,0.4598597418930484
1610,0.3777837540196331,0.29347437608485055,0.46209313195441565
1611,0.37998631864074794,0.29565478724888494,0.46431785003261095
1612,0.38217985232652696,0.29782586695515195,0.46653383769790197
1613,0.3843643028752123,0.29998757192712244,0.4687410338233021
1614,0.38653961927517877,0.3021398597950531,0.47093937875530445
1615,0.38870575527530354,0.30428268411907766,0.4731288264315294
1616,0.39086266581458545,0.3064159992578517,0.4753093323713192
1617,0.39301030704195417,0.3085397603395389,0.47748085374436944
1618,0.39514863994614785,0.3106539185316528,0.4796433613606429
1619,0.3972776267257902,0.3127584258203563,0.4817968276312241
1620,0.3993972295795409,0.3148532365600354,0.48394122259904637
1621,0.4015074107060513,0.3169383074076168,0.48607651400448576
1622,0.4036081323039825,0.3190135972240198,0.48820266738394524
1623,0.40569935786763495,0.32107906544401776,0.49031965029125213
1624,0.40778106126146074,0.3231346616025701,0.4924274609203514
1625,0.40985322581247974,0.3251803268845975,0.49452612474036195
1626,0.4119158375700693,0.32721600236264026,0.4966156727774983
1627,0.41396888760323935,0.3292416269032391,0.4986961483032396
1628,0.41601236809387465,0.33125714189822253,0.5007675942895268
1629,0.4180462712340612,0.33326249279226355,0.5028300496758588
1630,0.4200705913738603,0.3352576271583739,0.5048835555893467
1631,0.42208532767817536,0.33724249236542003,0.5069281629909307
1632,0.4240904799633722,0.3392170402492626,0.5089639196774818
1633,0.4260860480458193,0.34118122806767526,0.5109908680239633
1634,0.42807203174188113,0.34313501873672775,0.5130090447470346
1635,0.4300484308679388,0.3450783810224104,0.5150184807134672
1636,0.4320152452403383,0.3470112896874102,0.5170192007932664
1637,0.43397247467547123,0.3489337255931923,0.5190112237577502
1638,0.4359201189896968,0.35084567575721937,0.5209945622221742
1639,0.4378581779993831,0.35274713336556507,0.5229692226332011
1640,0.43978665152090074,0.3546380977409318,0.5249352053008697
1641,0.44170553937060714,0.3565185742661499,0.5268925044750643
1642,0.4436148426558018,0.35838857312837485,0.5288411121832288
1643,0.44551456764749925,0.36024810581457584,0.5307810294804227
1644,0.44740472190758807,0.3620971884840575,0.5327122553311187
1645,0.4492853129980032,0.363935842997033,0.5346347829989733
1646,0.4511563484806514,0.36576409675499033,0.5365486002063125
1647,0.45301783601954587,0.36758198240826045,0.5384536896308313
1648,0.4548697879077189,0.3693895336428382,0.5403500421725996
1649,0.45671222558750985,0.37118678105585473,0.5422376701191649
1650,0.45854517329946404,0.3729737576811699,0.5441165889177582
1651,0.4603686603943808,0.3747504968739842,0.5459868239147774
1652,0.46218271750060774,0.37651703571617723,0.5478483992850383
1653,0.4639873752464844,0.37827341612570164,0.5497013343672672
1654,0.46578266560015813,0.3800196835550357,0.5515456476452806
1655,0.4675686255770322,0.3817558834998058,0.5533813676542586
1656,0.46934529338084385,0.38348206501840915,0.5552085217432785
1657,0.4711127072153064,0.3851982817819031,0.5570271326487097
1658,0.47287090652554925,0.3869045907870985,0.558837222264
1659,0.4746199357221532,0.3886010486465341,0.5606388227977723
1660,0.4763598414771041,0.3902877141240608,0.5624319688301473
1661,0.47809067534879907,0.3919646454342277,0.5642167052633704
1662,0.479812490357229,0.39363190368014417,0.5659930770343139
1663,0.48152533952261023,0.3952895543325628,0.5677611247126576
1664,0.4832292758651694,0.39693766721073753,0.5695208845196013
1665,0.48492435240515613,0.39857631642444347,0.5712723883858688
1666,0.4866106221627677,0.40020558027758,0.5730156640479553
1667,0.4882881381582714,0.4018255411338642,0.5747507351826786
1668,0.48995695341188394,0.40343628524441927,0.5764776215793486
1669,0.4916171209438263,0.40503790253792293,0.5781963393497297
1670,0.4932686943557589,0.40663048566831966,0.579906903043198
1671,0.4949117326726846,0.4082141238594115,0.5816093414859578
1672,0.49654630135054956,0.4097889014482591,0.58330370125284
1673,0.4981724669807175,0.4113549043180631,0.5849900296433719
1674,0.499790296154491,0.4129122212300935,0.5866683710788885
1675,0.5013998566287919,0.4144609421491857,0.5883387711083982
1676,0.5030012232816081,0.41600115009893346,0.5900012964642828
1677,0.5045944753663775,0.41753292494845307,0.5916560257843019
1678,0.5061796923239532,0.4190563492412648,0.5933030354066416
1679,0.5077569537537611,0.420571508296639,0.5949423992108831
1680,0.5093263422993226,0.4220784859497041,0.5965741986489411
1681,0.5108879433465505,0.4235773651575018,0.5981985215355993
1682,0.5124418423793724,0.42506823211944206,0.5998154526393027
1683,0.513988124881719,0.42655117652393754,0.6014250732395003
1684,0.5155268763375224,0.42802629161101013,0.6030274610640346
1685,0.5170581822307062,0.4294936741985348,0.6046226902628776
1686,0.5185821280452193,0.4309534246725114,0.6062108314179272
1687,0.5200988001312609,0.4324056453225493,0.6077919549399724
1688,0.5216082883042397,0.4338504354797026,0.6093661411287767
1689,0.5231106832458576,0.43528789645572336,0.6109334700359919
1690,0.524606075808611,0.4367181328091867,0.6124940188080352
1691,0.5260945594008187,0.43814124727847537,0.6140478715231621
1692,0.5275762301507756,0.4395573404202864,0.6155951198812648
1693,0.5290511872474095,0.4409665096998758,0.6171358647949433
1694,0.530519530632173,0.44236885491692424,0.6186702063474219
1695,0.5319813602954033,0.4437644799008354,0.6201982406899712
1696,0.5334367779223346,0.4451534881478515,0.6217200676968176
1697,0.5348858878356768,0.4465359803125586,0.623235795358795
1698,0.5363287969610485,0.44791205408230905,0.624745539839788
1699,0.5377656129213023,0.4492818100107331,0.6262494158318715
1700,0.5391964433392997,0.45064535376504394,0.6277475329135555
1701,0.54062139583796,0.4520027962746513,0.6292399954012687
1702,0.5420405780401563,0.4533542538374222,0.6307269022428903
1703,0.5434540975687572,0.45469984818427844,0.6322083469532359
1704,0.5448620620466668,0.45603970650217635,0.6336844175911571
1705,0.546264579276817,0.4573739603860763,0.6351551981675578
1706,0.5476617584364618,0.4587027389698027,0.636620777903121
1707,0.549053709336305,0.46002617315857175,0.6380812455140383
1708,0.5504405417904109,0.46134439922052994,0.6395366843602919
1709,0.5518223658427382,0.46265755649792417,0.6409871751875523
1710,0.5531992924676262,0.46396578040889985,0.6424328045263525
1711,0.5545714332909571,0.4652692034992584,0.6438736630826559
1712,0.5559389004864481,0.4665679559327147,0.6453098450401815
1713,0.5573018062643881,0.46786217254782214,0.646741439980954
1714,0.5586602628376446,0.4691519929665883,0.6481685327087009
1715,0.56001438246741,0.47043755425672795,0.649591210678092
1716,0.5613642774585383,0.471718991616371,0.6510095633007057
1717,0.5627100601174353,0.4729964450400426,0.652423675194828
1718,0.5640518427504745,0.4742700595443037,0.6538336259566453
1719,0.5653897376640595,0.4755399851070736,0.6552394902210454
1720,0.5667238571645858,0.4768063765681211,0.6566413377610506
1721,0.5680543135584434,0.4780693934910792,0.6580392336258076
1722,0.5693812191520405,0.4793291999872621,0.659433238316819
1723,0.5707046862517511,0.4805859645014522,0.66082340800205
1724,0.5720248267575124,0.48183985638983745,0.6622097971251875
1725,0.5733417509434154,0.4830910360803655,0.6635924658064654
1726,0.5746555681751676,0.48433966094239,0.6649714754079452
1727,0.5759663858108621,0.48558587824960225,0.666346893372122
1728,0.5772743107066981,0.486829834865546,0.6677187865478502
1729,0.5785794497188685,0.4880716804062661,0.669087219031471
1730,0.5798819096976745,0.4893115670468686,0.6704522523484804
1731,0.5811817962402456,0.490549643154556,0.6718139493259352
1732,0.5824792118185071,0.4917860438701219,0.6731723797668924
1733,0.5837742555615965,0.4930208906547111,0.6745276204684818
1734,0.5850670242054199,0.49425429592491466,0.6758797524859251
1735,0.586357610862903,0.4954863582241606,0.6772288635016452
1736,0.5876461076599325,0.49671717355055234,0.6785750417693127
1737,0.5889326067223352,0.497946839683307,0.6799183737613633
1738,0.5902172001759965,0.4991754562554459,0.6812589440965472
1739,0.5914999801467765,0.5004031247969672,0.6825968354965858
1740,0.5927810375473137,0.5016299444753126,0.6839321306193148
1741,0.594060458437485,0.5028559992614497,0.6852649176135203
1742,0.5953383276639751,0.5040813707832461,0.6865952845447041
1743,0.5966147287042424,0.5053061382254771,0.6879233191830076
1744,0.5978897395589683,0.5065303650384089,0.6892491140795277
1745,0.5991634354304769,0.5077541079971548,0.690572762863799
1746,0.6004358856303244,0.5089774079922025,0.6918943632684462
1747,0.6017071579525316,0.5102003038367892,0.693214012068274
1748,0.6029773201911138,0.5114228372293586,0.6945318031528691
1749,0.6042464401400861,0.5126450529776234,0.6958478273025488
1750,0.6055145855934803,0.5138669991901822,0.6971621719967783
1751,0.6067818243452832,0.5150887274356295,0.6984749212549368
1752,0.6080482241895488,0.5163102928695465,0.6997861555095511
1753,0.6093138529202837,0.5175317543291523,0.7010959515114151
1754,0.6105787783314847,0.5187531743959887,0.7024043822669807
1755,0.6118430682171717,0.5199746194267104,0.703711517007633
1756,0.6131067903713842,0.5211961595519522,0.7050174211908161
1757,0.6143700125881327,0.5224178686434452,0.7063221565328203
1758,0.6156328026614215,0.5236398242495245,0.7076257810733185
1759,0.6168952283852884,0.5248621074991557,0.7089283492714211
1760,0.6181573572952509,0.5260848023545617,0.7102299122359401
1761,0.6194192484766732,0.5273079758574156,0.7115305210959307
1762,0.62068094575088,0.5285316618497446,0.7128302296520153
1763,0.6219424904314298,0.529755891547162,0.7141290893156976
1764,0.6232039238318281,0.530980699564921,0.7154271480987352
1765,0.6244652872656262,0.5322061239262136,0.7167244506050389
1766,0.625726622046353,0.5334322060389647,0.7180210380537413
1767,0.6269879686873525,0.5346589888467236,0.7193169485279814
1768,0.6282493591454168,0.5358864993708703,0.7206122189199633
1769,0.6295108201916135,0.5371147562733095,0.7219068841099175
1770,0.6307723785244539,0.5383437813240752,0.7232009757248326
1771,0.6320340595418115,0.539573596688725,0.724494522394898
1772,0.633295879029347,0.5408042067516238,0.7257875513070703
1773,0.6345578484643974,0.542035609707955,0.7270800872208399
1774,0.6358199793040591,0.5432678069320358,0.7283721516760824
1775,0.6370822809674159,0.5445007986400519,0.72966376329478
1776,0.6383447525016577,0.545734566040507,0.7309549389628084
1777,0.6396073896625046,0.5469690865090293,0.73224569281598
1778,0.640870185548992,0.5482043350263323,0.7335360360716517
1779,0.6421331226388668,0.5494402673336589,0.7348259779440747
1780,0.6433961807545181,0.5506768368704817,0.7361155246385545
1781,0.6446593397183857,0.5519140004616505,0.737404678975121
1782,0.6459225793528693,0.553151718349709,0.7386934403560297
1783,0.6471858794803816,0.5543899541952848,0.7399818047654785
1784,0.6484492199233379,0.5556286750453581,0.7412697648013178
1785,0.6497125805041464,0.5568678512695409,0.7425573097387519
1786,0.6509759386126656,0.5581074513430687,0.7438444258822624
1787,0.6522392609917793,0.5593474244398736,0.745131097543685
1788,0.6535025114721937,0.5605877166472948,0.7464173062970927
1789,0.654765651253262,0.5618282714714503,0.7477030310350737
1790,0.6560286310091831,0.5630690130517082,0.7489882489666579
1791,0.6572913982237462,0.5643098616683042,0.7502729347791881
1792,0.6585538920154934,0.5655507226481165,0.7515570613828704
1793,0.6598160450633073,0.5667914905072964,0.7528405996193182
1794,0.661077789880454,0.5680320624264098,0.7541235173344981
1795,0.662339056482655,0.5692723332320448,0.7554057797332652
1796,0.6635997648956,0.5705121791487802,0.7566873506424199
1797,0.6648598326474802,0.5717514741910922,0.7579681911038681
1798,0.6661191772664374,0.5729900957086372,0.7592482588242376
1799,0.6673777162806803,0.5742279244723629,0.7605275080889977
1800,0.6686353672183727,0.5754648447297804,0.761805889706965
1801,0.6698920476076672,0.5767007442298271,0.7630833509855073
1802,0.6711476749767687,0.5779355142171583,0.7643598357363792
1803,0.6724021668538405,0.5791690493957218,0.7656352843119592
1804,0.6736554407670559,0.5804012478618917,0.76690963367222
1805,0.6749074142445963,0.5816320110070772,0.7681828174821155
1806,0.6761580048146282,0.5828612433897121,0.7694547662395442
1807,0.677407128029988,0.5840888477241516,0.7707254083358245
1808,0.6786546915421751,0.5853147101847267,0.7719946728996234
1809,0.6799006010273743,0.5865387149063535,0.7732624871483951
1810,0.6811447621617601,0.5877607487540195,0.7745287755695007
1811,0.682387078890754,0.5889806966435414,0.7757934611379667
1812,0.6836274482370265,0.5901984277803595,0.7770564686936935
1813,0.684865765492485,0.5914138093713059,0.7783177216136641
1814,0.6861019259490496,0.5926267111577571,0.7795771407403421
1815,0.6873358248986282,0.5938370053483955,0.780834644448861
1816,0.6885673576331754,0.5950445665238924,0.7820901487424585
1817,0.6897964181396732,0.5962492674816671,0.7833435687976793
1818,0.6910228951853896,0.597450967095039,0.7845948232757403
1819,0.6922466762326926,0.5986495224874087,0.7858438299779766
1820,0.6934676476753696,0.5998447893133282,0.787090506037411
1821,0.6946856916327693,0.6010366106312229,0.7883347726343156
1822,0.6959006891557452,0.6022248282690195,0.789576550042471
1823,0.6971125212950776,0.6034092866073544,0.7908157559828008
1824,0.6983210691015961,0.6045898325857153,0.7920523056174769
1825,0.699526213626082,0.6057663156791943,0.7932861115729698
1826,0.7007278359193639,0.606938587846438,0.7945170839922899
1827,0.7019258170322403,0.6081065034483488,0.7957451306161318
1828,0.7031200376365578,0.6092699163270451,0.7969701589460706
1829,0.7043103768882697,0.6104286713839536,0.7981920823925858
1830,0.7054967135644015,0.6115826131757682,0.7994108139530347
1831,0.7066789264124568,0.6127315877898833,0.8006262650350302
1832,0.7078568938473233,0.6138754311325383,0.8018383565621083
1833,0.7090304940127491,0.6150139682942916,0.8030470197312066
1834,0.7101996050353542,0.6161470264001289,0.8042521836705795
1835,0.7113641050417895,0.6172744359970973,0.8054537740864817
1836,0.7125238721586847,0.6183960311384716,0.8066517131788978
1837,0.7136787845608769,0.6195116492776117,0.807845919844142
1838,0.7148287226006307,0.620621124651946,0.8090363205493154
1839,0.7159735702709386,0.621724284289921,0.8102228562519561
1840,0.7171132119796036,0.6228209584440986,0.8114054655151087
1841,0.7182475321345022,0.6239109820269804,0.812584082242024
1842,0.7193764151434688,0.624994194728326,0.8137586355586117
1843,0.7204997454143311,0.6260704410913922,0.8149290497372701
1844,0.7216174084629814,0.627139569643299,0.8160952472826638
1845,0.7227292942373896,0.6282014302708907,0.8172571582038886
1846,0.7238352937935805,0.6292558771065002,0.8184147104806607
1847,0.7249352981875999,0.63030276947333,0.8195678269018699
1848,0.7260291984754521,0.631341971864524,0.8207164250863802
1849,0.7271168858233251,0.632373353853693,0.8218604177929573
1850,0.728198255437409,0.6333967890898513,0.8229997217849667
1851,0.7292732076357953,0.634412154989238,0.8241342602823526
1852,0.7303416465531483,0.635419333436043,0.8252639596702536
1853,0.7314034906957891,0.636418209726875,0.8263887716647033
1854,0.7324586622740424,0.6374086736038491,0.8275086509442358
1855,0.7335070834982405,0.6383906196127175,0.8286235473837634
1856,0.7345486765786852,0.6393639470598484,0.8297334060975219
1857,0.7355833658971603,0.6403285600748329,0.8308381717194878
1858,0.7366110846464088,0.6412843679195621,0.8319378013732555
1859,0.7376317736850901,0.6422312849171485,0.8330322624530317
1860,0.7386453813957353,0.6431692303474882,0.8341215324439825
1861,0.7396518567045559,0.6440981276390954,0.8352055857700165
1862,0.7406511485377941,0.6450179042382902,0.836284392837298
1863,0.7416432058216479,0.6459284914947138,0.837357920148582
1864,0.7426279774823435,0.646829824506206,0.8384261304584811
1865,0.7436054138576711,0.6477218421607,0.8394889855546422
1866,0.7445754753892574,0.6486044883130881,0.8405464624654266
1867,0.7455381269246034,0.649477710471684,0.8415985433775228
1868,0.7464933370108442,0.6503414594808599,0.8426452145408285
1869,0.7474410851338631,0.651195690491372,0.8436864797763541
1870,0.7483813528019139,0.6520403611029932,0.8447223445008345
1871,0.7493141215233061,0.652875430842088,0.8457528122045243
1872,0.7502393728063312,0.653700860976419,0.8467778846362435
1873,0.751157088285539,0.6545166143182227,0.8477975622528552
1874,0.7520672563380012,0.6553226560897568,0.8488118565862456
1875,0.7529698753375453,0.6561189541226693,0.8498207965524214
1876,0.7538649444770832,0.6569054770302276,0.8508244119239388
1877,0.7547524674593195,0.6576821945939186,0.8518227403247203
1878,0.7556324595806063,0.6584490786440079,0.8528158405172047
1879,0.7565049379747008,0.6592061013112819,0.8538037746381196
1880,0.7573699197753242,0.6599532346217002,0.8547866049289482
1881,0.7582274221161811,0.6606904503656827,0.8557643938666795
1882,0.7590774651194137,0.6614177203492532,0.8567372098895741
1883,0.7599200808606588,0.6621350174598855,0.8577051442614321
1884,0.7607553044039689,0.6628423143564061,0.8586682944515317
1885,0.7615831737750824,0.6635395833636756,0.8596267641864893
1886,0.762403743612584,0.6642267980991328,0.8605806891260352
1887,0.7632170834088128,0.664903933406157,0.8615302334114685
1888,0.7640232739906105,0.6655709651573254,0.8624755828238957
1889,0.7648224027817143,0.6662278701366858,0.8634169354267428
1890,0.7656145573294589,0.6668746257132937,0.8643544889456242
1891,0.766399825181126,0.6675112101467156,0.8652884402155365
1892,0.7671782938840386,0.6681376028740468,0.8662189848940304
1893,0.7679500509855337,0.668753784765125,0.8671463172059424
1894,0.7687151840329006,0.6693597383461966,0.8680706297196047
1895,0.7694737805734577,0.6699554479922201,0.8689921131546954
1896,0.770225928154507,0.6705409000877386,0.8699109562212753
1897,0.7709717143233747,0.6711160831567144,0.870827345490035
1898,0.771711226627382,0.6716809879612662,0.8717414652934978
1899,0.7724445526138153,0.6722356075697098,0.8726534976579208
1900,0.7731717798300005,0.6727799373940673,0.8735636222659338
1901,0.7738929958930499,0.673313975196126,0.8744720165899739
1902,0.7746082930384722,0.6738377210439866,0.8753788650329578
1903,0.7753177709205349,0.6743511775564732,0.8762843642845966
1904,0.7760215298630054,0.6748543502213288,0.8771887095046821
1905,0.7767196710035156,0.6753472473678868,0.8780920946391444
1906,0.7774123023319095,0.6758298798095731,0.8789947248542459
1907,0.7780995352704256,0.6763022614798784,0.8798968090609729
1908,0.7787814812669079,0.6767644098265033,0.8807985527073126
1909,0.7794582517692207,0.6772163458197097,0.8817001577187317
1910,0.780129958307513,0.6776580938990867,0.8826018227159392
1911,0.7807967158088928,0.67808968103072,0.8835037505870655
1912,0.7814586449891663,0.6785111361638255,0.884406153814507
1913,0.782115871912364,0.6789224903478872,0.8853092534768408
1914,0.7827685246987612,0.6793237780325105,0.8862132713650119
1915,0.7834167356550252,0.6797150358399223,0.8871184354701281
1916,0.7840606393279906,0.6800963036704577,0.8880249749855236
1917,0.7847003737533681,0.6804676235322705,0.8889331239744657
1918,0.7853360778387569,0.6808290418695584,0.8898431138079554
1919,0.7859678904918134,0.6811806102753049,0.8907551707083219
1920,0.7865959506204079,0.6815223854254976,0.8916695158153182
1921,0.7872203976067009,0.6818544276217908,0.892586367591611
1922,0.7878413725947735,0.6821767966761106,0.8935059485134363
1923,0.7884590180911438,0.6824895518860837,0.8944284842962039
1924,0.7890734768692919,0.6827927563422042,0.8953541973963796
1925,0.7896848916758907,0.6830864754140321,0.8962833079377494
1926,0.7902934051733727,0.6833707736727366,0.8972160366740087
1927,0.7908991594561047,0.6836457148542912,0.8981526040579182
1928,0.7915022961127972,0.6839113628213936,0.8990932294042008
1929,0.7921029567141245,0.6841677855264494,0.9000381279017995
1930,0.7927012828307141,0.6844150549368784,0.9009875107245497
1931,0.7932974159320965,0.684653246450969,0.9019415854132239
1932,0.793891495459367,0.6848824326332515,0.9029005582854824
1933,0.7944836589778497,0.6851026832969761,0.9038646346587232
1934,0.795074043982427,0.6853140707198772,0.9048340172449768
1935,0.7956627879679473,0.6855166695142791,0.9058089064216155
1936,0.7962500284292436,0.6857105562439159,0.9067895006145714
1937,0.7968359020744743,0.6858958072316934,0.9077759969172552
1938,0.7974205409458864,0.6860724893191514,0.9087685925726214
1939,0.7980040737265108,0.6862406624680083,0.9097674849850134
1940,0.7985866223238194,0.6864003722428135,0.9107728724048253
1941,0.7991683018401107,0.6865516494877892,0.9117849541924321
1942,0.7997492241525624,0.6866945176291447,0.9128039306759802
1943,0.8003294919261781,0.6868289805803292,0.913830003272027
1944,0.8009092002944118,0.686955025917004,0.9148633746718197
1945,0.8014884436127603,0.6870726381664084,0.9159042490591122
1946,0.8020673162367814,0.687181800336605,0.9169528321369578
1947,0.8026459125220182,0.6872824938989499,0.9180093311450865
1948,0.8032243261936697,0.6873746975968953,0.9190739547904441
1949,0.8038026410905568,0.6874583704108624,0.9201469117702511
1950,0.8043809289001318,0.68753344748254,0.9212284103177236
1951,0.80495925996265,0.6875998601114386,0.9223186598138615
1952,0.8055377040207378,0.6876575373870117,0.9234178706544638
1953,0.8061163234304882,0.687706394428498,0.9245262524324784
1954,0.8066951755663304,0.6877463369945847,0.9256440141380762
1955,0.8072743177092376,0.6877772704873835,0.9267713649310918
1956,0.8078538071402608,0.6877991004457651,0.9279085138347565
1957,0.8084337011404303,0.6878117328574715,0.9290556694233891
1958,0.8090140569907492,0.6878150744555673,0.9302130395259312
1959,0.809594931972297,0.6878090329992986,0.9313808309452954
1960,0.8101763833330778,0.6877935174847962,0.9325592491813595
1961,0.8107584639055183,0.6877684312388221,0.9337484965722145
1962,0.8113412177068726,0.687733665222392,0.9349487701913533
1963,0.8119246877073938,0.6876891112928082,0.9361602641219794
1964,0.8125089144821346,0.6876346604846626,0.9373831684796066
1965,0.8130939290255383,0.687570192170085,0.9386176658809917
1966,0.813679759936809,0.6874955861863221,0.9398639336872958
1967,0.8142664334461646,0.6874107234616089,0.9411221434307202
1968,0.8148539663080029,0.6873154757344216,0.9423924568815841
1969,0.8154423729077076,0.6872097173140608,0.9436750285013544
1970,0.816031667630667,0.687093329240262,0.9449700060210721
1971,0.8166218648622579,0.686966199718241,0.9462775300062747
1972,0.8172129789878845,0.6868282245214495,0.9475977334543194
1973,0.817805024327693,0.6866793072678661,0.9489307413875199
1974,0.8183980105387587,0.6865193531973308,0.9502766678801866
1975,0.8189919395840012,0.6863482655261538,0.9516356136418486
1976,0.8195868127068113,0.6861659560844507,0.9530076693291719
1977,0.8201826311505878,0.6859723466902556,0.9543929156109199
1978,0.8207793961587079,0.6857673694400884,0.9557914228773273
1979,0.8213771089745701,0.6855509669634303,0.9572032509857098
1980,0.8219757708415638,0.6853230926416612,0.9586284490414664
1981,0.8225753830030589,0.6850837107924443,0.9600670552136734
1982,0.8231759467024119,0.6848327968206042,0.9615190965842196
1983,0.8237774613402353,0.6845703348515197,0.9629845878289509
1984,0.824379919580162,0.6842963113700443,0.9644635277902797
1985,0.8249833125464807,0.6840107225557019,0.9659559025372595
1986,0.8255876312426413,0.6837135762901615,0.9674616861951212
1987,0.8261928629165014,0.6834048871997447,0.9689808386332581
1988,0.8267989904234003,0.6830846759115906,0.97051330493521
1989,0.8274059962134054,0.6827529746048171,0.9720590178219937
1990,0.8280138593132333,0.6824098225417492,0.9736178960847175
1991,0.828622555414355,0.6820552661485124,0.9751898446801976
1992,0.8292320600700317,0.6816893636365673,0.9767747565034961
1993,0.8298423479790101,0.6813121836244989,0.9783725123335214
1994,0.8304533904224366,0.6809238004550561,0.9799829803898171
1995,0.8310651578269722,0.6805242983728685,0.9816060172810759
1996,0.831677620061209,0.680113771500188,0.98324146862223
1997,0.8322907447613412,0.6796923194535116,0.9848891700691709
1998,0.83290449897269,0.679260050741185,0.9865489472041951
1999,0.8335188488897125,0.6788170802621982,0.9882206175172268
2000,0.8341337592881851,0.6783635249677884,0.9899039936085818
2001,0.8347491943552673,0.6778995064437171,0.9915988822668175
2002,0.8353651182543074,0.677425154032359,0.9933050824762557
2003,0.8359814951486354,0.676940604776447,0.9950223855208238
2004,0.8365982892016227,0.6764460032036916,0.9967505751995538
2005,0.8372154645766177,0.6759415011018013,0.998489428051434
2006,0.8378329854369237,0.6754272572850755,1.000238713588772
2007,0.8384508159459576,0.6749034373536764,1.0019981945382388
2008,0.8390689204130679,0.6743702132114946,1.0037676276146412
2009,0.8396872657206164,0.673827758656423,1.0055467727848098
2010,0.8403058219695132,0.6732762472978081,1.0073353966412184
